[
    {
        "name": "↫✰ ❲  ڪبيࢪكم سيمو وهࢪاني 🥺🫎🪇❳ ➠",
        "id": {
            "100089616943324": "دودوڜةٰ📃🩵🐰",
            "61572207235154": "O.Xꜝꜝ ヤ 〘 ᏁᎨ ᏉᎯᎠᎯ 〙 く愛ꜝ",
            "61572984185009": "[ / ] • oussama tipazi",
            "61573080764521": "ٱيــــووش 2 😽🩷",
            "61573202745656": "غاࢪوش🕊🫦",
            "61573449763814": "نـــــــٌآࢪوُ 💗😻",
            "61573524852740": "ٱيـــــووش 🧛🏻‍♀️🫦",
            "61573799008249": "شيڪورڪم اسامة تيبازي هوטּ🪻😹💋💘",
            "61573812531548": "دودوڜ🩵📃",
            "61573930222093": "مــيثوش زلوش 🙍🏻🎀🩴"
        }
    }
]