[
    {
        "name": "انا ماميدو جيجلي نشم زب ادم لعباسي ولله😿💋",
        "id": {
            "100005004826848": "انا زينو سوقهراسي نشم زب ادم لعباسي 🥺💋🤕",
            "100010967862182": "نسـرين 🧞‍♂️🎀",
            "100026326604118": "انا زينو سوقهراسي نشم زب ادم لعباسي 🥺💋🤕",
            "100032107203325": "انا زينو سوقهراسي نشم زب ادم لعباسي 🥺💋🤕",
            "100053617780976": "انا زينو سوقهراسي نشم زب ادم لعباسي 🥺💋🤕",
            "100055447481674": "انا زينو سوقهراسي نشم زب ادم لعباسي 🥺💋🤕",
            "100059765183571": "ᏫᎮ• ࿐🅳3🅼🅾🅽ˣᵀᴼᴾ⌬",
            "100069050216607": "انا زينو سوقهراسي نشم زب ادم لعباسي 🥺💋🤕",
            "100076799187340": "انا زينو سوقهراسي نشم زب ادم لعباسي 🥺💋🤕",
            "100081139415840": "انا زينو سوقهراسي نشم زب ادم لعباسي 🥺💋🤕",
            "100081568377883": "انا زينو سوقهراسي نشم زب ادم لعباسي 🥺💋🤕",
            "100082226418450": "انا زينو سوقهراسي نشم زب ادم لعباسي 🥺💋🤕",
            "100083942523000": "انا زينو سوقهراسي نشم زب ادم لعباسي 🥺💋🤕",
            "100084765887234": "انا زينو سوقهراسي نشم زب ادم لعباسي 🥺💋🤕",
            "100088101583247": "انا زينو سوقهراسي نشم زب ادم لعباسي 🥺💋🤕",
            "100089643445546": "انا زينو سوقهراسي نشم زب ادم لعباسي 🥺💋🤕",
            "100089937960429": "انا زينو سوقهراسي نشم زب ادم لعباسي 🥺💋🤕",
            "100091965332017": "انا زينو سوقهراسي نشم زب ادم لعباسي 🥺💋🤕",
            "100092029653844": "انا زينو سوقهراسي نشم زب ادم لعباسي 🥺💋🤕",
            "100092272505307": "انا زينو سوقهراسي نشم زب ادم لعباسي 🥺💋🤕",
            "100093589458899": "انا زينو سوقهراسي نشم زب ادم لعباسي 🥺💋🤕",
            "100094760956934": "انا زينو سوقهراسي نشم زب ادم لعباسي 🥺💋🤕",
            "61550542222313": "انا زينو سوقهراسي نشم زب ادم لعباسي 🥺💋🤕",
            "61551614343425": "انا زينو سوقهراسي نشم زب ادم لعباسي 🥺💋🤕",
            "61551839597905": "انا زينو سوقهراسي نشم زب ادم لعباسي 🥺💋🤕",
            "61552418886902": "انا زينو سوقهراسي نشم زب ادم لعباسي 🥺💋🤕",
            "61552457107550": "انا زينو سوقهراسي نشم زب ادم لعباسي 🥺💋🤕",
            "61552558204562": "انا زينو سوقهراسي نشم زب ادم لعباسي 🥺💋🤕",
            "61552610636658": "انا زينو سوقهراسي نشم زب ادم لعباسي 🥺💋🤕",
            "61552611203388": "انا زينو سوقهراسي نشم زب ادم لعباسي 🥺💋🤕",
            "61553109298122": "انا زينو سوقهراسي نشم زب ادم لعباسي 🥺💋🤕",
            "61553745827597": "انا زينو سوقهراسي نشم زب ادم لعباسي 🥺💋🤕",
            "61554423142540": "انا زينو سوقهراسي نشم زب ادم لعباسي 🥺💋🤕",
            "61554650875353": "انا زينو سوقهراسي نشم زب ادم لعباسي 🥺💋🤕",
            "61554942236210": "انا زينو سوقهراسي نشم زب ادم لعباسي 🥺💋🤕",
            "61555328752077": "انا زينو سوقهراسي نشم زب ادم لعباسي 🥺💋🤕",
            "61555671868915": "انا زينو سوقهراسي نشم زب ادم لعباسي 🥺💋🤕",
            "61555701165670": "انا زينو سوقهراسي نشم زب ادم لعباسي 🥺💋🤕",
            "61558405778264": "انا زينو سوقهراسي نشم زب ادم لعباسي 🥺💋🤕",
            "61558451866612": "انا زينو سوقهراسي نشم زب ادم لعباسي 🥺💋🤕",
            "61558490186540": "ايـــة جلفويـــة🥞🧸",
            "61558704265955": "انا زينو سوقهراسي نشم زب ادم لعباسي 🥺💋🤕",
            "61558728745450": "انا زينو سوقهراسي نشم زب ادم لعباسي 🥺💋🤕",
            "61558755519186": "انا زينو سوقهراسي نشم زب ادم لعباسي 🥺💋🤕",
            "61559165895717": "انا زينو سوقهراسي نشم زب ادم لعباسي 🥺💋🤕",
            "61559882429440": "انا زينو سوقهراسي نشم زب ادم لعباسي 🥺💋🤕",
            "61560292741784": "انا زينو سوقهراسي نشم زب ادم لعباسي 🥺💋🤕",
            "61560794793394": "انا زينو سوقهراسي نشم زب ادم لعباسي 🥺💋🤕",
            "61560826600192": "انا زينو سوقهراسي نشم زب ادم لعباسي 🥺💋🤕",
            "61560856903243": "انا زينو سوقهراسي نشم زب ادم لعباسي 🥺💋🤕",
            "61560935585584": "انا زينو سوقهراسي نشم زب ادم لعباسي 🥺💋🤕",
            "61561299267160": "انا زينو سوقهراسي نشم زب ادم لعباسي 🥺💋🤕",
            "61561408126016": "انا زينو سوقهراسي نشم زب ادم لعباسي 🥺💋🤕",
            "61561486959285": "انا زينو سوقهراسي نشم زب ادم لعباسي 🥺💋🤕",
            "61561580818789": "انا زينو سوقهراسي نشم زب ادم لعباسي 🥺💋🤕",
            "61561683399083": "انا زينو سوقهراسي نشم زب ادم لعباسي 🥺💋🤕",
            "61561766321031": "انا زينو سوقهراسي نشم زب ادم لعباسي 🥺💋🤕",
            "61561933470286": "انا زينو سوقهراسي نشم زب ادم لعباسي 🥺💋🤕",
            "61562025116623": "انا زينو سوقهراسي نشم زب ادم لعباسي 🥺💋🤕",
            "61562202147441": "انا زينو سوقهراسي نشم زب ادم لعباسي 🥺💋🤕",
            "61562583950258": "انا زينو سوقهراسي نشم زب ادم لعباسي 🥺💋🤕",
            "61562782287561": "انا زينو سوقهراسي نشم زب ادم لعباسي 🥺💋🤕",
            "61562798606489": "انا زينو سوقهراسي نشم زب ادم لعباسي 🥺💋🤕",
            "61562883505498": "انا زينو سوقهراسي نشم زب ادم لعباسي 🥺💋🤕",
            "61562894211614": "انا زينو سوقهراسي نشم زب ادم لعباسي 🥺💋🤕",
            "61569575141717": "انا فاااࢪس ڪوشي نعشق زب عبدو سعيدي برڪ.. 🥺",
            "61570317986116": "انا زينو سوقهراسي نشم زب ادم لعباسي 🥺💋🤕",
            "61570412870654": "انا زينو سوقهراسي نشم زب ادم لعباسي 🥺💋🤕",
            "61570468032444": "انا زينو سوقهراسي نشم زب ادم لعباسي 🥺💋🤕",
            "61572517573662": "انا زينو سوقهراسي نشم زب ادم لعباسي 🥺💋🤕",
            "61572538873990": "انا زينو سوقهراسي نشم زب ادم لعباسي 🥺💋🤕",
            "61572549217928": "انا زينو سوقهراسي نشم زب ادم لعباسي 🥺💋🤕",
            "61572590847245": "انا زينو سوقهراسي نشم زب ادم لعباسي 🥺💋🤕",
            "61572801994100": "انا فاااࢪس ڪوشي نعشق زب عبدو سعيدي برڪ.. 🥺",
            "61572803653746": "انا زينو سوقهراسي نشم زب ادم لعباسي 🥺💋🤕",
            "61572820475150": "انا زينو سوقهراسي نشم زب ادم لعباسي 🥺💋🤕",
            "61572865056245": "انا زينو سوقهراسي نشم زب ادم لعباسي 🥺💋🤕",
            "61572898182951": "انا زينو سوقهراسي نشم زب ادم لعباسي 🥺💋🤕",
            "61572925285034": "انا زينو سوقهراسي نشم زب ادم لعباسي 🥺💋🤕",
            "61572972803964": "انا زينو سوقهراسي نشم زب ادم لعباسي 🥺💋🤕",
            "61572984185009": "bot oussama",
            "61572989436317": "انا زينو سوقهراسي نشم زب ادم لعباسي 🥺💋🤕",
            "61573000986070": "انا زينو سوقهراسي نشم زب ادم لعباسي 🥺💋🤕",
            "61573007355113": "انا زينو سوقهراسي نشم زب ادم لعباسي 🥺💋🤕",
            "61573059051079": "انا زينو سوقهراسي نشم زب ادم لعباسي 🥺💋🤕",
            "61573066814572": "انا زينو سوقهراسي نشم زب ادم لعباسي 🥺💋🤕",
            "61573102081752": "انا زينو سوقهراسي نشم زب ادم لعباسي 🥺💋🤕",
            "61573118220844": "انا زينو سوقهراسي نشم زب ادم لعباسي 🥺💋🤕",
            "61573198622022": "انا زينو سوقهراسي نشم زب ادم لعباسي 🥺💋🤕",
            "61573202892716": "| öussama くみ",
            "61573301543366": "انا زينو سوقهراسي نشم زب ادم لعباسي 🥺💋🤕",
            "61573373335565": "انا زينو سوقهراسي نشم زب ادم لعباسي 🥺💋🤕",
            "61573376287374": "انا زينو سوقهراسي نشم زب ادم لعباسي 🥺💋🤕",
            "61573381923665": "انا زينو سوقهراسي نشم زب ادم لعباسي 🥺💋🤕",
            "61573394683669": "[ / ] • ادم لعباسي خخ",
            "61573549014752": "انا زينو سوقهراسي نشم زب ادم لعباسي 🥺💋🤕",
            "61573558680778": "انا زينو سوقهراسي نشم زب ادم لعباسي 🥺💋🤕",
            "61573596212054": "انا زينو سوقهراسي نشم زب ادم لعباسي 🥺💋🤕",
            "61573799008249": "شيڪورڪم اسامة تيبازي هوטּ🪻😹💋💘"
        }
    }
]