[
    {
        "name": "معاكم موح وهراني ناكني وحشكم ادم لعباسي تهلاو😿💋",
        "id": {
            "100000973480501": "🦅【_حمزة_وهࢪانــــي_】🚸",
            "100003058455776": "اناا ادم طارفي نشم زب سيدو وهراني 🥺😹💋✨",
            "100004242434996": "اناا ادم طارفي نشم زب سيدو وهراني 🥺😹💋✨",
            "100006009346617": "حمزة وهرانــــــي....🦅🤎",
            "100055862750466": "✨",
            "100071510693771": "انا صائم 🙂",
            "100079128408791": "Jawad N. Gémànııa.",
            "100084925171207": "اناا ادم طارفي نشم زب سيدو وهراني 🥺😹💋✨",
            "61554826590173": "انيس تلمساني 🫦",
            "61565432474464": "✨",
            "61568591326219": "ࢪياااض مستغانمي",
            "61570350991394": "🫀🫀",
            "61572427671330": "اناا ادم طارفي نشم زب سيدو وهراني 🥺😹💋✨",
            "61572510793263": "نسيم...♡♕",
            "61572984185009": "[ / ] • oussama tipazi",
            "61573042507607": "اناا ادم طارفي نشم زب سيدو وهراني 🥺😹💋✨",
            "61573146960067": "زيـــــنب مستغانـــــــنية🐰🎀",
            "61573379588044": "تمت الزالت حتشون يماك من المجموعة بواسطة....",
            "61573447322288": "تمت اضافتك بدور مسؤول بواسطة روح ارقد😻🎀✨",
            "61573467578942": "نيهاد مستغانمية🥹💋🎀",
            "61573490412722": "o",
            "61573492568665": "فارس تلمساني 🙎🏻‍♂️🫶🏻",
            "61573572154608": "سيمو بسكري 💋🔥",
            "61573583242023": "اناا ادم طارفي نشم زب سيدو وهراني 🥺😹💋✨",
            "61573603118056": "سيفو سطيفي❗😆",
            "61573625319794": "بشيࢪ_جلفاوي_טּڪمك😻💋",
            "61573647969842": "[ / ] • oussama tipazi",
            "61573700403763": "اناا ادم طارفي نشم زب سيدو وهراني 🥺😹💋✨",
            "61573748466935": "[ / ] • ادم لعباسي خخ",
            "61573930222093": "اناا ادم طارفي نشم زب سيدو وهراني 🥺😹💋✨"
        }
    }
]