[
    {
        "name": null,
        "id": {
            "100000974418656": "انا ادم عباسي ناڪتلي يما ياسمين تلمسٱنيةة 🔥💋",
            "100001551462811": "انا ادم عباسي ناڪتلي يما ياسمين تلمسٱنيةة 🔥💋",
            "100002820237483": "انا ادم عباسي ناڪتلي يما ياسمين تلمسٱنيةة 🔥💋",
            "100003158642091": "انا ادم عباسي ناڪتلي يما ياسمين تلمسٱنيةة 🔥💋",
            "100004582932257": "ا",
            "100015842011625": "انا ادم عباسي ناڪتلي يما ياسمين تلمسٱنيةة 🔥💋",
            "100017949962446": "✅",
            "100024934951310": "جااڰ محسن لبويري ڰمڰ 😆😾‼️",
            "100039007144449": "خخخ طيرولي كلافي مدة 7ايام نيك مو",
            "100048592187308": "انا ادم عباسي ناڪتلي يما ياسمين تلمسٱنيةة 🔥💋",
            "100055440612168": "انا عبدو بليدي نعبدا زب سيمو بسكري ☆★",
            "100076089494714": "ينعطيزم ياسمين تلمسانية بنت قحبة",
            "100077962812004": "انا ادم عباسي ناڪتلي يما ياسمين تلمسٱنيةة 🔥💋",
            "100084845139370": "انا عبدو بليدي نعبدا زب سيمو بسكري ☆★",
            "100086057536088": "انا عبدو بليدي نعبدا زب سيمو بسكري ☆★",
            "100087234494092": "خختفوووه فسسسوتعمك",
            "100088386753234": "انا عبدو بليدي نعبدا زب سيمو بسكري ☆★",
            "100091971126629": "..",
            "100092029653844": "انا ادم عباسي ناڪتلي يما ياسمين تلمسٱنيةة 🔥💋",
            "100092265180435": "انا عبدو بليدي نعبدا زب سيمو بسكري ☆★",
            "100092846528742": "انا عبدو بليدي نعبدا زب سيمو بسكري ☆★",
            "100093770172446": "انا ادم عباسي ناڪتلي يما ياسمين تلمسٱنيةة 🔥💋",
            "100095089585297": "انا ادم عباسي ناڪتلي يما ياسمين تلمسٱنيةة 🔥💋",
            "61552077541450": "انا عبدو بليدي نعبدا زب سيمو بسكري ☆★",
            "61553095915384": "🙂👀مرط موح (قالمي )🙂🩸",
            "61555865938688": "انا ادم عباسي ناڪتلي يما ياسمين تلمسٱنيةة 🔥💋",
            "61557625957424": "انا عبدو بليدي نعبدا زب سيمو بسكري ☆★",
            "61558223244940": "انا ادم عباسي ناڪتلي يما ياسمين تلمسٱنيةة 🔥💋",
            "61558870906073": "انا ادم عباسي ناڪتلي يما ياسمين تلمسٱنيةة 🔥💋",
            "61559475330213": "عــــلاء 💋🍫",
            "61560986937121": "انا عبدو بليدي نعبدا زب سيمو بسكري ☆★",
            "61563068168423": "انا سوة تاع مك نعبد ختك",
            "61563258434384": "🙂💔",
            "61563586073508": "انا عبدو بليدي نعبدا زب سيمو بسكري ☆★",
            "61564391514177": "انا ادم عباسي ناڪتلي يما ياسمين تلمسٱنيةة 🔥💋",
            "61565058314473": "انا عبدو بليدي نعبدا زب سيمو بسكري ☆★",
            "61565154237455": "انا ادم عباسي ناڪتلي يما ياسمين تلمسٱنيةة 🔥💋",
            "61565749706326": "انا عبدو بليدي نعبدا زب سيمو بسكري ☆★",
            "61565964945444": "💔🐸",
            "61566031753134": "انا ادم عباسي ناڪتلي يما ياسمين تلمسٱنيةة 🔥💋",
            "61566340465772": "انا ادم عباسي ناڪتلي يما ياسمين تلمسٱنيةة 🔥💋",
            "61566410399805": "انا ادم عباسي ناڪتلي يما ياسمين تلمسٱنيةة 🔥💋",
            "61566792509489": "انا عبدو بليدي نعبدا زب سيمو بسكري ☆★",
            "61566992830562": "انا عبدو بليدي نعبدا زب سيمو بسكري ☆★",
            "61567936296446": "انا ادم عباسي ناڪتلي يما ياسمين تلمسٱنيةة 🔥💋",
            "61568055391825": "فراازة 🍓❤️‍🩹🧸",
            "61568560496540": "نـــــيــــك حـــــتــــشــــون يـــــــمــــاه",
            "61568983138740": "انا عبدو بليدي نعبدا زب سيمو بسكري ☆★",
            "61569028004177": "انا عبدو بليدي نعبدا زب سيمو بسكري ☆★",
            "61569368829232": "انا ادم عباسي ناڪتلي يما ياسمين تلمسٱنيةة 🔥💋",
            "61569422475691": "انا عبدو بليدي نعبدا زب سيمو بسكري ☆★",
            "61569853801225": "انا ذوك نيخك كي نتي كي هوا 🔥💋",
            "61570259960828": "انا ادم عباسي ناڪتلي يما ياسمين تلمسٱنيةة 🔥💋",
            "61570468032444": "انا عبدو بليدي نعبدا زب سيمو بسكري ☆★",
            "61570939302160": "الــــــــيٱٱس مســــــــيلي نيڪ.سوتعمڪ.🙀😆☠️🦴",
            "61571003453997": ".",
            "61571014046428": "انا عبدو بليدي نعبدا زب سيمو بسكري ☆★",
            "61571131635658": "مصبتش واش ندير ‼️👽",
            "61571259249242": "انا ادم عباسي ناڪتلي يما ياسمين تلمسٱنيةة 🔥💋",
            "61571598587823": "عــــــــــــــــباسية سيڪمڪ👩🏻‍🌾🚯",
            "61571694697051": "؏ـــــــــااشق.التــࢪمةة.مممح🫦🥹🎀",
            "61571935251568": "م⛔",
            "61571942705687": "‼️😆مقود",
            "61572213640445": "انا عبدو بليدي نعبدا زب سيمو بسكري ☆★",
            "61572236623389": "بحبك أوي اوي فرقك عمري جني قوي",
            "61572240416649": "انا نياك ياسمين القحبة👙‼️",
            "61572253479180": "انا ادم عباسي ناڪتلي يما ياسمين تلمسٱنيةة 🔥💋",
            "61572311500405": "انا عبدو بليدي نعبدا زب سيمو بسكري ☆★",
            "61572381437873": "انا عبدو بليدي نعبدا زب سيمو بسكري ☆★",
            "61572386854073": "سيڪمگ",
            "61572416741729": "انا عبدو بليدي نعبدا زب سيمو بسكري ☆★",
            "61572536528491": "انا عبدو بليدي نعبدا زب سيمو بسكري ☆★",
            "61572556783523": "🪂🧞",
            "61572602829412": "انا عبدو بليدي نعبدا زب سيمو بسكري ☆★",
            "61572644533094": "انا عبدو بليدي نعبدا زب سيمو بسكري ☆★",
            "61572680695356": "انا عبدو بليدي نعبدا زب سيمو بسكري ☆★",
            "61572684516859": "انا ادم عباسي ناڪتلي يما ياسمين تلمسٱنيةة 🔥💋",
            "61572769030978": "انا ادم عبـــــــاسي نياڪي اڪرم شاوي🧍‍♂️💋",
            "61572804639698": "انا ادم عباسي ناڪتلي يما ياسمين تلمسٱنيةة 🔥💋",
            "61572832965208": "انا عبدو بليدي نعبدا زب سيمو بسكري ☆★",
            "61572865091447": "ﷻآلأڛـٍـٍـٍبـٍـٍـٍ ــٱنـٍـٍـٍـٍـٍيٰۦۦ ﷻ﴾",
            "61572877723010": "انا عبدو بليدي نعبدا زب سيمو بسكري ☆★",
            "61572880241548": "ديدين... 🙀🔱",
            "61572896502420": "انا عبدو بليدي نعبدا زب سيمو بسكري ☆★",
            "61572913065642": "انا عبدو بليدي نعبدا زب سيمو بسكري ☆★",
            "61572928047807": "انا ادم عباسي ناڪتلي يما ياسمين تلمسٱنيةة 🔥💋",
            "61572940434399": "انا عبدو بليدي نعبدا زب سيمو بسكري ☆★",
            "61572941954453": "ڪلبكم  عبدو بليدي  ☆★\n\nتــــــــــــم حذف سووووووو",
            "61572954696277": "انا عبدو بليدي نعبدا زب سيمو بسكري ☆★",
            "61572961267682": "نياڪت ادم عباسي ♡",
            "61572984185009": "bot oussama",
            "61572996687335": "انا ادم عباسي ناڪتلي يما ياسمين تلمسٱنيةة 🔥💋",
            "61573003612706": "انا ادم عباسي ناڪتلي يما ياسمين تلمسٱنيةة 🔥💋",
            "61573007355113": "[ / ] • adam abbasy",
            "61573013421245": "انا ادم عباسي ناڪتلي يما ياسمين تلمسٱنيةة 🔥💋",
            "61573021328639": "انا عبدو بليدي نعبدا زب سيمو بسكري ☆★",
            "61573052368561": "🙂👀مرط موح (قالمي )🙂🩸",
            "61573092033888": "انا عبدو بليدي نعبدا زب سيمو بسكري ☆★",
            "61573105204120": "انا عبدو بليدي نعبدا زب سيمو بسكري ☆★",
            "61573106274768": "نڪمك يا أدم 🔱",
            "61573115432644": "انا عبدو بليدي نعبدا زب سيمو بسكري ☆★",
            "61573160933151": "انا ادم عباسي ناڪتلي يما ياسمين تلمسٱنيةة 🔥💋",
            "61573203712172": "✗☚ࢪفيــــــــــق تيـاࢪـــــــي⚜️🚸",
            "61573264015758": "انا عبدو بليدي نعبدا زب سيمو بسكري ☆★",
            "61573592385914": "[ / ] • ادم لعباسي خخ",
            "61573748466935": "[ / ] • ادم لعباسي خخ",
            "61573799008249": "شيڪورڪم اسامة تيبازي هوטּ🪻😹💋💘",
            "61573916759463": "[ / ] • oussama tipaza"
        }
    }
]