[
    {
        "name": "𓄂ᬼ𓆃𓅇꙰᭄⍣⃝    GROUP 💗𓄂ᬼ𓆃⇑⇓",
        "id": {
            "100049472168104": "الجي 16 البندقية 🙂💔",
            "61556664127388": "🕷☆シ︎ ỖǗŜŜÃϻÃ シ︎☆💜",
            "61558687892539": "𝒔𝒉𝒊𝒌𝒐𝒓𝒌𝒖𝒎 𝑰𝒔𝒉𝒂𝒌 𝑻𝒊𝒓𝒕𝒊",
            "61564702018103": "[ . ] • B. O. T.! 📜✅",
            "61573416834831": "𝒙𝒂𝒃𝒊 𝒂𝒍ø𝒏𝒔ø",
            "61574066274201": "ملاك🙂🤍"
        }
    }
]