[
    {
        "name": "متتتت عذبتكم يعططط😹😻💋",
        "id": {
            "100000420582839": "هحححح زينو سوقهراسي نشم زب شواكري 😿💋",
            "100000902435527": "انا فارس عاصمي شيكوري اسامة تيبازي 🤓😹",
            "100000939076507": "انا زينو سوقهراسي نشم زب ادم لعباسي 🥺😻🫶",
            "100001463796665": "انا زينو سوقهراسي نشم زب ادم لعباسي 🥺😻🫶",
            "100002404624756": "انا زينو سوقهراسي نشم زب ادم لعباسي 🥺😻🫶",
            "100002514163694": "انا زينو سوقهراسي نشم زب ادم لعباسي 🥺😻🫶",
            "100003010961706": "انا زينو سوقهراسي نشم زب شواكري ادم وميزوش🥺💋",
            "100003201885754": "انا زينو سوقهراسي نشم زب ادم لعباسي 🥺😻🫶",
            "100003244088411": "انا زينو سوقهراسي نشم زب ادم لعباسي 🥺😻🫶",
            "100003272598601": "انا زينو سوقهراسي نشم زب ادم لعباسي 🥺😻🫶",
            "100003817721124": "آبن آسـيـﮯآد دول‏‏هہ مـيـﮯزوش هہ‏‏ون 😂💔✋🏻",
            "100003881650932": "انا زينو سوقهراسي نشم زب ادم لعباسي 🥺😻🫶",
            "100004097349023": "انا زينو سوقهراسي نشم زب ادم لعباسي 🥺😻🫶",
            "100004195337777": "انا زينو سوقهراسي نشم زب ادم لعباسي 🥺😻🫶",
            "100004488825438": "انا زينو سوقهراسي نشم زب ادم لعباسي 🥺😻🫶",
            "100004495997715": "سموني ميدو جيجلي حب زب زب زب زب ميـزو 🔥😽",
            "100004620616447": "انا زينو سوقهراسي نشم زب ادم لعباسي 🥺😻🫶",
            "100006854688968": "انا زينو سوقهراسي نشم زب شواكري ادم وميزوش🥺💋",
            "100006982845527": "هحححح زينو سوقهراسي نشم زب شواكري 😿💋",
            "100007278225656": "انا زينو سوقهراسي نشم زب ادم لعباسي 🥺😻🫶",
            "100011146424288": "هحححح زينو سوقهراسي نشم زب شواكري 😿💋",
            "100011429177748": "انا زينو سوقهراسي نشم زب ادم لعباسي 🥺😻🫶",
            "100012107776192": "شيڪورڪم ميدو الجيجلي نياڪ ميزو البسڪري 💔",
            "100014581150066": "انا زينو سوقهراسي نشم زب شواكري ادم وميزوش🥺💋",
            "100014775930097": "انا زينو سوقهراسي نشم زب ادم لعباسي 🥺😻🫶",
            "100020137692515": "انا زينو سوقهراسي نشم زب ادم لعباسي 🥺😻🫶",
            "100021565786631": "انا زينو سوقهراسي نشم زب شواكري ادم وميزوش🥺💋",
            "100022111717826": "سموني ميدو جيجلي حب زب زب زب زب ميـزو 🔥😽",
            "100022479993662": "سموني ميدو جيجلي حب زب زب زب زب ميـزو 🔥😽",
            "100023252462172": "انا زينو سوقهراسي نشم زب ادم لعباسي 🥺😻🫶",
            "100023701575424": "انا زينو سوقهراسي نشم زب ادم لعباسي 🥺😻🫶",
            "100023951989849": "هحححح زينو سوقهراسي نشم زب شواكري 😿💋",
            "100024562871592": "شيڪورڪم ميدو الجيجلي نياڪ ميزو البسڪري؟ 💔🔥",
            "100026244009179": "انا زينو سوقهراسي نشم زب ادم لعباسي 🥺😻🫶",
            "100026385924111": "انا زينو سوقهراسي نشم زب ادم لعباسي 🥺😻🫶",
            "100030331840927": "انا زينو سوقهراسي نشم زب ادم لعباسي 🥺😻🫶",
            "100030809583428": "انا زينو سوقهراسي نشم زب ادم لعباسي 🥺😻🫶",
            "100032555711572": "انا زينو سوقهراسي نشم زب ادم لعباسي 🥺😻🫶",
            "100034519694228": "هحححح زينو سوقهراسي نشم زب شواكري 😿💋",
            "100041010073638": "انا زينو سوقهراسي نشم زب ادم لعباسي 🥺😻🫶",
            "100051185298318": "انا زينو سوقهراسي نشم زب ادم لعباسي 🥺😻🫶",
            "100053087085506": "هحححح زينو سوقهراسي نشم زب شواكري 😿💋",
            "100054057038739": "سموني ميدو جيجلي حب زب زب زب زب ميـزو 🔥😽",
            "100065506200047": "انا زينو نيكوني😿",
            "100071794100879": "هحححح زينو سوقهراسي نشم زب شواكري 😿💋",
            "100075338985915": "هحححح زينو سوقهراسي نشم زب شواكري 😿💋",
            "100077466008724": "انا زينو سوقهراسي نشم زب ادم لعباسي 🥺😻🫶",
            "100077670451840": "هحححح زينو سوقهراسي نشم زب شواكري 😿💋",
            "100082694021566": "انا زينو سوقهراسي نشم زب ادم لعباسي 🥺😻🫶",
            "100084192500536": "انا زينو سوقهراسي نشم زب شواكري ادم وميزوش🥺💋",
            "100084388056671": "انا مرام جيجيلة نصبر فروحي بعبدو باه ميعرفونيش بلي",
            "100084500282987": "شيكورنا ادم لعباسي هو هو هو🥺☑️",
            "100084627199108": "انا زينو سوقهراسي نشم زب ادم لعباسي 🥺😻🫶",
            "100085157983453": "هحححح زينو سوقهراسي نشم زب شواكري 😿💋",
            "100086052160721": "انا زينو سوقهراسي نشم زب ادم لعباسي 🥺😻🫶",
            "100086138786369": "انا فارس كوشي شواكري مرام جيجلية اسامة تيبازي 🥺 .",
            "100086441523630": "انا زينو سوقهراسي نشم زب ادم لعباسي 🥺😻🫶",
            "100089616943324": "انا فارس عاصمي شيكوري اسامة تيبازي 🤓😹",
            "100089655505433": "هحححح زينو سوقهراسي نشم زب شواكري 😿💋",
            "100090134744346": "انا زينو سوقهراسي نشم زب شواكري ادم وميزوش🥺💋",
            "100090200097080": "سموني ميدو جيجلي حب زب زب زب زب ميـزو 🔥😽",
            "100090662563258": "مرت عبدو🩷🪶",
            "100091773559336": "سموني ميدو جيجلي حب زب زب زب زب ميـزو 🔥😽",
            "100092383102386": "انا زينو سوقهراسي نشم زب ادم لعباسي 🥺😻🫶",
            "100092560951771": "شيكورنا ادم لعباسي هو هو هو🥺☑️",
            "100092763723350": "[ انا ميزو. انقدوني ميدو ناڪلي ماما سحارة.  . 🥺💋",
            "100092967655555": "انا زينو سوقهراسي نشم زب ادم لعباسي 🥺😻🫶",
            "100093220703446": "انا زينو سوقهراسي نشم زب ادم لعباسي 🥺😻🫶",
            "100093340176831": "انا فارس عاصمي شيكوري اسامة تيبازي 🤓😹",
            "100094425919145": "هحححح زينو سوقهراسي نشم زب شواكري 😿💋",
            "100094596473919": "هحححح زينو سوقهراسي نشم زب شواكري 😿💋",
            "100094750683036": "انا زينو سوقهراسي نشم زب ادم لعباسي 🥺😻🫶",
            "100095223375883": "انا زينو سوقهراسي شيكوري اسامة تيبازي 💘😹🪻💋",
            "100095293362243": "انا زينو سوقهراسي نشم زب ادم لعباسي 🥺😻🫶",
            "61550067414071": "انا فارس عاصمي شيكوري ادم لعباسي😒🥺💋",
            "61550240372426": "انا زينو سوقهراسي نشم زب ادم لعباسي 🥺😻🫶",
            "61550556089094": "انا زينو سوقهراسي نشم زب ادم لعباسي 🥺😻🫶",
            "61551243265399": "انا زينو سوقهراسي نشم زب ادم لعباسي 🥺😻🫶",
            "61551824463807": "انا زينو سوقهراسي نشم زب ادم لعباسي 🥺😻🫶",
            "61552103110096": "سموني ميدو جيجلي حب زب زب زب زب ميـزو 🔥😽",
            "61552335565926": "انا زينو سوقهراسي نشم زب ادم لعباسي 🥺😻🫶",
            "61552463591587": "هيثم عاصمي حفاف قلاوي 😊💋",
            "61552554037101": "انا زينو سوقهراسي نشم زب ادم لعباسي 🥺😻🫶",
            "61552641113981": "انا زينو سوقهراسي نشم زب ادم لعباسي 🥺😻🫶",
            "61553024250507": "انا زينو سوقهراسي نشم زب ادم لعباسي 🥺😻🫶",
            "61553151552698": "انا زينو نيكوني😿",
            "61553388099443": "A. Abdou ↂ[❶❷❸❹❺❻❼❽❾❿ ](➃➄ ➅)㈤⅒ ⅓⓺⓻⓼⓽ ⓾❼⑧❽❼⑧❽⑨❾①⓿⑨",
            "61554167240738": "انا زينو سوقهراسي نشم زب ادم لعباسي 🥺😻🫶",
            "61554253392235": "انا زينو سوقهراسي نشم زب ادم لعباسي 🥺😻🫶",
            "61554343869179": "سموني ميدو جيجلي حب زب زب زب زب ميـزو 🔥😽",
            "61554470554985": "سموني ميدو جيجلي حب زب زب زب زب ميـزو 🔥😽",
            "61554589132153": "انا فارس عاصمي شيكوري ادم لعباسي😒🥺💋",
            "61554750975535": "انا زينو سوقهراسي شيكوري اسامة تيبازي 💘😹🪻💋",
            "61555261131617": "انا زينو سوقهراسي نشم زب ادم لعباسي 🥺😻🫶",
            "61555671868915": "انا زينو سوقهراسي نشم زب ادم لعباسي 🥺😻🫶",
            "61555780506395": "انا ميزو. انقدوني ميدو ناڪلي ماما سحارة.  . 🥺",
            "61555888583984": "انا زينو سوقهراسي نشم زب ادم لعباسي 🥺😻🫶",
            "61555912452845": "انا زينو سوقهراسي نشم زب ادم لعباسي 🥺😻🫶",
            "61555926602657": "انا زينو سوقهراسي نشم زب ادم لعباسي 🥺😻🫶",
            "61556142666868": "انا زينو سوقهراسي نشم زب ادم لعباسي 🥺😻🫶",
            "61556316329393": "انا فارس كوشي شواكري مرام جيجلية اسامة تيبازي 🥺 .",
            "61556755901452": "انا زينو سوقهراسي نشم زب ادم لعباسي 🥺😻🫶",
            "61556965581908": "انا زينو سوقهراسي نشم زب ادم لعباسي 🥺😻🫶",
            "61557733021245": "هحححح زينو سوقهراسي نشم زب شواكري 😿💋",
            "61557990167186": "انا زينو سوقهراسي نشم زب ادم لعباسي 🥺😻🫶",
            "61558522154843": "انا زينو سوقهراسي نشم زب ادم لعباسي 🥺😻🫶",
            "61558923973686": "انا زينو سوقهراسي نشم زب ادم لعباسي 🥺😻🫶",
            "61559033225213": "انا فارس كوشي شواكري مرام جيجلية اسامة تيبازي 🥺 .",
            "61559296109458": "سموني ميدو جيجلي حب زب زب زب زب ميـزو 🔥😽",
            "61561227149287": "انا زينو سوقهراسي شيكوري اسامة تيبازي 💘😹🪻💋",
            "61561584793117": "انا زينو سوقهراسي نشم زب ادم لعباسي 🥺😻🫶",
            "61561628147816": "انا زينو سوقهراسي نشم زب ادم لعباسي 🥺😻🫶",
            "61562308694524": "انا زينو سوقهراسي نشم زب ادم لعباسي 🥺😻🫶",
            "61564676164603": "رونق قح_بة جلفاوية تا توحويح باغية تحصل توحويحها و",
            "61565492579070": "انا زينو سوقهراسي نشم زب شواكري ادم وميزوش🥺💋",
            "61566188739354": "انا زينو سوقهراسي نشم زب ادم لعباسي 🥺😻🫶",
            "61567570337725": "انا زينو سوقهراسي نشم زب ادم لعباسي 🥺😻🫶",
            "61568428119228": "انا زينو سوقهراسي نشم زب ادم لعباسي 🥺😻🫶",
            "61569161018269": "انا زينو سوقهراسي شيكوري اسامة تيبازي 💘😹🪻💋",
            "61569582710474": "انا زينو سوقهراسي شيكوري اسامة تيبازي 💘😹🪻💋",
            "61570112735209": "انا فارس عاصمي شيكوري ادم لعباسي😒🥺💋",
            "61570862527176": "انا زينو سوقهراسي نشم زب ادم لعباسي 🥺😻🫶",
            "61571121941159": "سموني ميدو جيجلي حب زب زب زب زب ميـزو 🔥😽",
            "61571320036480": "انا زينو سوقهراسي نشم زب ادم لعباسي 🥺😻🫶",
            "61571639738212": "انا زينو سوقهراسي نشم زب ادم لعباسي 🥺😻🫶",
            "61571870848873": "انا زينو سوقهراسي شيكوري اسامة تيبازي 💘😹🪻💋",
            "61571883997032": "انا زينو سوقهراسي شيكوري اسامة تيبازي 💘😹🪻💋",
            "61571892402927": "انا فارس كوشي شواكري مرام جيجلية اسامة تيبازي 🥺 .",
            "61571925062419": "انا زينو سوقهراسي نشم زب ادم لعباسي 🥺😻🫶",
            "61572122013877": "انا زينو سوقهراسي نشم زب ادم لعباسي 🥺😻🫶",
            "61572265150969": "شيكورنا ادم لعباسي هو هو هو🥺☑️",
            "61572362485624": "انا زينو سوقهراسي نشم زب ادم لعباسي 🥺😻🫶",
            "61572608227402": "انا زينو سوقهراسي نشم زب ادم لعباسي 🥺😻🫶",
            "61572610246935": "انا زينو سوقهراسي نشم زب ادم لعباسي 🥺😻🫶",
            "61572636825379": "انا فارس عاصمي شيكوري اسامة تيبازي 🤓😹",
            "61572723522328": "انا زينو سوقهراسي نشم زب ادم لعباسي 🥺😻🫶",
            "61572731633771": "سموني ميدو جيجلي حب زب زب زب زب ميـزو 🔥😽",
            "61572776627649": "انا زينو سوقهراسي نشم زب ادم لعباسي 🥺😻🫶",
            "61572792123858": "انا زينو سوقهراسي نشم زب ادم لعباسي 🥺😻🫶",
            "61572835815139": "شيڪورنا اسامة تيبازي ادم عباسي🥺✨💘",
            "61572848073407": "انا زينو سوقهراسي نشم زب ادم لعباسي 🥺😻🫶",
            "61572865056245": "انا زينو سوقهراسي نشم زب ادم لعباسي 🥺😻🫶",
            "61572896924973": "انا زينو سوقهراسي شيكوري اسامة تيبازي 💘😹🪻💋",
            "61572911063917": "انا فارس كوشي شواكري مرام جيجلية اسامة تيبازي 🥺 .",
            "61572925285034": "انا زينو سوقهراسي نشم زب ادم لعباسي 🥺😻🫶",
            "61572927825784": "انا زينو سوقهراسي نشم زب ادم لعباسي 🥺😻🫶",
            "61572942134495": "بوت ادم لعباسي شيكوركم هخخخ بف😾😒",
            "61572968591001": "انا زينو سوقهراسي نشم زب ادم لعباسي 🥺😻🫶",
            "61572973150978": "انا زينو سوقهراسي نشم زب ادم لعباسي 🥺😻🫶",
            "61572974740732": "انا زينو سوقهراسي نشم زب ادم لعباسي 🥺😻🫶",
            "61572984185009": "[ / ] • oussama tipazi",
            "61572989562662": "هحححح زينو سوقهراسي نشم زب شواكري 😿💋",
            "61573015718650": "انا زينو سوقهراسي نشم زب ادم لعباسي 🥺😻🫶",
            "61573016861500": "انا زينو سوقهراسي نشم زب ادم لعباسي 🥺😻🫶",
            "61573016982979": "ايوب",
            "61573017645042": "هحححح زينو سوقهراسي نشم زب شواكري 😿💋",
            "61573024213353": "انا زينو سوقهراسي نشم زب ادم لعباسي 🥺😻🫶",
            "61573026851246": "شيڪورنا اسامة تيبازي ادم عباسي🥺✨💘",
            "61573039329056": "انا زينو سوقهراسي نشم زب ادم لعباسي 🥺😻🫶",
            "61573054024703": "انا زينو سوقهراسي نشم زب ادم لعباسي 🥺😻🫶",
            "61573056701667": "انا زينو سوقهراسي نشم زب ادم لعباسي 🥺😻🫶",
            "61573066814572": "انا زينو سوقهراسي نشم زب ادم لعباسي 🥺😻🫶",
            "61573084202550": "هحححح زينو سوقهراسي نشم زب شواكري 😿💋",
            "61573094531125": "انا زينو سوقهراسي نشم زب ادم لعباسي 🥺😻🫶",
            "61573101876360": "سموني ميدو جيجلي حب زب زب زب زب ميـزو 🔥😽",
            "61573102081752": "انا زينو سوقهراسي نشم زب ادم لعباسي 🥺😻🫶",
            "61573103756101": "انا حمودي سطايفي سوتي فيها ريحة سردينة 🥺",
            "61573122673730": "انا زينو سوقهراسي نشم زب ادم لعباسي 🥺😻🫶",
            "61573137209976": "انا زينو سوقهراسي نشم زب ادم لعباسي 🥺😻🫶",
            "61573141390558": "انا زينو سوقهراسي نشم زب ادم لعباسي 🥺😻🫶",
            "61573157771420": "انا زينو سوقهراسي نشم زب ادم لعباسي 🥺😻🫶",
            "61573159317072": "انا زينو سوقهراسي نشم زب ادم لعباسي 🥺😻🫶",
            "61573179056271": "انا زينو سوقهراسي شيكوري اسامة تيبازي 💘😹🪻💋",
            "61573202892716": "انا زينو سوقهراسي نشم زب ادم لعباسي 🥺😻🫶",
            "61573206098834": "شيكوركم سيمو عباسي😜💋♻️",
            "61573214610158": "انا زينو سوقهراسي نشم زب ادم لعباسي 🥺😻🫶",
            "61573224922765": "هحححح زينو سوقهراسي نشم زب شواكري 😿💋",
            "61573230986631": "انا زينو سوقهراسي نشم زب ادم لعباسي 🥺😻🫶",
            "61573265558541": "...",
            "61573269812012": "انا زينو سوقهراسي نشم زب ادم لعباسي 🥺😻🫶",
            "61573272630612": "انا زينو سوقهراسي نشم زب ادم لعباسي 🥺😻🫶",
            "61573277657669": "[ / ] • oussama tipazi",
            "61573370496891": "انا زينو سوقهراسي نشم زب ادم لعباسي 🥺😻🫶",
            "61573370592119": "انا زينو سوقهراسي نشم زب ادم لعباسي 🥺😻🫶",
            "61573373335565": "انا زينو سوقهراسي نشم زب ادم لعباسي 🥺😻🫶",
            "61573374566125": "نــــــوࢪ' جلفاوية 🍓🥹",
            "61573375925458": "هحححح زينو سوقهراسي نشم زب شواكري 😿💋",
            "61573376287374": "انا زينو سوقهراسي نشم زب ادم لعباسي 🥺😻🫶",
            "61573381923665": "انا زينو سوقهراسي نشم زب ادم لعباسي 🥺😻🫶",
            "61573388160140": "انا زينو سوقهراسي نشم زب ادم لعباسي 🥺😻🫶",
            "61573394683669": "انا زينو سوقهراسي نشم زب ادم لعباسي 🥺😻🫶",
            "61573397241878": "انا زينو سوقهراسي نشم زب ادم لعباسي 🥺😻🫶",
            "61573403128931": "هحححح زينو سوقهراسي نشم زب شواكري 😿💋",
            "61573404150476": "انا زينو سوقهراسي نشم زب ادم لعباسي 🥺😻🫶",
            "61573408533507": "انا زينو سوقهراسي نشم زب ادم لعباسي 🥺😻🫶",
            "61573418723050": "انا زينو سوقهراسي نشم زب ادم لعباسي 🥺😻🫶",
            "61573424755426": "انا زينو سوقهراسي نشم زب ادم لعباسي 🥺😻🫶",
            "61573429072634": "انا زينو سوقهراسي نشم زب ادم لعباسي 🥺😻🫶",
            "61573434697243": "انا زينو سوقهراسي نشم زب ادم لعباسي 🥺😻🫶",
            "61573437668785": "『 / 』 ⪼ بوت اسامة تيبازي /•/",
            "61573439810768": "انا زينو سوقهراسي نشم زب ادم لعباسي 🥺😻🫶",
            "61573440022470": "هحححح زينو سوقهراسي نشم زب شواكري 😿💋",
            "61573493188230": "انا فارس كوشي شواكري مرام جيجلية اسامة تيبازي 🥺 .",
            "61573494091014": "انا زينو سوقهراسي نشم زب ادم لعباسي 🥺😻🫶",
            "61573505991670": "هحححح زينو سوقهراسي نشم زب شواكري 😿💋",
            "61573518478514": "انا زينو سوقهراسي نشم زب ادم لعباسي 🥺😻🫶",
            "61573522434279": "انا زينو سوقهراسي نشم زب ادم لعباسي 🥺😻🫶",
            "61573523570695": "انا زينو سوقهراسي نشم زب ادم لعباسي 🥺😻🫶",
            "61573533950683": "انا زينو سوقهراسي نشم زب ادم لعباسي 🥺😻🫶",
            "61573535760775": "[ انا ميزو. انقدوني ميدو ناڪلي ماما سحارة.  . 🥺💋",
            "61573549014752": "انا زينو سوقهراسي نشم زب ادم لعباسي 🥺😻🫶",
            "61573552643703": "انا زينو سوقهراسي نشم زب ادم لعباسي 🥺😻🫶",
            "61573552830852": "انا زينو سوقهراسي نشم زب ادم لعباسي 🥺😻🫶",
            "61573556425466": "انا زينو سوقهراسي نشم زب ادم لعباسي 🥺😻🫶",
            "61573558680778": "انا زينو سوقهراسي نشم زب ادم لعباسي 🥺😻🫶",
            "61573569027153": "انا زينو سوقهراسي نشم زب ادم لعباسي 🥺😻🫶",
            "61573570286717": "هحححح زينو سوقهراسي نشم زب شواكري 😿💋",
            "61573573703143": "سموني ميدو جيجلي حب زب زب زب زب ميـزو 🔥😽",
            "61573583906694": "انا زينو سوقهراسي نشم زب ادم لعباسي 🥺😻🫶",
            "61573595277452": "هحححح زينو سوقهراسي نشم زب شواكري 😿💋",
            "61573596212054": "انا زينو سوقهراسي نشم زب ادم لعباسي 🥺😻🫶",
            "61573607993629": "هحححح زينو سوقهراسي نشم زب شواكري 😿💋",
            "61573616900565": "انا زينو سوقهراسي شيكوري اسامة تيبازي 💘😹🪻💋",
            "61573621701785": "انا زينو سوقهراسي نشم زب ادم لعباسي 🥺😻🫶",
            "61573640668802": "انا زينو سوقهراسي نشم زب ادم لعباسي 🥺😻🫶",
            "61573642043329": "هحححح زينو سوقهراسي نشم زب شواكري 😿💋",
            "61573647969842": "[ / ] • oussama tipazi",
            "61573652724938": "انا زينو سوقهراسي نشم زب ادم لعباسي 🥺😻🫶",
            "61573743050689": "انا اسامة تيبازي شيكوري زينو سوق هراسي🥺🫦🦩🦠",
            "61573748466935": "[ / ] • ادم لعباسي خخ",
            "61573764444225": "انا زينو سوقهراسي نشم زب ادم لعباسي 🥺😻🫶",
            "61573790696152": "انا زينو سوقهراسي نشم زب ادم لعباسي 🥺😻🫶",
            "61573799008249": "شيڪورڪم اسامة تيبازي هوטּ😹🪻💋"
        }
    }
]