[
    {
        "name": "",
        "id": {
            "100000271383071": "انا محاد جلفاوي نشم زب ادم لعباسي 😿💋",
            "100000338016091": "انا محاد جلفاوي نشم زب ادم لعباسي 😿💋",
            "100000462246632": "انا محاد جلفاوي نشم زب ادم لعباسي 😿💋",
            "100000490209668": "انا محاد جلفاوي نشم زب ادم لعباسي 😿💋",
            "100000595230419": "انا محاد جلفاوي نشم زب ادم لعباسي 😿💋",
            "100000601963973": "انا محاد جلفاوي نشم زب ادم لعباسي 😿💋",
            "100000962828776": "انا محاد جلفاوي نشم زب ادم لعباسي 😿💋",
            "100000973480501": "انا فارس بوسعادي نخاف زب ادم لعباسي 🥺💋",
            "100002916128194": "🦅【_حمزة_وهࢪانــــي_】🚸",
            "100003099664858": "انا محاد جلفاوي نشم زب ادم لعباسي 😿💋",
            "100003532127581": "انا محاد جلفاوي نشم زب ادم لعباسي 😿💋",
            "100003627771344": "انا فارس بوسعادي نخاف زب ادم لعباسي 🥺💋",
            "100003645938664": "احي عليا وهراني معشوق سومية",
            "100003798743017": "انا فارس بوسعادي نخاف زب ادم لعباسي 🥺💋",
            "100004142413528": "انا محاد جلفاوي نشم زب ادم لعباسي 😿💋",
            "100004242434996": "انا فارس بوسعادي نخاف زب ادم لعباسي 🥺💋",
            "100004316100940": "انا فارس بوسعادي نخاف زب ادم لعباسي 🥺💋",
            "100004375356398": "انا فارس بوسعادي نخاف زب ادم لعباسي 🥺💋",
            "100004807367765": "🥰💋",
            "100004842968378": "انا محاد جلفاوي نشم زب ادم لعباسي 😿💋",
            "100005396597155": "انا فارس بوسعادي نخاف زب ادم لعباسي 🥺💋",
            "100005514885702": "انا محاد جلفاوي نشم زب ادم لعباسي 😿💋",
            "100007042398394": "انا فارس بوسعادي نخاف زب ادم لعباسي 🥺💋",
            "100011730998580": "انا محاد جلفاوي نشم زب ادم لعباسي 😿💋",
            "100014581150066": "انا محاد جلفاوي نشم زب ادم لعباسي 😿💋",
            "100025508477897": "انا محاد جلفاوي نشم زب ادم لعباسي 😿💋",
            "100028593907187": "الــــمـــــنـــــــســــــــــي 🙂🙆🏻‍♂️",
            "100048592187308": "أنا إسلام وهراني نقش هشام معسكري 🥺🦅😹",
            "100048982846585": "انا محاد جلفاوي نشم زب ادم لعباسي 😿💋",
            "100074505790569": "انا محاد جلفاوي نشم زب ادم لعباسي 😿💋",
            "100079959738991": "أنا إسلام وهراني نقش هشام معسكري 🥺🦅😹",
            "100080422912667": "انا محاد جلفاوي نشم زب ادم لعباسي 😿💋",
            "100081652204496": "انا محاد جلفاوي نشم زب ادم لعباسي 😿💋",
            "100086184595978": "أنا إسلام وهراني نقش هشام معسكري 🥺🦅😹",
            "100091307446702": "انا محاد جلفاوي نشم زب ادم لعباسي 😿💋",
            "100092085960831": "انا محاد جلفاوي نشم زب ادم لعباسي 😿💋",
            "100093932478812": "انا محاد جلفاوي نشم زب ادم لعباسي 😿💋",
            "100094094199945": "انا محاد جلفاوي نشم زب ادم لعباسي 😿💋",
            "100094209936267": "انا محاد جلفاوي نشم زب ادم لعباسي 😿💋",
            "61550049507225": "انا محاد جلفاوي نشم زب ادم لعباسي 😿💋",
            "61550670055202": "انا محاد جلفاوي نشم زب ادم لعباسي 😿💋",
            "61550853005450": "انا محاد جلفاوي نشم زب ادم لعباسي 😿💋",
            "61552094592990": "انا محاد جلفاوي نشم زب ادم لعباسي 😿💋",
            "61552148532315": "انا محاد جلفاوي نشم زب ادم لعباسي 😿💋",
            "61552654769379": "أنا إسلام وهراني نقش هشام معسكري 🥺🦅😹",
            "61553370418389": "انا فارس بوسعادي نخاف زب ادم لعباسي 🥺💋",
            "61553770684743": "انا محاد جلفاوي نشم زب ادم لعباسي 😿💋",
            "61553851720918": "أنا إسلام وهراني نقش هشام معسكري 🥺🦅😹",
            "61557360522410": "انا فارس بوسعادي نخاف زب ادم لعباسي 🥺💋",
            "61557368485434": "انا محاد جلفاوي نشم زب ادم لعباسي 😿💋",
            "61557601260164": "انا فارس بوسعادي نخاف زب ادم لعباسي 🥺💋",
            "61557834929291": "أنا إسلام وهراني نقش هشام معسكري 🥺🦅😹",
            "61559104836021": "عـ❣ـہبـ❣ـہدو كـ❣ـہمـ❣ـہكـ❣ـہ😑🔪",
            "61559131156856": "انا فارس بوسعادي نخاف زب ادم لعباسي 🥺💋",
            "61559233054702": "انا محاد جلفاوي نشم زب ادم لعباسي 😿💋",
            "61559424358452": "انا فارس بوسعادي نخاف زب ادم لعباسي 🥺💋",
            "61559497499677": "انا فارس بوسعادي نخاف زب ادم لعباسي 🥺💋",
            "61559563243611": "انا محاد جلفاوي نشم زب ادم لعباسي 😿💋",
            "61559690097791": "انا محاد جلفاوي نشم زب ادم لعباسي 😿💋",
            "61560470755096": "انا محاد جلفاوي نشم زب ادم لعباسي 😿💋",
            "61560526103302": "انا فارس بوسعادي نخاف زب ادم لعباسي 🥺💋",
            "61560858784312": "انا فارس بوسعادي نخاف زب ادم لعباسي 🥺💋",
            "61561060193716": "انا محاد جلفاوي نشم زب ادم لعباسي 😿💋",
            "61561134209003": "انا فارس بوسعادي نخاف زب ادم لعباسي 🥺💋",
            "61561317852269": "انا محاد جلفاوي نشم زب ادم لعباسي 😿💋",
            "61561335392561": "انا فارس بوسعادي نخاف زب ادم لعباسي 🥺💋",
            "61561937157236": "انا محاد جلفاوي نشم زب ادم لعباسي 😿💋",
            "61562885711242": "انا فارس بوسعادي نخاف زب ادم لعباسي 🥺💋",
            "61563888001789": "انا محاد جلفاوي نشم زب ادم لعباسي 😿💋",
            "61564391514177": "انا فارس بوسعادي نخاف زب ادم لعباسي 🥺💋",
            "61564964218341": "انا محاد جلفاوي نشم زب ادم لعباسي 😿💋",
            "61565572367968": "انا فارس بوسعادي نخاف زب ادم لعباسي 🥺💋",
            "61566455293535": "انا محاد جلفاوي نشم زب ادم لعباسي 😿💋",
            "61567388295194": "انا محاد جلفاوي نشم زب ادم لعباسي 😿💋",
            "61567533321767": "انا محاد جلفاوي نشم زب ادم لعباسي 😿💋",
            "61567925545958": "انا محاد جلفاوي نشم زب ادم لعباسي 😿💋",
            "61568301481367": "انا فارس بوسعادي نخاف زب ادم لعباسي 🥺💋",
            "61568313373770": "انا فارس بوسعادي نخاف زب ادم لعباسي 🥺💋",
            "61568389292002": "انا فارس بوسعادي نخاف زب ادم لعباسي 🥺💋",
            "61569586134938": "انا محاد جلفاوي نشم زب ادم لعباسي 😿💋",
            "61569839435648": "انا فارس بوسعادي نخاف زب ادم لعباسي 🥺💋",
            "61569853347872": "انا محاد جلفاوي نشم زب ادم لعباسي 😿💋",
            "61570281180773": "انا محاد جلفاوي نشم زب ادم لعباسي 😿💋",
            "61570631626344": "انا فارس بوسعادي نخاف زب ادم لعباسي 🥺💋",
            "61571044544675": "انا فارس بوسعادي نخاف زب ادم لعباسي 🥺💋",
            "61571131635658": "انا فارس بوسعادي نخاف زب ادم لعباسي 🥺💋",
            "61571354030369": "قحبة سيفو ☺️",
            "61571382785526": "انا محاد جلفاوي نشم زب ادم لعباسي 😿💋",
            "61571499525425": "انا محاد جلفاوي نشم زب ادم لعباسي 😿💋",
            "61571791834910": "انا فارس بوسعادي نخاف زب ادم لعباسي 🥺💋",
            "61571821370693": "هكر كيوت",
            "61571896019394": "Imane 🎀",
            "61571925701382": "انا محاد جلفاوي نشم زب ادم لعباسي 😿💋",
            "61572140202920": "انا فارس بوسعادي نخاف زب ادم لعباسي 🥺💋",
            "61572374528461": "انا فارس بوسعادي نخاف زب ادم لعباسي 🥺💋",
            "61572416741729": "انا محاد جلفاوي نشم زب ادم لعباسي 😿💋",
            "61572460086930": "فاغوڪ.",
            "61572617891963": "انا فارس بوسعادي نخاف زب ادم لعباسي 🥺💋",
            "61572691371949": "انا محاد جلفاوي نشم زب ادم لعباسي 😿💋",
            "61572766221287": "انا محاد جلفاوي نشم زب ادم لعباسي 😿💋",
            "61572804631041": "انا محاد جلفاوي نشم زب ادم لعباسي 😿💋",
            "61572819759093": "انا فارس بوسعادي نخاف زب ادم لعباسي 🥺💋",
            "61572823977977": "انا محاد جلفاوي نشم زب ادم لعباسي 😿💋",
            "61572882214374": "انا فارس بوسعادي نخاف زب ادم لعباسي 🥺💋",
            "61572896502420": "انا محاد جلفاوي نشم زب ادم لعباسي 😿💋",
            "61572912061106": "أنا إسلام وهراني نقش هشام معسكري 🥺🦅😹",
            "61572927983503": "انا محاد جلفاوي نشم زب ادم لعباسي 😿💋",
            "61572945780924": "غزالة🦌",
            "61572980556321": "انا محاد جلفاوي نشم زب ادم لعباسي 😿💋",
            "61572997007731": "انا محاد جلفاوي نشم زب ادم لعباسي 😿💋",
            "61573177993685": "أنا إسلام وهراني نقش هشام معسكري 🥺🦅😹",
            "61573325562562": "انا محاد جلفاوي نشم زب ادم لعباسي 😿💋",
            "61573331391538": "انا فارس بوسعادي نخاف زب ادم لعباسي 🥺💋",
            "61573342088104": "انا محاد جلفاوي نشم زب ادم لعباسي 😿💋",
            "61573429180564": "أنا إسلام وهراني نقش هشام معسكري 🥺🦅😹",
            "61573483084953": "انا فارس بوسعادي نخاف زب ادم لعباسي 🥺💋",
            "61573484137350": "انا محاد جلفاوي نشم زب ادم لعباسي 😿💋",
            "61573494041964": "انا فارس بوسعادي نخاف زب ادم لعباسي 🥺💋",
            "61573495487536": "انا محاد جلفاوي نشم زب ادم لعباسي 😿💋",
            "61573508894407": "انا محاد جلفاوي نشم زب ادم لعباسي 😿💋",
            "61573515249279": "انا محاد جلفاوي نشم زب ادم لعباسي 😿💋",
            "61573536308147": "تو بٱٱٱك 💔",
            "61573550499291": "انا فارس بوسعادي نخاف زب ادم لعباسي 🥺💋",
            "61573550682381": "أنا إسلام وهراني نقش هشام معسكري 🥺🦅😹",
            "61573563856915": "انا فارس بوسعادي نخاف زب ادم لعباسي 🥺💋",
            "61573571233752": "انا محاد جلفاوي نشم زب ادم لعباسي 😿💋",
            "61573588595490": "متسبوش رمضــــــــــان 🕋📿🤌🤦‍♀️",
            "61573610681410": "انا محاد جلفاوي نشم زب ادم لعباسي 😿💋",
            "61573616900565": "أنا إسلام وهراني نقش هشام معسكري 🥺🦅😹\nأنا إسلام",
            "61573642388668": "انا محاد جلفاوي نشم زب ادم لعباسي 😿💋",
            "61573680933228": "شيڪوركم",
            "61573688777087": "انا فارس بوسعادي نخاف زب ادم لعباسي 🥺💋",
            "61573712854709": "انا فارس بوسعادي نخاف زب ادم لعباسي 🥺💋",
            "61573718104564": "انا محاد جلفاوي نشم زب ادم لعباسي 😿💋",
            "61573722242233": "انا محاد جلفاوي نشم زب ادم لعباسي 😿💋",
            "61573724972455": "انا محاد جلفاوي نشم زب ادم لعباسي 😿💋",
            "61573728273475": "انا فارس بوسعادي نخاف زب ادم لعباسي 🥺💋",
            "61573735094511": "انا محاد جلفاوي نشم زب ادم لعباسي 😿💋",
            "61573736643375": "انا محاد جلفاوي نشم زب ادم لعباسي 😿💋",
            "61573762146631": "انا فارس بوسعادي نخاف زب ادم لعباسي 🥺💋",
            "61573763403614": "انا فارس بوسعادي نخاف زب ادم لعباسي 🥺💋",
            "61573780658671": "انا فارس بوسعادي نخاف زب ادم لعباسي 🥺💋",
            "61573804503743": "انا محاد جلفاوي نشم زب ادم لعباسي 😿💋",
            "61573818931981": "انا محاد جلفاوي نشم زب ادم لعباسي 😿💋",
            "61573828287460": "أنا إسلام وهراني نقش هشام معسكري 🥺🦅😹",
            "61573834564505": "انا محاد جلفاوي نشم زب ادم لعباسي 😿💋",
            "61573838288146": "انا فارس بوسعادي نخاف زب ادم لعباسي 🥺💋",
            "61573840431463": "انا محاد جلفاوي نشم زب ادم لعباسي 😿💋",
            "61573844283156": "انا محاد جلفاوي نشم زب ادم لعباسي 😿💋",
            "61573860719716": "انا فارس بوسعادي نخاف زب ادم لعباسي 🥺💋",
            "61573878273699": "انا فارس بوسعادي نخاف زب ادم لعباسي 🥺💋",
            "61573889755984": "انا محاد جلفاوي نشم زب ادم لعباسي 😿💋",
            "61573955610004": "انا محاد جلفاوي نشم زب ادم لعباسي 😿💋",
            "61573991451998": "انا محاد جلفاوي نشم زب ادم لعباسي 😿💋",
            "61574024540533": "انا فارس بوسعادي نخاف زب ادم لعباسي 🥺💋",
            "61574041526619": "انا فارس بوسعادي نخاف زب ادم لعباسي 🥺💋",
            "61574050436833": "انا محاد جلفاوي نشم زب ادم لعباسي 😿💋",
            "61574059341605": "انا محاد جلفاوي نشم زب ادم لعباسي 😿💋",
            "61574070238611": "انا فارس بوسعادي نخاف زب ادم لعباسي 🥺💋",
            "61574077011857": "انا فارس بوسعادي نخاف زب ادم لعباسي 🥺💋",
            "61574133200166": "انا فارس بوسعادي نخاف زب ادم لعباسي 🥺💋"
        }
    }
]