[
    {
        "name": "شيڪـــــــــــوڕ سوتــــــــــاعموڪ اسامة تيبازي ↫『🚸❄』.... ↷❦↶",
        "id": {
            "61572984185009": "bot oussama",
            "61573394683669": "[ / ] • ادم لعباسي خخ",
            "61573565296002": "[ / ] • ادم لعباسي خخ",
            "61573647969842": "[ / ] • oussama tipazi",
            "61573799008249": "شيڪورڪم اسامة تيبازي هوטּ🪻😹💋💘"
        }
    }
]