[
    {
        "name": "ՁՕՁち",
        "id": {
            "100018305221167": "شكارة عدس 💚",
            "100021090546589": "ــــــــــــــــــــــــــــ🥀🍂",
            "100052218054236": "ÃĹaà",
            "100070898917124": "عسولة 🩷✨",
            "100080627109585": "مافياا😎نتاع😘لڨروب☠️👑👻🎉",
            "100083138478600": "باتمانة🧛🏻‍♀️🧍🏻‍♀️",
            "100090121548912": "مستغانمي",
            "100090712969072": "فآديـﮯ فآديـﮯ ♥♥💋",
            "100093588890875": "Ma pręnšęž🍾💋☺️♥️",
            "100094328859284": "اسلام الفقيࢪ 🥹💔",
            "61552522816750": "ÃĹaà",
            "61552548523635": "—͟͟͞͞𖣘انفي.وُآنـــآ.نـــــــًٌسًــــــــبق 🎭نادر",
            "61556990192122": "اقتلوه😎😍ادومة😎مينوش😘😍😅مترحموهاش😎😍😉",
            "61559038364980": "💖مــــهـــبـــولــــة🥹🎀",
            "61561998240608": "مزطول مزطول 🥷😹😹😹",
            "61565724598341": "فرازة🙆‍♀️🍓",
            "61566367125509": "فرولة😍نتاع🤩لڨروب😍😎😘😊",
            "61567097735127": "جيجلُـِـِِـِِِـِِـِـي18🐬🌊",
            "61567229477564": "االہﹻٰ۫ﹻسہﹻٰ۫ﹻفہﹻٰ۫ﹻاحہ الہﹻٰ۫ﹻسہﹻٰ۫ﹻوريہ",
            "61567348502641": "✪ 𝐊𝐚𝐲𝐰𝐚𝐧 | ڪآيوُטּ 🕷",
            "61567837895551": "ྉྉྉྉྉྉྉྉྉ༒ྉྉྉྉྉྉྉྉྉྉྉྉྉྉྉྉ༒ ྉྉྉྉྉྉྉྉྉ༒ྉྉྉྉྉྉྉྉྉ༒ྉྉ",
            "61569853417155": "ꗄ々﹅вяαzì ℓį ぐ〘篇〙🇧🇷",
            "61570150952776": "ꗄ々﹅Bяαzì ℓį ぐ〘🇧🇷〙",
            "61570323985725": "ـــــــــــــــــ🕷🕸ـــــــــــــــــ",
            "61573916759463": "[ . ] • B. O. T.! 📜✅"
        }
    }
]