[
    {
        "name": null,
        "id": {
            "100082550240081": "عزيز عم الكل",
            "100088992462391": "عزيز عم الكل",
            "100095235715479": "عزيز عم الكل",
            "61556226143328": "عزيز عم الكل",
            "61571080604781": "عزيز عم الكل",
            "61572683231170": "عزيز عم الكل",
            "61573596227321": "[ . ] • B. O. T.! 📜✅",
            "61574162333155": "عزيز عم الكل",
            "61574459390330": "[ . ] • B. O. T.! 📜✅"
        }
    }
]