[
    {
        "name": "❤❤❤❤",
        "id": {
            "100002693780682": "نرجس عمة الكل",
            "100004104466998": "نرجس عمة الكل",
            "100006157425232": "نرجس عمة الكل",
            "100008259078003": "aziz",
            "100018042198112": "نرجس عمة الكل",
            "100018305221167": "نرجس عمة الكل",
            "100018562193131": "aziz",
            "100021090546589": "نرجس عمة الكل",
            "100022326258129": "نرجس عمة الكل",
            "100022672291940": "نرجس عمة الكل",
            "100024473920656": "نرجس عمة الكل",
            "100028998884756": "نرجس عمة الكل",
            "100031178101513": "aziz",
            "100035459820892": "ًسًــــــــيف ☺️😻",
            "100036530362176": "نرجس عمة الكل",
            "100039761686174": "aziz",
            "100044228933859": "aziz",
            "100044798142615": "نرجس عمة الكل",
            "100047587606878": "نرجس عمة الكل",
            "100048628998288": "نرجس عمة الكل",
            "100049138010342": "نرجس عمة الكل",
            "100049705832721": "aziz",
            "100053414102560": "aziz",
            "100054693348722": "نرجس عمة الكل",
            "100054724452597": "نرجس عمة الكل",
            "100056793515321": "نرجس عمة الكل",
            "100058021502183": "aziz",
            "100058034830351": "aziz",
            "100058301871819": "نرجس عمة الكل",
            "100060685669357": "نرجس عمة الكل",
            "100063441009091": "برهوڜـــ😜💊",
            "100063728140640": "نرجس عمة الكل",
            "100071210317659": "نرجس عمة الكل",
            "100072843594039": "نرجس عمة الكل",
            "100075317274892": "طبيب نفسي 💉👨‍⚕️",
            "100075512101346": "aziz",
            "100075842734027": "نرجس عمة الكل",
            "100076077134155": "نرجس عمة الكل",
            "100076301033005": "نرجس عمة الكل",
            "100076731152696": "نرجس عمة الكل",
            "100077433747692": "نرجس عمة الكل",
            "100078124455304": "نرجس عمة الكل",
            "100080688103431": "نرجس عمة الكل",
            "100081347366862": "نرجس عمة الكل",
            "100081728791922": "نرجس عمة الكل",
            "100082022746623": "نرجس عمة الكل",
            "100083894389186": "نرجس عمة الكل",
            "100084357710128": "aziz",
            "100084837400265": "نرجس عمة الكل",
            "100085461191681": "نرجس عمة الكل",
            "100085753827988": "aziz",
            "100086016637723": "نرجس عمة الكل",
            "100086122266620": "نرجس عمة الكل",
            "100086358430651": "نرجس عمة الكل",
            "100088197487564": "aziz",
            "100088203054667": "نرجس عمة الكل",
            "100088432909482": "نرجس عمة الكل",
            "100088812871280": "نونو🎀🧸",
            "100089105814831": "نرجس عمة الكل",
            "100089212541657": "نرجس عمة الكل",
            "100089803645365": "نرجس عمة الكل",
            "100089870886622": "نرجس عمة الكل",
            "100090167712869": "نرجس عمة الكل",
            "100090659207015": "نرجس عمة الكل",
            "100090680389207": "aziz",
            "100090712969072": "aziz",
            "100092157024720": "aziz",
            "100092635472353": "aziz",
            "100093359260855": "aziz",
            "100093929293171": "أمين المديني 🌿❣️",
            "100093959514226": "aziz",
            "100095356881158": "aziz",
            "100095464697110": "aziz",
            "61550056100240": "نرجس عمة الكل",
            "61550120524326": "نرجس عمة الكل",
            "61550283377501": "نرجس عمة الكل",
            "61550354300931": "aziz",
            "61550496059117": "aziz",
            "61550887887243": "نرجس عمة الكل",
            "61551228700017": "نرجس عمة الكل",
            "61551765524304": "aziz",
            "61551875590849": "نرجس عمة الكل",
            "61552320782389": "aziz",
            "61552515207371": "تمت ازالتك من المجموعة من طرف جلفاوي ياجرح ويدوي😂",
            "61552666575291": "نرجس عمة الكل",
            "61552863171223": "يعمل لدى غسل سيارات🚗🚒🏍",
            "61553599007238": "نرجس عمة الكل",
            "61553916992987": "نرجس عمة الكل",
            "61553933504082": "نرجس عمة الكل",
            "61554220941309": "aziz",
            "61554385619975": "نرجس عمة الكل",
            "61554405744930": "نرجس عمة الكل",
            "61555183581096": "شمسو 💋🫀😍",
            "61555262327631": "نرجس عمة الكل",
            "61555640276513": "aziz",
            "61555832623995": "نرجس عمة الكل",
            "61556051191646": "عشقي  🍯♥",
            "61556101590301": "aziz",
            "61556147892535": "نرجس عمة الكل",
            "61556375651391": "نرجس عمة الكل",
            "61556563630177": "aziz",
            "61556813289167": "aziz",
            "61556891874959": "aziz",
            "61557073373483": "نرجس عمة الكل",
            "61557089043638": "aziz",
            "61557360522410": "نرجس عمة الكل",
            "61557677262365": "نرجس عمة الكل",
            "61557838860703": "نرجس عمة الكل",
            "61558318494040": "نرجس عمة الكل",
            "61558517720087": "نرجس عمة الكل",
            "61558798239080": "aziz",
            "61558993599967": "aziz",
            "61559055996365": "نرجس عمة الكل",
            "61559100765782": "aziz",
            "61559356264118": "نرجس عمة الكل",
            "61559390820276": "نرجس عمة الكل",
            "61559393180275": "الفتى عميق",
            "61559818018307": "aziz",
            "61559844103000": "نرجس عمة الكل",
            "61560063687264": "aziz",
            "61560119453648": "نرجس عمة الكل",
            "61560220594290": "نرجس عمة الكل",
            "61560276129348": "نرجس عمة الكل",
            "61560544721514": "aziz",
            "61560894410363": "نرجس عمة الكل",
            "61560972642890": "نرجس عمة الكل",
            "61560994113100": "نرجس عمة الكل",
            "61562089559868": "aziz",
            "61562279775402": "نرجس عمة الكل",
            "61563560571830": "aziz",
            "61563573257365": "نرجس عمة الكل",
            "61563742522131": "وليد ✨🇪🇺",
            "61563846807737": "نرجس عمة الكل",
            "61563887745209": "aziz",
            "61563895314424": "نرجس عمة الكل",
            "61564000037603": "aziz",
            "61564021890378": "aziz",
            "61564322500115": "نرجس عمة الكل",
            "61564584372525": "نرجس عمة الكل",
            "61564653104054": "نرجس عمة الكل",
            "61564658030741": "نرجس عمة الكل",
            "61564769199216": "نرجس عمة الكل",
            "61564822466730": "نرجس عمة الكل",
            "61564989176599": "نرجس عمة الكل",
            "61565006346499": "نرجس عمة الكل",
            "61565378002019": "aziz",
            "61565583296612": "aziz",
            "61565787222202": "نرجس عمة الكل",
            "61565827517059": "شنوية♥️🥰",
            "61566117156649": "aziz",
            "61566345352029": "نرجس عمة الكل",
            "61566573929213": "نرجس عمة الكل",
            "61566734339834": "الحراشيةة🖤💛",
            "61566985135111": "نرجس عمة الكل",
            "61567020891005": "aziz",
            "61567096137273": "نرجس عمة الكل",
            "61567139894593": "aziz",
            "61568525485403": "نرجس عمة الكل",
            "61568616381973": "نرجس عمة الكل",
            "61568672725764": "نرجس عمة الكل",
            "61568723476205": "aziz",
            "61568743673387": "نرجس عمة الكل",
            "61569049195891": "نرجس عمة الكل",
            "61569158135829": "نرجس عمة الكل",
            "61569198831485": "نرجس عمة الكل",
            "61569276536504": "نرجس عمة الكل",
            "61569304945786": "aziz",
            "61569591697361": "نرجس عمة الكل",
            "61570322775505": "_لي يخلط يخلص 🔞_🏃🪦أعشق التحدي❤️‍🔥😈⁉️",
            "61570413338435": "نرجس عمة الكل",
            "61570554361657": "نرجس عمة الكل",
            "61570564694339": "aziz",
            "61570941089457": "لَوُنـــــــٌآ ☺️😻",
            "61570949433160": "ايوووب ☺️😻",
            "61571020991191": "نرجس عمة الكل",
            "61571120530167": "نرجس عمة الكل",
            "61571157451572": ".𝐴𝑏𝑑𝑜𝑜𝑐ℎ𝑒ʅ.دڢلاوﻲ",
            "61571282463400": "نرجس عمة الكل",
            "61571571641988": "نرجس عمة الكل",
            "61571660978411": "aziz",
            "61571839761903": "نرجس عمة الكل",
            "61571852728314": "مࢪا۾ ☺️💔",
            "61571878424760": "نرجس عمة الكل",
            "61572202855583": "aziz",
            "61572264454739": "نرجس عمة الكل",
            "61572441730359": "الفتى عميق",
            "61572445830368": "نرجس عمة الكل",
            "61572480403883": "aziz",
            "61572760847711": "نرجس عمة الكل",
            "61572793027574": "aziz",
            "61572889216979": "نرجس عمة الكل",
            "61572983849255": "❀اشرف",
            "61572994894472": "aziz",
            "61573010823494": "نرجس عمة الكل",
            "61573012714698": "نرجس عمة الكل",
            "61573034410224": "نرجس عمة الكل",
            "61573069769986": "نرجس عمة الكل",
            "61573100275840": "aziz",
            "61573195101662": "نرجس عمة الكل",
            "61573284941110": "نرجس عمة الكل",
            "61573387240474": "[ . ] • بوت مدارا [.]🤖💞",
            "61573440897140": "نرجس عمة الكل",
            "61573458043299": "aziz",
            "61573517081441": "ملوڪـة🩷🫧",
            "61573641869902": "نرجس عمة الكل",
            "61573655605958": "نرجس عمة الكل",
            "61573916759463": "[ . ] • B. O. T.! 📜✅"
        }
    }
]