[
    {
        "name": "استغفر الله العظيم واتوب إليه  توبو",
        "id": {
            "100075433007586": "ᎯᏰᎠᎾᏬ",
            "100076123805214": "𒐫𒐫𒐫𒐫𒐫𒐫𒐫𒐫𒐫𒐫𒐫𒐫𒐫𒐫𒐫𒐫𒐫𒐫𒐫𒐫𒐫𒐫𒐫",
            "61550297789389": "𒐫𒐫𒐫𒐫𒐫𒐫𒐫𒐫𒐫𒐫𒐫𒐫𒐫𒐫𒐫𒐫𒐫𒐫𒐫𒐫𒐫𒐫𒐫",
            "61572984185009": "bot oussama",
            "61573748466935": "[ / ] • ادم لعباسي خخ",
            "61573799008249": "شيڪورڪم اسامة تيبازي هوטּ🪻😹💋💘"
        }
    }
]