[
    {
        "name": "",
        "id": {
            "100015791464864": "LM HÑÄ🙃.. (توفيق)",
            "100074622597284": "جعفر 😃🙂",
            "100076123805214": "𒐫𒐫𒐫𒐫𒐫𒐫𒐫𒐫𒐫𒐫𒐫𒐫𒐫𒐫𒐫𒐫𒐫𒐫𒐫𒐫𒐫𒐫𒐫",
            "100094048639115": "ملاااااااك 🥰🥺✨",
            "61550297789389": "𒐫𒐫𒐫𒐫𒐫𒐫𒐫𒐫𒐫𒐫𒐫𒐫𒐫𒐫𒐫𒐫𒐫𒐫𒐫𒐫𒐫𒐫𒐫",
            "61551766036806": "❤️‍🔥🫀واش راك دير في دزاير🫀❤️‍🔥",
            "61552082455940": "لقد تمت ازالتك بواسطة .............",
            "61563808487506": "فـــــــــࢪﻋـوטּ أوفـﯾـســﯾـال",
            "61566463862709": "ارنوبة 😹🐰",
            "61570444386741": "- 𝓡𝓲𝓽𝓪𝓳🍒🍫🍯",
            "61571378842599": "آدم  🩵",
            "61571736820978": "مـــول ڪــــبــــريـــز ايييي🍬😂🤣",
            "61572260362559": "يا حوحوا🐰🧍🏻‍♂️",
            "61572554541764": "واش راك دير فلكابص 💪❤️",
            "61574209130699": "[ . ] • B. O. T.! 📜✅"
        }
    }
]