[
    {
        "name": "معاكم موح وهراني ناكني وحشكم ادم لعباسي تهلاو😿💋",
        "id": {
            "100002631410182": "انا عبدو بليدي نيك عذبني سيمو بسكري 🥺🥵",
            "100004495997715": "انا عبدو بليدي نيك عذبني سيمو بسكري 🥺🥵",
            "100088488834383": "انا موح وهراني نشم زب ادم لعباسي اقسم بالله 😿💋",
            "100092265180435": "انا عبدو بليدي نيك عذبني سيمو بسكري 🥺🥵",
            "61550297789389": "انا عبدو بليدي نيك عذبني سيمو بسكري 🥺🥵",
            "61555671868915": "انا عبدو بليدي نيك عذبني سيمو بسكري 🥺🥵",
            "61572858106033": "انا عبدو بليدي نيك عذبني سيمو بسكري 🥺🥵",
            "61572941954453": "انا عبدو بليدي نيك عذبني سيمو بسكري 🥺🥵",
            "61572984185009": "bot oussama",
            "61572986221173": "انا عبدو بليدي نيك عذبني سيمو بسكري 🥺🥵",
            "61573026748956": "انا عبدو بليدي نيك عذبني سيمو بسكري 🥺🥵",
            "61573064850819": "انا عبدو بليدي نيك عذبني سيمو بسكري 🥺🥵",
            "61573173200726": "انا عبدو بليدي نيك عذبني سيمو بسكري 🥺🥵",
            "61573422262134": "انا عبدو بليدي نيك عذبني سيمو بسكري 🥺🥵",
            "61573592385914": "[ / ] • ادم لعباسي خخ",
            "61573748466935": "[ / ] • ادم لعباسي خخ",
            "61573799008249": "شيڪورڪم اسامة تيبازي هوטּ🪻😹💋💘",
            "61573916759463": "[ / ] • oussama tipaza"
        }
    }
]