[
    {
        "name": "↫✰ ❲  ڪبيࢪكم سيمو وهࢪاني 🥺🫎🪇❳ ➠",
        "id": {
            "1459756311": "معاكم ادم طارفي لحاس لقلاوي سيدو وهراني 🥺🥺😹💋",
            "100000095929182": "اڪــــڕم.شاااوي.حفاف.زب.ڪــــــــبڕااטּ.لعنابي.🥵🥵",
            "100000420582839": "انا اكرم شاوي نشم زب ادم لعباسي 🥺🤲💋",
            "100000430584776": "ڪبيرڪم اسامة تيبازي 🥵🪻",
            "100000956844855": "ڪبيرڪم اسامة تيبازي 🥵🪻",
            "100001461436650": "ڪبيرڪم اسامة تيبازي 🥵🪻",
            "100002053380446": "ڪبيرڪم اسامة تيبازي 🥵🪻",
            "100002404624756": "ڪبيرڪم اسامة تيبازي 🥵🪻",
            "100002514163694": "ڪبيرڪم اسامة تيبازي 🥵🪻",
            "100002557971610": "معاكم ادم طارفي لحاس لقلاوي سيدو وهراني 🥺🥺😹💋🐒",
            "100002804695764": "معاكم ادم طارفي لحاس لقلاوي سيدو وهراني 🥺🥺😹💋",
            "100003058455776": "ڪبيرڪم اسامة تيبازي 🥵🪻",
            "100003532127581": "معاكم ادم طارفي لحاس لقلاوي سيدو وهراني 🥺🥺😹💋🐒",
            "100003754168056": "معاكم ادم طارفي لحاس لقلاوي سيدو وهراني 🥺🥺😹💋",
            "100004097349023": "ڪبيرڪم اسامة تيبازي 🥵🪻",
            "100004208084291": "معاكم ادم طارفي لحاس لقلاوي سيدو وهراني 🥺🥺😹💋",
            "100004649880915": "معاكم ادم طارفي لحاس لقلاوي سيدو وهراني 🥺🥺😹💋",
            "100004709052552": "ڪبيرڪم اسامة تيبازي 🥵🪻",
            "100004714873206": "ڪبيرڪم اسامة تيبازي 🥵🪻",
            "100005602819056": "ڪبيرڪم اسامة تيبازي 🥵🪻",
            "100006237798097": "ڪبيرڪم اسامة تيبازي 🥵🪻",
            "100006982845527": "معاكم ادم طارفي لحاس لقلاوي سيدو وهراني 🥺🥺😹💋",
            "100007270455714": "معاكم ادم طارفي لحاس لقلاوي سيدو وهراني 🥺🥺😹💋",
            "100007278225656": "ڪبيرڪم اسامة تيبازي 🥵🪻",
            "100011146424288": "اڪــــڕم.شاااوي.حفاف.زب.ڪــــــــبڕااטּ.لعنابي.🥵🥵",
            "100017195886156": "اڪــــڕم.شاااوي.حفاف.زب.ڪــــــــبڕااטּ.لعنابي.🥵🥵",
            "100018474436398": "ڪبيرڪم اسامة تيبازي 🥵🪻",
            "100024562871592": "ڪبيرڪم اسامة تيبازي 🥵🪻",
            "100029483674691": "معاكم ادم طارفي لحاس لقلاوي سيدو وهراني 🥺🥺😹💋",
            "100030311586223": "ڪبيرڪم اسامة تيبازي 🥵🪻",
            "100032159539712": "انا اسلام وهراني راڪع نبوس زب اسامة تيبازي 🥺💋🐒",
            "100034795221061": "انا اسلام وهراني راڪع نبوس زب اسامة تيبازي 🥺💋🐒",
            "100046815700907": "معاكم ادم طارفي لحاس لقلاوي سيدو وهراني 🥺🥺😹💋",
            "100054042559563": "اڪــــڕم.شاااوي.حفاف.زب.ڪــــــــبڕااטּ.لعنابي.🥵🥵",
            "100058040681311": "اڪــــڕم.شاااوي.حفاف.زب.ڪــــــــبڕااטּ.لعنابي.🥵🥵",
            "100058939869660": "ڪبيرڪم اسامة تيبازي 🥵🪻",
            "100063535986926": "اڪــــڕم.شاااوي.حفاف.زب.ڪــــــــبڕااטּ.لعنابي.🥵🥵",
            "100064956519151": "ڪبيرڪم اسامة تيبازي 🥵🪻",
            "100067663875988": "انا اسلام وهراني راڪع نبوس زب اسامة تيبازي 🥺💋🐒",
            "100069964995607": "ڪبيرڪم اسامة تيبازي 🥵🪻",
            "100070447280153": "ڪبيرڪم اسامة تيبازي 🥵🪻",
            "100071810869075": "معاكم ادم طارفي لحاس لقلاوي سيدو وهراني 🥺🥺😹💋",
            "100078689682028": "ڪبيرڪم اسامة تيبازي 🥵🪻",
            "100082818151679": "ڪبيرڪم اسامة تيبازي 🥵🪻",
            "100084364503375": "معاكم ادم طارفي لحاس لقلاوي سيدو وهراني 🥺🥺😹💋",
            "100084736060364": "ڪبيرڪم اسامة تيبازي 🥵🪻",
            "100086603284243": "معاكم ادم طارفي لحاس لقلاوي سيدو وهراني 🥺🥺😹💋",
            "100086883849334": "معاكم ادم طارفي لحاس لقلاوي سيدو وهراني 🥺🥺😹💋",
            "100088364802742": "انا اسلام وهراني راڪع نبوس زب اسامة تيبازي 🥺💋🐒",
            "100088488834383": "معاكم ادم طارفي لحاس لقلاوي سيدو وهراني 🥺🥺😹💋",
            "100089544904524": "ڪبيرڪم اسامة تيبازي 🥵🪻",
            "100090777747336": "اڪــــڕم.شاااوي.حفاف.زب.ڪــــــــبڕااטּ.لعنابي.🥵🥵",
            "100091582306331": "م",
            "100091710202364": "ڪبيرڪم اسامة تيبازي 🥵🪻",
            "100092728411989": "ڪبيرڪم اسامة تيبازي 🥵🪻",
            "100093095153426": "معاكم ادم طارفي لحاس لقلاوي سيدو وهراني 🥺🥺😹💋",
            "100093265034065": "ڪبيرڪم اسامة تيبازي 🥵🪻",
            "100094098101023": "ڪبيرڪم اسامة تيبازي 🥵🪻",
            "100095066122159": "انا اكرم شاوي نشم زب ادم لعباسي 🥺🤲💋",
            "100095179404801": "معاكم ادم طارفي لحاس لقلاوي سيدو وهراني 🥺🥺😹💋🐒",
            "100095358885896": "معاكم ادم طارفي لحاس لقلاوي سيدو وهراني 🥺🥺😹💋",
            "61550529971866": "رجع الأسطورة عبدنور وحان وقت تبديل الكنيات 😆👽",
            "61550651906724": "ڪبيرڪم اسامة تيبازي 🥵🪻",
            "61550853005450": "ڪبيرڪم اسامة تيبازي 🥵🪻",
            "61551088349553": "ڪبيرڪم اسامة تيبازي 🥵🪻",
            "61551900723389": "ڪبيرڪم اسامة تيبازي 🥵🪻",
            "61552789941649": "ڪبيرڪم اسامة تيبازي 🥵🪻",
            "61553588512894": "ڪبيرڪم اسامة تيبازي 🥵🪻",
            "61553742416568": "انا فرنشيشكا فيا ريحة ليغاقل🥵😹",
            "61554171542928": "معاكم ادم طارفي لحاس لقلاوي سيدو وهراني 🥺🥺😹💋",
            "61554424906135": "ڪبيرڪم اسامة تيبازي 🥵🪻",
            "61554676798588": "تيـﮯـــــ/ـــــ/ـــــــــــآࢪࢪࢪتيـﮯﮯيﮯ نيـﮯگمـگ🍀",
            "61554691977146": "معاكم ادم طارفي لحاس لقلاوي سيدو وهراني 🥺🥺😹💋",
            "61554732001724": "ڪبيرڪم اسامة تيبازي 🥵🪻",
            "61554766261056": "استغفر الله",
            "61554999802257": "معاكم ادم طارفي لحاس لقلاوي سيدو وهراني 🥺🥺😹💋",
            "61555202183093": "اڪــــڕم.شاااوي.حفاف.زب.ڪــــــــبڕااטּ.لعنابي.🥵🥵",
            "61557776315130": "معاكم ادم طارفي لحاس لقلاوي سيدو وهراني 🥺🥺😹💋",
            "61557834929291": "ڪبيرڪم اسامة تيبازي 🥵🪻",
            "61557979326304": "ڪبيرڪم اسامة تيبازي 🥵🪻",
            "61558231646262": "اڪــــڕم.شاااوي.حفاف.زب.ڪــــــــبڕااטּ.لعنابي.🥵🥵",
            "61558597703697": "معاكم ادم طارفي لحاس لقلاوي سيدو وهراني 🥺🥺😹💋",
            "61558871581935": "ڪبيرڪم اسامة تيبازي 🥵🪻",
            "61559138820273": "انا فرنشيشكا فيا ريحة ليغاقل🥵😹",
            "61559172552315": "معاكم ادم طارفي لحاس لقلاوي سيدو وهراني 🥺🥺😹💋",
            "61559859412359": "اڪــــڕم.شاااوي.حفاف.زب.ڪــــــــبڕااטּ.لعنابي.🥵🥵",
            "61560795700207": "انا فرنشيشكا فيا ريحة ليغاقل🥵😹",
            "61560831518938": "اڪــــڕم.شاااوي.حفاف.زب.ڪــــــــبڕااטּ.لعنابي.🥵🥵",
            "61561004049824": "معاكم ادم طارفي لحاس لقلاوي سيدو وهراني 🥺🥺😹💋",
            "61561702022136": "ڪبيرڪم اسامة تيبازي 🥵🪻",
            "61561806841344": "معاكم ادم طارفي لحاس لقلاوي سيدو وهراني 🥺🥺😹💋",
            "61563437961540": "ڪبيرڪم اسامة تيبازي 🥵🪻",
            "61563975265999": "ڪبيرڪم اسامة تيبازي 🥵🪻",
            "61564367100595": "معاكم ادم طارفي لحاس لقلاوي سيدو وهراني 🥺🥺😹💋",
            "61564842912993": "معاكم ادم طارفي لحاس لقلاوي سيدو وهراني 🥺🥺😹💋🐒",
            "61564905760687": "ڪبيرڪم اسامة تيبازي 🥵🪻",
            "61565064381009": "اڪــــڕم.شاااوي.حفاف.زب.ڪــــــــبڕااטּ.لعنابي.🥵🥵",
            "61565396462159": "ڪبيرڪم اسامة تيبازي 🥵🪻",
            "61565400909902": "ڪبيرڪم اسامة تيبازي 🥵🪻",
            "61565486393774": "معاكم ادم طارفي لحاس لقلاوي سيدو وهراني 🥺🥺😹💋",
            "61566031753134": "معاكم ادم طارفي لحاس لقلاوي سيدو وهراني 🥺🥺😹💋",
            "61566323552836": "ڪبيرڪم اسامة تيبازي 🥵🪻",
            "61566708993258": "ڪبيرڪم اسامة تيبازي 🥵🪻",
            "61566794587338": "معاكم ادم طارفي لحاس لقلاوي سيدو وهراني 🥺🥺😹💋",
            "61567264947176": "ڪبيرڪم اسامة تيبازي 🥵🪻",
            "61567689545381": "ڪبيرڪم اسامة تيبازي 🥵🪻",
            "61567838213204": "انا فرنشيشكا فيا ريحة ليغاقل🥵😹",
            "61568235158217": "ڪبيرڪم اسامة تيبازي 🥵🪻",
            "61568317929765": "ڪبيرڪم اسامة تيبازي 🥵🪻",
            "61568356923538": "معاكم ادم طارفي لحاس لقلاوي سيدو وهراني 🥺🥺😹💋",
            "61568460007324": "معاكم ادم طارفي لحاس لقلاوي سيدو وهراني 🥺🥺😹💋",
            "61568811805349": "معاكم ادم طارفي لحاس لقلاوي سيدو وهراني 🥺🥺😹💋",
            "61568828095948": "ڪبيرڪم اسامة تيبازي 🥵🪻",
            "61568963670866": "معاكم ادم طارفي لحاس لقلاوي سيدو وهراني 🥺🥺😹💋",
            "61569627118256": "ڪبيرڪم اسامة تيبازي 🥵🪻",
            "61569678227290": "لـــؤي الشاوي",
            "61569899467000": "ڪبيرڪم اسامة تيبازي 🥵🪻",
            "61569957874061": "ڪبيرڪم اسامة تيبازي 🥵🪻",
            "61570191377147": "معاكم ادم طارفي لحاس لقلاوي سيدو وهراني 🥺🥺😹💋",
            "61570259760103": "معاكم ادم طارفي لحاس لقلاوي سيدو وهراني 🥺🥺😹💋🐒",
            "61570468032444": "معاكم ادم طارفي لحاس لقلاوي سيدو وهراني 🥺🥺😹💋",
            "61570798040055": "ڪبيرڪم اسامة تيبازي 🥵🪻",
            "61570837976522": "ڪبيرڪم اسامة تيبازي 🥵🪻",
            "61570966123300": "ڪبيرڪم اسامة تيبازي 🥵🪻",
            "61571027463704": "اڪــــڕم.شاااوي.حفاف.زب.ڪــــــــبڕااטּ.لعنابي.🥵🥵",
            "61571054743936": "ڪبيرڪم اسامة تيبازي 🥵🪻",
            "61571160765784": "معاكم ادم طارفي لحاس لقلاوي سيدو وهراني 🥺🥺😹💋",
            "61571166514221": "معاكم ادم طارفي لحاس لقلاوي سيدو وهراني 🥺🥺😹💋",
            "61571267160983": "معاكم ادم طارفي لحاس لقلاوي سيدو وهراني 🥺🥺😹💋",
            "61571271783105": "معاكم ادم طارفي لحاس لقلاوي سيدو وهراني 🥺🥺😹💋🐒",
            "61571382374745": "ڪبيرڪم اسامة تيبازي 🥵🪻",
            "61571387287689": "ڪبيرڪم اسامة تيبازي 🥵🪻",
            "61571506089581": "ڪبيرڪم اسامة تيبازي 🥵🪻",
            "61571626403255": "ڪبيرڪم اسامة تيبازي 🥵🪻",
            "61571628086151": "معاكم ادم طارفي لحاس لقلاوي سيدو وهراني 🥺🥺😹💋",
            "61571878424760": "معاكم ادم طارفي لحاس لقلاوي سيدو وهراني 🥺🥺😹💋🐒",
            "61571942705687": ".",
            "61572236623389": "ڪبيرڪم اسامة تيبازي 🥵🪻",
            "61572238726779": "ڪبيرڪم اسامة تيبازي 🥵🪻",
            "61572247711848": "ڪبيرڪم اسامة تيبازي 🥵🪻",
            "61572282941708": "انا اكرم شاوي نشم زب ادم لعباسي 🥺🤲💋",
            "61572316885201": "معاكم ادم طارفي لحاس لقلاوي سيدو وهراني 🥺🥺😹💋🐒",
            "61572357915768": "ڪبيرڪم اسامة تيبازي 🥵🪻",
            "61572361126607": "ڪبيرڪم اسامة تيبازي 🥵🪻",
            "61572362485624": "ڪبيرڪم اسامة تيبازي 🥵🪻",
            "61572386861877": "ڪبيرڪم اسامة تيبازي 🥵🪻",
            "61572427671330": "معاكم ادم طارفي لحاس لقلاوي سيدو وهراني 🥺🥺😹💋",
            "61572464915196": "ڪبيرڪم اسامة تيبازي 🥵🪻",
            "61572469721860": "ڪبيرڪم اسامة تيبازي 🥵🪻",
            "61572470947520": "معاكم ادم طارفي لحاس لقلاوي سيدو وهراني 🥺🥺😹💋",
            "61572510793263": "ڪبيرڪم اسامة تيبازي 🥵🪻",
            "61572565857922": "معاكم ادم طارفي لحاس لقلاوي سيدو وهراني 🥺🥺😹💋",
            "61572589461984": "ڪبيرڪم اسامة تيبازي 🥵🪻",
            "61572608910521": "ڪبيرڪم اسامة تيبازي 🥵🪻",
            "61572613084064": "معاكم ادم طارفي لحاس لقلاوي سيدو وهراني 🥺🥺😹💋",
            "61572617891963": "اڪــــڕم.شاااوي.حفاف.زب.ڪــــــــبڕااטּ.لعنابي.🥵🥵",
            "61572630130781": "اڪــــڕم.شاااوي.حفاف.زب.ڪــــــــبڕااטּ.لعنابي.🥵🥵",
            "61572663722713": "عـــ亗ـــــاشــق",
            "61572723522328": "ڪبيرڪم اسامة تيبازي 🥵🪻",
            "61572728387600": "معاك طيزمك",
            "61572740051854": "معاكم ادم طارفي لحاس لقلاوي سيدو وهراني 🥺🥺😹💋",
            "61572741452702": "اڪــــڕم.شاااوي.حفاف.زب.ڪــــــــبڕااטּ.لعنابي.🥵🥵",
            "61572771887604": "ڪبيرڪم اسامة تيبازي 🥵🪻",
            "61572791010432": "معاكم ادم طارفي لحاس لقلاوي سيدو وهراني 🥺🥺😹💋",
            "61572792123858": "ڪبيرڪم اسامة تيبازي 🥵🪻",
            "61572793354183": "انا اسلام وهراني راڪع نبوس زب اسامة تيبازي 🥺💋🐒",
            "61572811062755": "ڪبيرڪم اسامة تيبازي 🥵🪻",
            "61572813734703": "ڪبيرڪم اسامة تيبازي 🥵🪻",
            "61572816907870": "معاكم ادم طارفي لحاس لقلاوي سيدو وهراني 🥺🥺😹💋",
            "61572831847725": "معاكم ادم طارفي لحاس لقلاوي سيدو وهراني 🥺🥺😹💋",
            "61572854769755": "ڪبيرڪم اسامة تيبازي 🥵🪻",
            "61572858134702": "ڪبيرڪم اسامة تيبازي 🥵🪻",
            "61572864980401": "ڪبيرڪم اسامة تيبازي 🥵🪻",
            "61572877723010": "ڪبيرڪم اسامة تيبازي 🥵🪻",
            "61572889126681": "معاكم ادم طارفي لحاس لقلاوي سيدو وهراني 🥺🥺😹💋",
            "61572896924973": "معاكم ادم طارفي لحاس لقلاوي سيدو وهراني 🥺🥺😹💋",
            "61572901597385": "معاكم ادم طارفي لحاس لقلاوي سيدو وهراني 🥺🥺😹💋",
            "61572918752064": "ڪبيرڪم اسامة تيبازي 🥵🪻",
            "61572920313581": "ڪبيرڪم اسامة تيبازي 🥵🪻",
            "61572964064890": "معاكم ادم طارفي لحاس لقلاوي سيدو وهراني 🥺🥺😹💋",
            "61572964844406": "ڪبيرڪم اسامة تيبازي 🥵🪻",
            "61572966471359": "ڪبيرڪم اسامة تيبازي 🥵🪻",
            "61572970472821": "ڪبيرڪم اسامة تيبازي 🥵🪻",
            "61572974740732": "معاكم ادم طارفي لحاس لقلاوي سيدو وهراني 🥺🥺😹💋",
            "61572984185009": "معاكم ادم طارفي لحاس لقلاوي سيدو وهراني 🥺🥺😹💋",
            "61573013158910": "ڪبيرڪم اسامة تيبازي 🥵🪻",
            "61573017819054": "ڪبيرڪم اسامة تيبازي 🥵🪻",
            "61573026748956": "تطب سماح ولا لا؟ 🏩💮",
            "61573029542384": "انا اسلام وهراني راڪع نبوس زب اسامة تيبازي 🥺💋🐒",
            "61573040146221": "انا اسلام وهراني راڪع نبوس زب اسامة تيبازي 🥺💋🐒",
            "61573042059643": "انا اسلام وهراني راڪع نبوس زب اسامة تيبازي 🥺💋🐒",
            "61573052368561": "ڪبيرڪم اسامة تيبازي 🥵🪻",
            "61573056552622": "معاكم ادم طارفي لحاس لقلاوي سيدو وهراني 🥺🥺😹💋",
            "61573059892092": "معاكم ادم طارفي لحاس لقلاوي سيدو وهراني 🥺🥺😹💋",
            "61573064526408": "انا اكرم شاوي نشم زب ادم لعباسي 🥺🤲💋",
            "61573064786360": "معاكم ادم طارفي لحاس لقلاوي سيدو وهراني 🥺🥺😹💋",
            "61573083934127": "ڪبيرڪم اسامة تيبازي 🥵🪻",
            "61573084956543": "معاكم ادم طارفي لحاس لقلاوي سيدو وهراني 🥺🥺😹💋",
            "61573092272308": "ڪبيرڪم اسامة تيبازي 🥵🪻",
            "61573102081752": "ڪبيرڪم اسامة تيبازي 🥵🪻",
            "61573103375726": "ڪبيرڪم اسامة تيبازي 🥵🪻",
            "61573109009628": "معاكم ادم طارفي لحاس لقلاوي سيدو وهراني 🥺🥺😹💋",
            "61573111996689": "𝄞",
            "61573137209976": "ڪبيرڪم اسامة تيبازي 🥵🪻",
            "61573139716195": "ڪبيرڪم اسامة تيبازي 🥵🪻",
            "61573145588218": "معاكم ادم طارفي لحاس لقلاوي سيدو وهراني 🥺🥺😹💋",
            "61573165547758": "ڪبيرڪم اسامة تيبازي 🥵🪻",
            "61573184514630": "ڪبيرڪم اسامة تيبازي 🥵🪻",
            "61573184955116": "معاكم ادم طارفي لحاس لقلاوي سيدو وهراني 🥺🥺😹💋",
            "61573187283407": "معاكم ادم طارفي لحاس لقلاوي سيدو وهراني 🥺🥺😹💋",
            "61573189520907": "ڪبيرڪم اسامة تيبازي 🥵🪻",
            "61573195923893": "ڪبيرڪم اسامة تيبازي 🥵🪻",
            "61573198598561": "ڪبيرڪم اسامة تيبازي 🥵🪻",
            "61573200167982": "ڪبيرڪم اسامة تيبازي 🥵🪻",
            "61573202892716": "ڪبيرڪم اسامة تيبازي 🥵🪻",
            "61573232001506": "اڪــــڕم.شاااوي.حفاف.زب.ڪــــــــبڕااטּ.لعنابي.🥵🥵",
            "61573277657669": "معاكم ادم طارفي لحاس لقلاوي سيدو وهراني 🥺🥺😹💋",
            "61573349537002": "ڪبيرڪم اسامة تيبازي 🥵🪻",
            "61573370273940": "معاكم ادم طارفي لحاس لقلاوي سيدو وهراني 🥺🥺😹💋",
            "61573373335565": "ڪبيرڪم اسامة تيبازي 🥵🪻",
            "61573394683669": "ڪبيرڪم اسامة تيبازي 🥵🪻",
            "61573400055349": "انا اسلام وهراني راڪع نبوس زب اسامة تيبازي 🥺💋🐒",
            "61573433536608": "معاكم ادم طارفي لحاس لقلاوي سيدو وهراني 🥺🥺😹💋",
            "61573434697243": "ڪبيرڪم اسامة تيبازي 🥵🪻",
            "61573488744131": "ڪبيرڪم اسامة تيبازي 🥵🪻",
            "61573513353085": "↫ࢪفُيّــــقَ تُيّــــآرتُيّ نِڪمِڪ ↬(☧🫨)🚸",
            "61573515051177": "ڪبيرڪم اسامة تيبازي 🥵🪻",
            "61573533950683": "ڪبيرڪم اسامة تيبازي 🥵🪻",
            "61573549014752": "ڪبيرڪم اسامة تيبازي 🥵🪻",
            "61573552830852": "ڪبيرڪم اسامة تيبازي 🥵🪻",
            "61573565296002": "ڪبيرڪم اسامة تيبازي 🥵🪻",
            "61573570286717": "معاكم ادم طارفي لحاس لقلاوي سيدو وهراني 🥺🥺😹💋",
            "61573572154608": "انا عبدو بليدي نيك. عذبني سيمو بسكري 💋😹☹️",
            "61573596212054": "ڪبيرڪم اسامة تيبازي 🥵🪻",
            "61573618469260": "ڪبيرڪم اسامة تيبازي 🥵🪻",
            "61573618520800": "ڪبيرڪم اسامة تيبازي 🥵🪻",
            "61573629983941": "معاكم ادم طارفي لحاس لقلاوي سيدو وهراني 🥺🥺😹💋🐒",
            "61573636251004": "معاكم ادم طارفي لحاس لقلاوي سيدو وهراني 🥺🥺😹💋",
            "61573647969842": "معاكم ادم طارفي لحاس لقلاوي سيدو وهراني 🥺🥺😹💋",
            "61573650779443": "ڪبيرڪم اسامة تيبازي 🥵🪻",
            "61573659100790": "ڪبيرڪم اسامة تيبازي 🥵🪻",
            "61573659531872": "ڪبيرڪم اسامة تيبازي 🥵🪻",
            "61573681345438": "معاكم ادم طارفي لحاس لقلاوي سيدو وهراني 🥺🥺😹💋",
            "61573704322511": "ڪبيرڪم اسامة تيبازي 🥵🪻",
            "61573723116816": "ڪبيرڪم اسامة تيبازي 🥵🪻",
            "61573743241961": "ڪبيرڪم اسامة تيبازي 🥵🪻",
            "61573743274835": "معاكم ادم طارفي لحاس لقلاوي سيدو وهراني 🥺🥺😹💋",
            "61573746696054": "ڪبيرڪم اسامة تيبازي 🥵🪻",
            "61573748466935": "ڪبيرڪم اسامة تيبازي 🥵🪻",
            "61573764444225": "معاكم ادم طارفي لحاس لقلاوي سيدو وهراني 🥺🥺😹💋🐒",
            "61573777054546": "ڪبيرڪم اسامة تيبازي 🥵🪻",
            "61573793372866": "ڪبيرڪم اسامة تيبازي 🥵🪻",
            "61573799008249": "معاكم ادم طارفي لحاس لقلاوي سيدو وهراني 🥺🥺😹💋",
            "61573830840989": "ڪبيرڪم اسامة تيبازي 🥵🪻",
            "61573834771020": "معاكم ادم طارفي لحاس لقلاوي سيدو وهراني 🥺🥺😹💋",
            "61573867048528": "ڪبيرڪم اسامة تيبازي 🥵🪻",
            "61573867557333": "ڪبيرڪم اسامة تيبازي 🥵🪻",
            "61573972193774": "ڪبيرڪم اسامة تيبازي 🥵🪻",
            "61573991451998": "معاكم ادم طارفي لحاس لقلاوي سيدو وهراني 🥺🥺😹💋",
            "61574002760596": "معاكم ادم طارفي لحاس لقلاوي سيدو وهراني 🥺🥺😹💋",
            "61574069300095": "ڪبيرڪم اسامة تيبازي 🥵🪻"
        }
    }
]