[
    {
        "name": "لينة شدي مونتك دا بب منزيدش ندخلو نلغم لخر",
        "id": {
            "100000954094833": ".",
            "100002339828934": "خليلو دفلاوي. 🪿🌸",
            "61552734010841": "انا صهيب جلفاوي شواكري ادم لعباسي ويوسف تلمساني🥺🐰💋",
            "61553037955561": "انا صهيب جلفاوي شواكري ادم لعباسي ويوسف تلمساني🥺🐰💋",
            "61556042034767": "انا صهيب جلفاوي شواكري ادم لعباسي ويوسف تلمساني🥺🐰💋",
            "61556457471401": "انا صهيب جلفاوي شواكري ادم لعباسي ويوسف تلمساني🥺🐰💋",
            "61558801270853": "انا صهيب جلفاوي شواكري ادم لعباسي ويوسف تلمساني🥺🐰💋",
            "61561106652947": "انا صهيب جلفاوي شواكري ادم لعباسي ويوسف تلمساني🥺🐰💋",
            "61565707736227": "انا صهيب جلفاوي شواكري ادم لعباسي ويوسف تلمساني🥺🐰💋",
            "61568353749936": "انا صهيب جلفاوي شواكري ادم لعباسي ويوسف تلمساني🥺🐰💋",
            "61573618520800": "انا صهيب جلفاوي شواكري ادم لعباسي ويوسف تلمساني🥺🐰💋",
            "61573742591235": "انا صهيب جلفاوي شواكري ادم لعباسي ويوسف تلمساني🥺🐰💋",
            "61573812275901": "انا صهيب جلفاوي شواكري ادم لعباسي ويوسف تلمساني🥺🐰💋",
            "61574003600867": "انا صهيب جلفاوي شواكري ادم لعباسي ويوسف تلمساني🥺🐰💋",
            "61574053793858": "شيكورك لعباسي 🐰💋"
        }
    }
]