[
    {
        "name": "انا حمزة مسيلي شيكوري جليل عباسي 🥺💋",
        "id": {
            "100000338016091": "انا سيدو وهراني نشم زب ادم لعباسي 🥺💋💠",
            "100002475725717": "انا سيدو وهراني نشم زب ادم لعباسي 🥺💋💠",
            "100002506698251": "انا سيدو وهراني نشم زب ادم لعباسي 🥺💋💠",
            "100007954205162": "انا سيدو وهراني نشم زب ادم لعباسي 🥺💋💠",
            "100021415674414": "انا سيدو وهراني نشم زب ادم لعباسي 🥺💋💠",
            "100024715321026": "انا سيدو وهراني نشم زب ادم لعباسي 🥺💋💠",
            "100030809583428": "انا سيدو وهراني نشم زب ادم لعباسي 🥺💋💠",
            "100048120457697": "انا سيدو وهراني نشم زب ادم لعباسي 🥺💋💠",
            "100049906501876": "انا سيدو وهراني نشم زب ادم لعباسي 🥺💋💠",
            "100055775004878": "انا سيدو وهراني نشم زب ادم لعباسي 🥺💋💠",
            "100055862750466": "انا سيدو وهراني نشم زب ادم لعباسي 🥺💋💠",
            "100067663875988": "انا سيدو وهراني نشم زب ادم لعباسي 🥺💋💠",
            "100072753985586": "انا سيدو وهراني نشم زب ادم لعباسي 🥺💋💠",
            "100077466008724": "انا سيدو وهراني نشم زب ادم لعباسي 🥺💋💠",
            "100081652204496": "انا سيدو وهراني نشم زب ادم لعباسي 🥺💋💠",
            "100085403923659": "انا سيدو وهراني نشم زب ادم لعباسي 🥺💋💠",
            "100087775043661": "انا سيدو وهراني نشم زب ادم لعباسي 🥺💋💠",
            "100089259265879": "انا سيدو وهراني نشم زب ادم لعباسي 🥺💋💠",
            "100093095153426": "انا سيدو وهراني نشم زب ادم لعباسي 🥺💋💠",
            "100093131147668": "انا سيدو وهراني نشم زب ادم لعباسي 🥺💋💠",
            "61550223344562": "انا سيدو وهراني نشم زب ادم لعباسي 🥺💋💠",
            "61550240372426": "انا سيدو وهراني نشم زب ادم لعباسي 🥺💋💠",
            "61550546270950": "انا سيدو وهراني نشم زب ادم لعباسي 🥺💋💠",
            "61551850275652": "انا سيدو وهراني نشم زب ادم لعباسي 🥺💋💠",
            "61551889705943": "انا سيدو وهراني نشم زب ادم لعباسي 🥺💋💠",
            "61552373604627": "انا سيدو وهراني نشم زب ادم لعباسي 🥺💋💠",
            "61555671868915": "انا سيدو وهراني نشم زب ادم لعباسي 🥺💋💠",
            "61555908730667": "انا سيدو وهراني نشم زب ادم لعباسي 🥺💋💠",
            "61558654947748": "انا سيدو وهراني نشم زب ادم لعباسي 🥺💋💠",
            "61561596178790": "انا سيدو وهراني نشم زب ادم لعباسي 🥺💋💠",
            "61565586686712": "انا سيدو وهراني نشم زب ادم لعباسي 🥺💋💠",
            "61566186627328": "انا سيدو وهراني نشم زب ادم لعباسي 🥺💋💠",
            "61566256797440": "انا سيدو وهراني نشم زب ادم لعباسي 🥺💋💠",
            "61568189937588": "انا سيدو وهراني نشم زب ادم لعباسي 🥺💋💠",
            "61569698573640": "انا سيدو وهراني نشم زب ادم لعباسي 🥺💋💠",
            "61571068455256": "انا سيدو وهراني نشم زب ادم لعباسي 🥺💋💠",
            "61571080604781": "انا سيدو وهراني نشم زب ادم لعباسي 🥺💋💠",
            "61571465921365": "انا سيدو وهراني نشم زب ادم لعباسي 🥺💋💠",
            "61572362485624": "انا سيدو وهراني نشم زب ادم لعباسي 🥺💋💠",
            "61572590698723": "انا سيدو وهراني نشم زب ادم لعباسي 🥺💋💠",
            "61572690105719": "انا سيدو وهراني نشم زب ادم لعباسي 🥺💋💠",
            "61572691371949": "انا سيدو وهراني نشم زب ادم لعباسي 🥺💋💠",
            "61572736709988": "انا سيدو وهراني نشم زب ادم لعباسي 🥺💋💠",
            "61572882214374": "انا سيدو وهراني نشم زب ادم لعباسي 🥺💋💠",
            "61573137209976": "انا سيدو وهراني نشم زب ادم لعباسي 🥺💋💠",
            "61573179223383": "انا سيدو وهراني نشم زب ادم لعباسي 🥺💋💠",
            "61573312058933": "انا سيدو وهراني نشم زب ادم لعباسي 🥺💋💠",
            "61573379588044": "ا.",
            "61573483084953": "انا سيدو وهراني نشم زب ادم لعباسي 🥺💋💠",
            "61573503437309": "انا سيدو وهراني نشم زب ادم لعباسي 🥺💋💠",
            "61573506098756": "انا سيدو وهراني نشم زب ادم لعباسي 🥺💋💠",
            "61573532765462": "انا سيدو وهراني نشم زب ادم لعباسي 🥺💋💠",
            "61573549014752": "انا سيدو وهراني نشم زب ادم لعباسي 🥺💋💠",
            "61573640583277": "انا سيدو وهراني نشم زب ادم لعباسي 🥺💋💠",
            "61573712164707": "انا سيدو وهراني نشم زب ادم لعباسي 🥺💋💠",
            "61573732974274": "انا سيدو وهراني نشم زب ادم لعباسي 🥺💋💠",
            "61573792595662": "انا سيدو وهراني نشم زب ادم لعباسي 🥺💋💠",
            "61573889755984": "انا سيدو وهراني نشم زب ادم لعباسي 🥺💋💠",
            "61573905688752": "انا سيدو وهراني نشم زب ادم لعباسي 🥺💋💠",
            "61573908590169": "انا سيدو وهراني نشم زب ادم لعباسي 🥺💋💠",
            "61573916759463": "انا سيدو وهراني نشم زب ادم لعباسي 🥺💋💠",
            "61573943578182": "انا سيدو وهراني نشم زب ادم لعباسي 🥺💋💠",
            "61573990976908": "انا سيدو وهراني نشم زب ادم لعباسي 🥺💋💠",
            "61574016625165": "انا سيدو وهراني نشم زب ادم لعباسي 🥺💋💠",
            "61574019356813": ".",
            "61574053793858": "انا سيدو وهراني نشم زب ادم لعباسي 🥺💋💠"
        }
    }
]