[
    {
        "name": "معاكم موح وهراني ناكني وحشكم ادم لعباسي تهلاو😿💋",
        "id": {
            "100003058455776": "↫✰ ❲انا ادم طارفي عاشق زب سيدو وهراني 🥺💋❳ ➠",
            "61565051556046": "كنية",
            "61572984185009": "bot oussama",
            "61573046686274": ".",
            "61573202892716": "ٱٱ.ڪ.م رب-تشريد- اسامة-تيبازي- ٱٱ-نڪمڪ-رڪوع",
            "61573748466935": "[ / ] • ادم لعباسي خخ",
            "61573799008249": "شيڪورڪم اسامة تيبازي هوטּ🪻😹💋💘"
        }
    }
]