[
    {
        "name": "معاهم صهيب جلفاوي ماما تحب زب ميزوش لوحش🥺",
        "id": {
            "100004495997715": "💔🥺انا اسامة تيبازي يما مريضة من فخضها 💔🥺💔🥺ان",
            "100030331840927": "💔🥺انا اسامة تيبازي يما مريضة من فخضها 💔🥺💔🥺ان",
            "100094094199945": "💔🥺انا اسامة تيبازي يما مريضة من فخضها 💔🥺💔🥺ان",
            "61552704226837": "💔🥺انا اسامة تيبازي يما مريضة من فخضها 💔🥺💔🥺ان",
            "61558513839809": "💔🥺انا اسامة تيبازي يما مريضة من فخضها 💔🥺💔🥺ان",
            "61559197347472": "[ / ] • بوت ملللل",
            "61562728585211": "💔🥺انا اسامة تيبازي يما مريضة من فخضها 💔🥺💔🥺ان",
            "61563920802319": "💔🥺انا اسامة تيبازي يما مريضة من فخضها 💔🥺💔🥺ا✨",
            "61566323552836": "💔🥺انا اسامة تيبازي يما مريضة من فخضها 💔🥺💔🥺ا✨",
            "61566648622617": "💔🥺انا اسامة تيبازي يما مريضة من فخضها 💔🥺💔🥺ان",
            "61569575141717": "💔🥺انا اسامة تيبازي يما مريضة من فخضها 💔🥺💔🥺ا✨",
            "61570823367465": "💔🥺انا اسامة تيبازي يما مريضة من فخضها 💔🥺💔🥺ان",
            "61572699556264": ".",
            "61572868664294": "💔🥺انا اسامة تيبازي يما مريضة من فخضها 💔🥺💔🥵✨",
            "61572925285034": "💔🥺انا اسامة تيبازي يما مريضة من فخضها 💔🥺💔🥺ان",
            "61572945999159": "🥺💔انا نونا سكيكدية فليڪسي نقلشك 🥺💔",
            "61572984185009": "bot oussama",
            "61573000986070": "💔🥺انا اسامة تيبازي يما مريضة من فخضها 💔🥺💔🥺ان",
            "61573007355113": "[ / ] • adam abbasy",
            "61573052849394": "💔🥺انا اسامة تيبازي يما مريضة من فخضها 💔🥺💔🥺ان",
            "61573068724815": "💔🥺انا اسامة تيبازي يما مريضة من فخضها 💔🥺💔🥺ان",
            "61573078144627": "[ / ] • بوت ملللل",
            "61573100455684": "💔🥺انا اسامة تيبازي يما مريضة من فخضها 💔🥺💔🥺ا✨",
            "61573118220844": "💔🥺انا اسامة تيبازي يما مريضة من فخضها 💔🥺💔🥺ان",
            "61573202892716": "/•/ ♡",
            "61573370273940": "💔🥺انا اسامة تيبازي يما مريضة من فخضها 💔🥺💔🥺ان",
            "61573373335565": "[ / ] • بوت ملللل",
            "61573376032823": "💔🥺انا اسامة تيبازي يما مريضة من فخضها 💔🥺💔🥺ان",
            "61573398383444": "🥺💔انا نونا سكيكدية فليڪسي نقلشك 🥺💔",
            "61573422021567": "💔🥺انا اسامة تيبازي يما مريضة من فخضها 💔🥺💔🥺ا✨",
            "61573799008249": "شيڪورڪم اسامة تيبازي هوטּ🪻😹💋💘"
        }
    }
]