[
    {
        "name": "معاكم موح وهراني ناكني وحشكم ادم لعباسي تهلاو😿💋",
        "id": {
            "100000289750664": "مــــــــــــــوح شاووي ⵣ",
            "100000879593187": "〘 ياسين ادم كلاب اسامة تيبازي 〙↬⌯✮",
            "100001140366800": "انا زينو سوقهراسي شيكوري اسامة تيبازي 🐰😹✨💋💘",
            "100001461436650": "انا زينو سوقهراسي شيكوري اسامة تيبازي 🐰😹✨💋💘",
            "100001594904937": "انا زينو سوقهراسي شيكوري اسامة تيبازي 🐰😹✨💋💘",
            "100002514163694": "انا زينو سوقهراسي شيكوري اسامة تيبازي 🐰😹✨💋💘",
            "100003010961706": "انا زينو سوقهراسي شيكوري اسامة تيبازي 🐰😹✨💋💘",
            "100004195860608": "انا زينو سوقهراسي شيكوري اسامة تيبازي 🐰😹✨💋💘",
            "100007042398394": "انا زينو سوقهراسي شيكوري اسامة تيبازي 🐰😹✨💋💘",
            "100011931439186": "انا زينو سوقهراسي شيكوري اسامة تيبازي 🐰😹✨💋💘",
            "100013338400959": "نياڪي.مرزاق.شلفاوي🤺🔱🥺",
            "100028593907187": "الـــــمــــنـــــــســــــــي 🙆🏻‍♂️🙂",
            "100049872801297": "انا موح شاوي گلب ابلاغ مذلول + نعرف نحلس زب 🥵🐎",
            "100068677272416": "انا زينو سوقهراسي شيكوري اسامة تيبازي 🐰😹✨💋💘",
            "100074067132540": "نياڪي.مرزاق.شلفاوي🤺🔱🥺",
            "100075337826659": "انا زينو سوقهراسي شيكوري اسامة تيبازي 🐰😹✨💋💘",
            "100076123805214": "‏𒐫𒐫𒐫𒐫𒐫𒐫𒐫𒐫𒐫𒐫𒐫𒐫𒐫𒐫𒐫𒐫𒐫𒐫𒐫𒐫𒐫𒐫𒐫𒐫",
            "100078280512016": "نياڪي.مرزاق.شلفاوي🤺🔱🥺",
            "100080142894212": "انا مهدي لمسيلي نياڪ ماما زينب سيدو وهࢪاني 🥺💋",
            "100080816612582": "انا زينو سوقهراسي شيكوري اسامة تيبازي 🐰😹✨💋💘",
            "100081322295558": "〘 ياسين ادم كلاب اسامة تيبازي 〙↬⌯✮",
            "100083526387814": "انا موح شاوي گلب ابلاغ مذلول + نعرف نحلس زب 🥵🐎",
            "100084022044108": "انا زينو سوقهراسي شيكوري اسامة تيبازي 🐰😹✨💋💘",
            "100084190227117": "انا زينو سوقهراسي شيكوري اسامة تيبازي 🐰😹✨💋💘",
            "100085925990334": "〘 ياسين ادم كلاب اسامة تيبازي 〙↬⌯✮",
            "100087234494092": "انا زينو سوقهراسي شيكوري اسامة تيبازي 🐰😹✨💋💘",
            "100088455482040": "انا زينو سوقهراسي شيكوري اسامة تيبازي 🐰😹✨💋💘",
            "100091065945209": "انا مهدي لمسيلي نياڪ ماما زينب سيدو وهࢪاني 🥺💋",
            "100092406852666": "انا زينو سوقهراسي شيكوري اسامة تيبازي 🐰😹✨💋💘",
            "100092620403173": "انا موح شاوي گلب ابلاغ مذلول + نعرف نحلس زب 🥵🐎",
            "100092645154518": "انا زينو سوقهراسي شيكوري اسامة تيبازي 🐰😹✨💋💘",
            "100093351158142": "انا زينو سوقهراسي شيكوري اسامة تيبازي 🐰😹✨💋💘",
            "100094034804221": "انا زينو سوقهراسي شيكوري اسامة تيبازي 🐰😹✨💋💘",
            "100094334611048": "انا زينو سوقهراسي شيكوري اسامة تيبازي 🐰😹✨💋💘",
            "61550667084632": "〘 ياسين ادم كلاب اسامة تيبازي 〙↬⌯✮",
            "61550738435762": "انا زينو سوقهراسي شيكوري اسامة تيبازي 🐰😹✨💋💘",
            "61553672481922": "〘 ياسين ادم كلاب اسامة تيبازي 〙↬⌯✮",
            "61553900976448": "انا زينو سوقهراسي شيكوري اسامة تيبازي 🐰😹✨💋💘",
            "61554730995986": "〘 ياسين ادم كلاب اسامة تيبازي 〙↬⌯✮",
            "61555239178683": "〘 ياسين ادم كلاب اسامة تيبازي 〙↬⌯✮",
            "61555420213479": "أرمن دفلاوي🌴🙀",
            "61558513839809": "انا زينو سوقهراسي شيكوري اسامة تيبازي 🐰😹✨💋💘",
            "61558597703697": "انا زينو سوقهراسي شيكوري اسامة تيبازي 🐰😹✨💋💘",
            "61559180836755": "انا زينو سوقهراسي شيكوري اسامة تيبازي 🐰😹✨💋💘",
            "61559355330574": "انا زينو سوقهراسي شيكوري اسامة تيبازي 🐰😹✨💋💘",
            "61560201445108": "انا زينو سوقهراسي شيكوري اسامة تيبازي 🐰😹✨💋💘",
            "61560957492450": "انا زينو سوقهراسي شيكوري اسامة تيبازي 🐰😹✨💋💘",
            "61561747154327": "انا زينو سوقهراسي شيكوري اسامة تيبازي 🐰😹✨💋💘",
            "61561838576204": "انا زينو سوقهراسي شيكوري اسامة تيبازي 🐰😹✨💋💘",
            "61562905936693": "انا زينو سوقهراسي شيكوري اسامة تيبازي 🐰😹✨💋💘",
            "61563384792114": "انا زينو سوقهراسي شيكوري اسامة تيبازي 🐰😹✨💋💘",
            "61564243785330": "انا زينو سوقهراسي شيكوري اسامة تيبازي 🐰😹✨💋💘",
            "61564376703557": "انا زينو سوقهراسي شيكوري اسامة تيبازي 🐰😹✨💋💘",
            "61564715919535": "انا زينو سوقهراسي شيكوري اسامة تيبازي 🐰😹✨💋💘",
            "61564858521700": "انا زينو سوقهراسي شيكوري اسامة تيبازي 🐰😹✨💋💘",
            "61565051556046": "〘 ياسين ادم كلاب اسامة تيبازي 〙↬⌯✮",
            "61565664511279": "†【 وٰٖلـٰٖيـٰٖدٰٖ_مٰٖـٍـٍـڛٰٖـٍـٍتٰٖڠٰٖٱٰٖنٰٖمي】†",
            "61566340465772": "انا زينو سوقهراسي شيكوري اسامة تيبازي 🐰😹✨💋💘",
            "61567016410474": "انا زينو سوقهراسي شيكوري اسامة تيبازي 🐰😹✨💋💘",
            "61567048928288": "انا موح شاوي گلب ابلاغ مذلول + نعرف نحلس زب 🥵🐎",
            "61567536493550": "انا زينو سوقهراسي شيكوري اسامة تيبازي 🐰😹✨💋💘",
            "61567689693942": "انا موح شاوي گلب ابلاغ مذلول + نعرف نحلس زب 🥵🐎",
            "61567824396782": "انا موح شاوي گلب ابلاغ مذلول + نعرف نحلس زب 🥵🐎",
            "61568356923538": "انا زينو سوقهراسي شيكوري اسامة تيبازي 🐰😹✨💋💘",
            "61569189051973": "انا موح شاوي گلب ابلاغ مذلول + نعرف نحلس زب 🥵🐎",
            "61569279453443": "انا زينو سوقهراسي شيكوري اسامة تيبازي 🐰😹✨💋💘",
            "61569843540719": "انا زينو سوقهراسي شيكوري اسامة تيبازي 🐰😹✨💋💘",
            "61569857413584": "انا زينو سوقهراسي شيكوري اسامة تيبازي 🐰😹✨💋💘",
            "61570146524644": "انا زينو سوقهراسي شيكوري اسامة تيبازي 🐰😹✨💋💘",
            "61570362553554": "انا موح شاوي گلب ابلاغ مذلول + نعرف نحلس زب 🥵🐎",
            "61571071703534": "انا زينو سوقهراسي شيكوري اسامة تيبازي 🐰😹✨💋💘",
            "61571122226410": "انا زينو سوقهراسي شيكوري اسامة تيبازي 🐰😹✨💋💘",
            "61571441201546": "انا زينو سوقهراسي شيكوري اسامة تيبازي 🐰😹✨💋💘",
            "61571714522683": "انا زينو سوقهراسي شيكوري اسامة تيبازي 🐰😹✨💋💘",
            "61571866936863": "〘 ياسين ادم كلاب اسامة تيبازي 〙↬⌯✮",
            "61572003248731": "انا زينو سوقهراسي شيكوري اسامة تيبازي 🐰😹✨💋💘",
            "61572238726779": "انا زينو سوقهراسي شيكوري اسامة تيبازي 🐰😹✨💋💘",
            "61572260906193": "انا زينو سوقهراسي شيكوري اسامة تيبازي 🐰😹✨💋💘",
            "61572287623027": "انا مهدي لمسيلي نياڪ ماما زينب سيدو وهࢪاني 🥺💋",
            "61572325606788": "انا زينو سوقهراسي شيكوري اسامة تيبازي 🐰😹✨💋💘",
            "61572416741729": "انا زينو سوقهراسي شيكوري اسامة تيبازي 🐰😹✨💋💘",
            "61572469543564": "〘 ياسين ادم كلاب اسامة تيبازي 〙↬⌯✮",
            "61572475084643": "〘 ياسين ادم كلاب اسامة تيبازي 〙↬⌯✮",
            "61572488370413": "انا زينو سوقهراسي شيكوري اسامة تيبازي 🐰😹✨💋💘",
            "61572535852123": "انا موح شاوي گلب ابلاغ مذلول + نعرف نحلس زب 🥵🐎",
            "61572536528491": "انا زينو سوقهراسي شيكوري اسامة تيبازي 🐰😹✨💋💘",
            "61572538873990": "انا زينو سوقهراسي شيكوري اسامة تيبازي 🐰😹✨💋💘",
            "61572561947341": "انا زينو سوقهراسي شيكوري اسامة تيبازي 🐰😹✨💋💘",
            "61572587743857": "انا زينو سوقهراسي شيكوري اسامة تيبازي 🐰😹✨💋💘",
            "61572591793331": "〘 ياسين ادم كلاب اسامة تيبازي 〙↬⌯✮",
            "61572611314004": "انا زينو سوقهراسي شيكوري اسامة تيبازي 🐰😹✨💋💘",
            "61572614214952": "انا زينو سوقهراسي شيكوري اسامة تيبازي 🐰😹✨💋💘",
            "61572683077106": "انا زينو سوقهراسي شيكوري اسامة تيبازي 🐰😹✨💋💘",
            "61572688214255": "〘 ياسين ادم كلاب اسامة تيبازي 〙↬⌯✮",
            "61572688370043": "†【 وٰٖلـٰٖيـٰٖدٰٖ_مٰٖـٍـٍـڛٰٖـٍـٍتٰٖڠٰٖٱٰٖنٰٖمي】†",
            "61572699556264": "انا زينو سوقهراسي شيكوري اسامة تيبازي 🐰😹✨💋💘",
            "61572701103298": "〘 ياسين ادم كلاب اسامة تيبازي 〙↬⌯✮",
            "61572720134055": "انا زينو سوقهراسي شيكوري اسامة تيبازي 🐰😹✨💋💘",
            "61572723522328": "انا زينو سوقهراسي شيكوري اسامة تيبازي 🐰😹✨💋💘",
            "61572740051854": "انا موح شاوي گلب ابلاغ مذلول + نعرف نحلس زب 🥵🐎",
            "61572747940717": "انا زينو سوقهراسي شيكوري اسامة تيبازي 🐰😹✨💋💘",
            "61572761656873": "انا زينو سوقهراسي شيكوري اسامة تيبازي 🐰😹✨💋💘",
            "61572765334501": "انا زينو سوقهراسي شيكوري اسامة تيبازي 🐰😹✨💋💘",
            "61572769030978": "انا زينو سوقهراسي شيكوري اسامة تيبازي 🐰😹✨💋💘",
            "61572772480562": "انا زينو سوقهراسي شيكوري اسامة تيبازي 🐰😹✨💋💘",
            "61572792928198": "انا زينو سوقهراسي شيكوري اسامة تيبازي 🐰😹✨💋💘",
            "61572794203094": "انا زينو سوقهراسي شيكوري اسامة تيبازي 🐰😹✨💋💘",
            "61572802121118": "انا زينو سوقهراسي شيكوري اسامة تيبازي 🐰😹✨💋💘",
            "61572802722825": "انا زينو سوقهراسي شيكوري اسامة تيبازي 🐰😹✨💋💘",
            "61572803653746": "انا زينو سوقهراسي شيكوري اسامة تيبازي 🐰😹✨💋💘",
            "61572804639698": "انا زينو سوقهراسي شيكوري اسامة تيبازي 🐰😹✨💋💘",
            "61572816756578": "انا زينو سوقهراسي شيكوري اسامة تيبازي 🐰😹✨💋💘",
            "61572816907870": "انا زينو سوقهراسي شيكوري اسامة تيبازي 🐰😹✨💋💘",
            "61572819363178": "انا موح شاوي گلب ابلاغ مذلول + نعرف نحلس زب 🥵🐎",
            "61572832965208": "انا زينو سوقهراسي شيكوري اسامة تيبازي 🐰😹✨💋💘",
            "61572837040974": "انا زينو سوقهراسي شيكوري اسامة تيبازي 🐰😹✨💋💘",
            "61572845857619": "〘 ياسين ادم كلاب اسامة تيبازي 〙↬⌯✮",
            "61572854769755": "انا مهدي لمسيلي نياڪ ماما زينب سيدو وهࢪاني 🥺💋",
            "61572858106033": "انا زينو سوقهراسي شيكوري اسامة تيبازي 🐰😹✨💋💘",
            "61572858134702": "انا زينو سوقهراسي شيكوري اسامة تيبازي 🐰😹✨💋💘",
            "61572865091447": "🦅【 عبد_النووࢪ _سيدو_وهࢪٱﻧﻲ_هوטּ】🚸",
            "61572865358634": "انا زينو سوقهراسي شيكوري اسامة تيبازي 🐰😹✨💋💘",
            "61572877868248": "انا زينو سوقهراسي شيكوري اسامة تيبازي 🐰😹✨💋💘",
            "61572885820520": "انا زينو سوقهراسي شيكوري اسامة تيبازي 🐰😹✨💋💘",
            "61572894297560": "انا زينو سوقهراسي شيكوري اسامة تيبازي 🐰😹✨💋💘",
            "61572897037899": "انا زينو سوقهراسي شيكوري اسامة تيبازي 🐰😹✨💋💘",
            "61572925285034": "انا زينو سوقهراسي شيكوري اسامة تيبازي 🐰😹✨💋💘",
            "61572928047807": "انا زينو سوقهراسي شيكوري اسامة تيبازي 🐰😹✨💋💘",
            "61572940434399": "انا زينو سوقهراسي شيكوري اسامة تيبازي 🐰😹✨💋💘",
            "61572944383643": "انا زينو سوقهراسي شيكوري اسامة تيبازي 🐰😹✨💋💘",
            "61572947995624": "انا زينو سوقهراسي شيكوري اسامة تيبازي 🐰😹✨💋💘",
            "61572950312424": "انا زينو سوقهراسي شيكوري اسامة تيبازي 🐰😹✨💋💘",
            "61572956252429": "〘 ياسين ادم كلاب اسامة تيبازي 〙↬⌯✮",
            "61572961354018": "انا زينو سوقهراسي شيكوري اسامة تيبازي 🐰😹✨💋💘",
            "61572961765862": "〘 ياسين ادم كلاب اسامة تيبازي 〙↬⌯✮",
            "61572965253001": "〘 ياسين ادم كلاب اسامة تيبازي 〙↬⌯✮",
            "61572984185009": "bot oussama",
            "61572986221173": "〘 ياسين ادم كلاب اسامة تيبازي 〙↬⌯✮",
            "61572989436317": "انا زينو سوقهراسي شيكوري اسامة تيبازي 🐰😹✨💋💘",
            "61573000986070": "انا زينو سوقهراسي شيكوري اسامة تيبازي 🐰😹✨💋💘",
            "61573003452619": "انا زينو سوقهراسي شيكوري اسامة تيبازي 🐰😹✨💋💘",
            "61573007355113": "انا زينو سوقهراسي شيكوري اسامة تيبازي 🐰😹✨💋💘",
            "61573013421245": "انا زينو سوقهراسي شيكوري اسامة تيبازي 🐰😹✨💋💘",
            "61573015572678": "انا زينو سوقهراسي شيكوري اسامة تيبازي 🐰😹✨💋💘",
            "61573022584930": "انا زينو سوقهراسي شيكوري اسامة تيبازي 🐰😹✨💋💘",
            "61573024177665": "انا زينو سوقهراسي شيكوري اسامة تيبازي 🐰😹✨💋💘",
            "61573026748956": "انا زينو سوقهراسي شيكوري اسامة تيبازي 🐰😹✨💋💘",
            "61573028130856": "انا زينو سوقهراسي شيكوري اسامة تيبازي 🐰😹✨💋💘",
            "61573054201602": "انا موح شاوي گلب ابلاغ مذلول + نعرف نحلس زب 🥵🐎",
            "61573073554520": "انا زينو سوقهراسي شيكوري اسامة تيبازي 🐰😹✨💋💘",
            "61573078144627": "انا زينو سوقهراسي شيكوري اسامة تيبازي 🐰😹✨💋💘",
            "61573087741259": "انا زينو سوقهراسي شيكوري اسامة تيبازي 🐰😹✨💋💘",
            "61573102081752": "انا زينو سوقهراسي شيكوري اسامة تيبازي 🐰😹✨💋💘",
            "61573107714604": "انا زينو سوقهراسي شيكوري اسامة تيبازي 🐰😹✨💋💘",
            "61573118220844": "انا زينو سوقهراسي شيكوري اسامة تيبازي 🐰😹✨💋💘",
            "61573122673730": "انا زينو سوقهراسي شيكوري اسامة تيبازي 🐰😹✨💋💘",
            "61573157870555": "انا موح شاوي گلب ابلاغ مذلول + نعرف نحلس زب 🥵🐎",
            "61573166584801": "انا زينو سوقهراسي شيكوري اسامة تيبازي 🐰😹✨💋💘",
            "61573168672334": "انا زينو سوقهراسي شيكوري اسامة تيبازي 🐰😹✨💋💘",
            "61573172125387": "انا زينو سوقهراسي شيكوري اسامة تيبازي 🐰😹✨💋💘",
            "61573172618706": "انا زينو سوقهراسي شيكوري اسامة تيبازي 🐰😹✨💋💘",
            "61573172633875": "نيك سوة تاع امك مهدي لمسيلي 😹😹",
            "61573174121541": "..",
            "61573202580932": "انا زينو سوقهراسي شيكوري اسامة تيبازي 🐰😹✨💋💘",
            "61573203898598": "انا زينو سوقهراسي شيكوري اسامة تيبازي 🐰😹✨💋💘",
            "61573203952238": "انا زينو سوقهراسي شيكوري اسامة تيبازي 🐰😹✨💋💘",
            "61573208518249": "انا زينو سوقهراسي شيكوري اسامة تيبازي 🐰😹✨💋💘",
            "61573246534215": "انا زينو سوقهراسي شيكوري اسامة تيبازي 🐰😹✨💋💘",
            "61573247093787": "انا زينو سوقهراسي شيكوري اسامة تيبازي 🐰😹✨💋💘",
            "61573301543366": "انا زينو سوقهراسي شيكوري اسامة تيبازي 🐰😹✨💋💘",
            "61573370273940": "انا زينو سوقهراسي شيكوري اسامة تيبازي 🐰😹✨💋💘",
            "61573373335565": "+",
            "61573394683669": "[ / ] • ادم لعباسي خخ",
            "61573395861383": "〘 ياسين ادم كلاب اسامة تيبازي 〙↬⌯✮",
            "61573418420793": "انا زينو سوقهراسي شيكوري اسامة تيبازي 🐰😹✨💋💘",
            "61573422021567": "انا زينو سوقهراسي شيكوري اسامة تيبازي 🐰😹✨💋💘",
            "61573428442694": "انا زينو سوقهراسي شيكوري اسامة تيبازي 🐰😹✨💋💘",
            "61573429072634": "انا زينو سوقهراسي شيكوري اسامة تيبازي 🐰😹✨💋💘",
            "61573437717399": "انا زينو سوقهراسي شيكوري اسامة تيبازي 🐰😹✨💋💘",
            "61573465016976": "انا زينو سوقهراسي شيكوري اسامة تيبازي 🐰😹✨💋💘",
            "61573505517324": "انا زينو سوقهراسي شيكوري اسامة تيبازي 🐰😹✨💋💘",
            "61573515051177": "انا زينو سوقهراسي شيكوري اسامة تيبازي 🐰😹✨💋💘",
            "61573528228796": "انا زينو سوقهراسي شيكوري اسامة تيبازي 🐰😹✨💋💘",
            "61573530450860": "انا زينو سوقهراسي شيكوري اسامة تيبازي 🐰😹✨💋💘",
            "61573594101288": "انا زينو سوقهراسي شيكوري اسامة تيبازي 🐰😹✨💋💘",
            "61573743050689": "انا زينو سوقهراسي شيكوري اسامة تيبازي 🐰😹✨💋💘",
            "61573748466935": "[ / ] • ادم لعباسي خخ",
            "61573799008249": "شيڪورڪم اسامة تيبازي هوטּ🪻😹💋💘"
        }
    }
]