[
    {
        "name": "معاكم موح وهراني ناكني وحشكم ادم لعباسي تهلاو😿💋",
        "id": {
            "100002514163694": "انا اسلام وهراني شيڪوري اسامة تيبازي 🥺💘",
            "100002557971610": "انا اسلام وهراني شيڪوري اسامة تيبازي 🥺💘",
            "100003272598601": "انا اسلام وهراني شيڪوري اسامة تيبازي 🥺💘",
            "100004195337777": "انا اسلام وهراني شيڪوري اسامة تيبازي 🥺💘",
            "100004363277936": "انا اسلام وهراني شيڪوري اسامة تيبازي 🥺💘",
            "100004530573975": "انا اسلام وهراني شيڪوري اسامة تيبازي 🥺💘",
            "100007886054986": "انا اسلام وهراني شيڪوري اسامة تيبازي 🥺💘",
            "100008101368222": "انا اسلام وهراني شيڪوري اسامة تيبازي 🥺💘",
            "100026244009179": "انا اسلام وهراني شيڪوري اسامة تيبازي 🥺💘",
            "100063535986926": "انا اسلام وهراني شيڪوري اسامة تيبازي 🥺💘",
            "100066467091436": "انا اسلام وهراني شيڪوري اسامة تيبازي 🥺💘",
            "100082694021566": "انا اسلام وهراني شيڪوري اسامة تيبازي 🥺💘",
            "100083732107347": "انا اسلام وهراني شيڪوري اسامة تيبازي 🥺💘",
            "100085403923659": "انا اسلام وهراني شيڪوري اسامة تيبازي 🥺💘",
            "100086293582302": "انا اسلام وهراني شيڪوري اسامة تيبازي 🥺💘",
            "100088112122426": "انا اسلام وهراني شيڪوري اسامة تيبازي 🥺💘",
            "100089616943324": "انا اسلام وهراني شيڪوري اسامة تيبازي 🥺💘",
            "61551243265399": "انا اسلام وهراني شيڪوري اسامة تيبازي 🥺💘",
            "61553256279205": "انا اسلام وهراني شيڪوري اسامة تيبازي 🥺💘",
            "61553388099443": "انا اسلام وهراني شيڪوري اسامة تيبازي 🥺💘",
            "61553687134808": "انا اسلام وهراني شيڪوري اسامة تيبازي 🥺💘",
            "61555506246781": "انا اسلام وهراني شيڪوري اسامة تيبازي 🥺💘",
            "61557990167186": "انا اسلام وهراني شيڪوري اسامة تيبازي 🥺💘",
            "61562408587729": "انا اسلام وهراني شيڪوري اسامة تيبازي 🥺💘",
            "61566031753134": "انا اسلام وهراني شيڪوري اسامة تيبازي 🥺💘",
            "61566323552836": "انا اسلام وهراني شيڪوري اسامة تيبازي 🥺💘",
            "61568189937588": "انا اسلام وهراني شيڪوري اسامة تيبازي 🥺💘",
            "61568219285214": "انا اسلام وهراني شيڪوري اسامة تيبازي 🥺💘",
            "61568279908871": "انا اسلام وهراني شيڪوري اسامة تيبازي 🥺💘",
            "61571160765784": "انا اسلام وهراني شيڪوري اسامة تيبازي 🥺💘",
            "61571458897136": "انا اسلام وهراني شيڪوري اسامة تيبازي 🥺💘",
            "61571641476058": "انا اسلام وهراني شيڪوري اسامة تيبازي 🥺💘",
            "61572458023837": "انا اسلام وهراني شيڪوري اسامة تيبازي 🥺💘",
            "61572611314004": "انا اسلام وهراني شيڪوري اسامة تيبازي 🥺💘",
            "61572761776234": "انا اسلام وهراني شيڪوري اسامة تيبازي 🥺💘",
            "61572792123858": "انا اسلام وهراني شيڪوري اسامة تيبازي 🥺💘",
            "61572970472821": "انا اسلام وهراني شيڪوري اسامة تيبازي 🥺💘",
            "61572974740732": "انا اسلام وهراني شيڪوري اسامة تيبازي 🥺💘",
            "61572984185009": "انا اسلام وهراني شيڪوري اسامة تيبازي 🥺💘",
            "61573026748956": "انا اسلام وهراني شيڪوري اسامة تيبازي 🥺💘",
            "61573036478306": "انا اسلام وهراني شيڪوري اسامة تيبازي 🥺💘",
            "61573056701667": "انا اسلام وهراني شيڪوري اسامة تيبازي 🥺💘",
            "61573066814572": "انا اسلام وهراني شيڪوري اسامة تيبازي 🥺💘",
            "61573073533489": "انا اسلام وهراني شيڪوري اسامة تيبازي 🥺💘",
            "61573083934127": "انا اسلام وهراني شيڪوري اسامة تيبازي 🥺💘",
            "61573102081752": "انا اسلام وهراني شيڪوري اسامة تيبازي 🥺💘",
            "61573198622022": "انا اسلام وهراني شيڪوري اسامة تيبازي 🥺💘",
            "61573277657669": "انا اسلام وهراني شيڪوري اسامة تيبازي 🥺💘",
            "61573370592119": "انا اسلام وهراني شيڪوري اسامة تيبازي 🥺💘",
            "61573373335565": "انا اسلام وهراني شيڪوري اسامة تيبازي 🥺💘",
            "61573394683669": "انا اسلام وهراني شيڪوري اسامة تيبازي 🥺💘",
            "61573434697243": "انا اسلام وهراني شيڪوري اسامة تيبازي 🥺💘",
            "61573439810768": "انا اسلام وهراني شيڪوري اسامة تيبازي 🥺💘",
            "61573549014752": "انا اسلام وهراني شيڪوري اسامة تيبازي 🥺💘",
            "61573558680778": "[ / ] • بوت هخخخ",
            "61573596212054": "انا اسلام وهراني شيڪوري اسامة تيبازي 🥺💘",
            "61573618520800": "انا اسلام وهراني شيڪوري اسامة تيبازي 🥺💘",
            "61573647969842": "انا اسلام وهراني شيڪوري اسامة تيبازي 🥺💘",
            "61573659100790": "انا اسلام وهراني شيڪوري اسامة تيبازي 🥺💘",
            "61573688751639": "انا اسلام وهراني شيڪوري اسامة تيبازي 🥺💘",
            "61573748466935": "[ / ] • ادم لعباسي خخ",
            "61573774645476": "انا اسلام وهراني شيڪوري اسامة تيبازي 🥺💘",
            "61573777054546": "انا اسلام وهراني شيڪوري اسامة تيبازي 🥺💘",
            "61573793372866": "انا اسلام وهراني شيڪوري اسامة تيبازي 🥺💘",
            "61573799008249": "انا اسلام وهراني شيڪوري اسامة تيبازي 🥺💘",
            "61573867048528": "انا اسلام وهراني شيڪوري اسامة تيبازي 🥺💘",
            "61573867557333": "انا اسلام وهراني شيڪوري اسامة تيبازي 🥺💘",
            "61573916759463": "انا اسلام وهراني شيڪوري اسامة تيبازي 🥺💘",
            "61573972193774": "انا اسلام وهراني شيڪوري اسامة تيبازي 🥺💘"
        }
    }
]