[
    {
        "name": "نيڪسوووتعموووو لــــــــي.طيࢪلـي ڪلافي مووووووح نتااااا نڪسوتعمك",
        "id": {
            "1132196191": "اهلا وسهلا",
            "1583692921": "[عزيز عم الكل ياولد😃]",
            "100000420403304": "[عزيز عم الكل ياولد😃]",
            "100000569480322": "لـبــᬼ💎⑅⃝ـᬼـرايجي☄️🧞‍♂️",
            "100000718940121": "[عزيز عم الكل ياولد😃]",
            "100000788928108": "اهلا وسهلا",
            "100000998242274": "اهلا وسهلا",
            "100001611385278": "[عزيز عم الكل ياولد😃]",
            "100002751848876": "[عزيز عم الكل ياولد😃]",
            "100004015017957": "اهلا وسهلا",
            "100004789564425": "[عزيز عم الكل ياولد😃]",
            "100004976177118": "[عزيز عم الكل ياولد😃]",
            "100005192598123": "💋",
            "100013126324292": "اهلا وسهلا",
            "100020423942714": "اهلا وسهلا",
            "100021624490820": "اهلا وسهلا",
            "100023382847362": "اهلا وسهلا",
            "100034428672977": "اهلا وسهلا",
            "100077466008724": "اهلا وسهلا",
            "100085067318285": "اهلا وسهلا",
            "100088818071036": "اهلا وسهلا",
            "100088849455708": "اهلا وسهلا",
            "100089332015022": "اهلا وسهلا",
            "100090079101782": "اهلا وسهلا",
            "61550007192063": "شاكر الشاوي 🪽🪽🪽🪶",
            "61550223344562": "اهلا وسهلا",
            "61550317401179": "[عزيز عم الكل ياولد😃]",
            "61550651906724": "[عزيز عم الكل ياولد😃]",
            "61550789400456": "[عزيز عم الكل ياولد😃]",
            "61550853005450": "اهلا وسهلا",
            "61550866598236": "اهلا وسهلا",
            "61552216244152": "[عزيز عم الكل ياولد😃]",
            "61552271528849": "[عزيز عم الكل ياولد😃]",
            "61553151552698": "[عزيز عم الكل ياولد😃]",
            "61553924154855": "[عزيز عم الكل ياولد😃]",
            "61554940582367": "[عزيز عم الكل ياولد😃]",
            "61555006541948": "اهلا وسهلا",
            "61556693187553": "[عزيز عم الكل ياولد😃]",
            "61557073373483": "[عزيز عم الكل ياولد😃]",
            "61557360522410": "اهلا وسهلا",
            "61557829328269": "[عزيز عم الكل ياولد😃]",
            "61558755316490": "[عزيز عم الكل ياولد😃]",
            "61559310839247": "[عزيز عم الكل ياولد😃]",
            "61559780384142": "[عزيز عم الكل ياولد😃]",
            "61559960172525": "[عزيز عم الكل ياولد😃]",
            "61561039661434": "[عزيز عم الكل ياولد😃]",
            "61562050586110": "[عزيز عم الكل ياولد😃]",
            "61563247760130": "اهلا وسهلا",
            "61564475169146": "اهلا وسهلا",
            "61564850840912": "اهلا وسهلا",
            "61565206681115": "اهلا وسهلا",
            "61565985878239": "[عزيز عم الكل ياولد😃]",
            "61566354563177": "[عزيز عم الكل ياولد😃]",
            "61567009139959": "[عزيز عم الكل ياولد😃]",
            "61567067738830": "اهلا وسهلا",
            "61567518600863": "اهلا وسهلا",
            "61567798658502": "اهلا وسهلا",
            "61568418386140": "[عزيز عم الكل ياولد😃]",
            "61568878024955": "[عزيز عم الكل ياولد😃]",
            "61569011851480": "[عزيز عم الكل ياولد😃]",
            "61570184682257": "اهلا وسهلا",
            "61570552276536": "[عزيز عم الكل ياولد😃]",
            "61571166514221": "[عزيز عم الكل ياولد😃]",
            "61571461501833": "اهلا وسهلا",
            "61571724630220": "[عزيز عم الكل ياولد😃]",
            "61572202973820": "[عزيز عم الكل ياولد😃]",
            "61572293952244": "[عزيز عم الكل ياولد😃]",
            "61572362485624": "[عزيز عم الكل ياولد😃]",
            "61572619296642": "اهلا وسهلا",
            "61572691371949": "اهلا وسهلا",
            "61572759553929": "اهلا وسهلا",
            "61572825947332": "[عزيز عم الكل ياولد😃]",
            "61572848833268": "[عزيز عم الكل ياولد😃]",
            "61572883509879": "اهلا وسهلا",
            "61572927983503": "اهلا وسهلا",
            "61573134371256": "اهلا وسهلا",
            "61573515051177": "[عزيز عم الكل ياولد😃]",
            "61573527913448": "[عزيز عم الكل ياولد😃]",
            "61573560913384": "[عزيز عم الكل ياولد😃]",
            "61573566604558": "[عزيز عم الكل ياولد😃]",
            "61573578317829": "اهلا وسهلا",
            "61573654386121": "[عزيز عم الكل ياولد😃]",
            "61573691691519": "[عزيز عم الكل ياولد😃]",
            "61573693372763": "اهلا وسهلا",
            "61573697285691": "اهلا وسهلا",
            "61573700403763": "[عزيز عم الكل ياولد😃]",
            "61573738811750": "اهلا وسهلا",
            "61573796371354": "[عزيز عم الكل ياولد😃]",
            "61573846252093": "[عزيز عم الكل ياولد😃]",
            "61573937192133": "[عزيز عم الكل ياولد😃]",
            "61573949881536": "[عزيز عم الكل ياولد😃]",
            "61573976579666": "[عزيز عم الكل ياولد😃]",
            "61574068047663": "اهلا وسهلا",
            "61574121121940": "[عزيز عم الكل ياولد😃]",
            "61574138466597": "[عزيز عم الكل ياولد😃]",
            "61574146785627": "[عزيز عم الكل ياولد😃]",
            "61574179634860": "[عزيز عم الكل ياولد😃]",
            "61574181398619": "[عزيز عم الكل ياولد😃]",
            "61574204864015": "اهلا وسهلا",
            "61574214801450": "اهلا وسهلا",
            "61574215216123": "[عزيز عم الكل ياولد😃]",
            "61574229590436": "اهلا وسهلا",
            "61574362231654": "زتو انفي نيك حياتكم 🙂👈",
            "61574410756121": "[عزيز عم الكل ياولد😃]",
            "61574422751631": "[عزيز عم الكل ياولد😃]",
            "61574473457966": "اهلا وسهلا",
            "61574481661559": "اهلا وسهلا",
            "61574492027107": "اهلا وسهلا",
            "61574515336418": "اهلا وسهلا",
            "61574516710573": "[عزيز عم الكل ياولد😃]",
            "61574522747504": "[عزيز عم الكل ياولد😃]",
            "61574527572836": "[عزيز عم الكل ياولد😃]",
            "61574531490860": "[عزيز عم الكل ياولد😃]",
            "61574545964076": "[عزيز عم الكل ياولد😃]",
            "61574575835223": "اهلا وسهلا",
            "61574591950280": "[عزيز عم الكل ياولد😃]",
            "61574615501064": "[عزيز عم الكل ياولد😃]",
            "61574618703972": "اهلا وسهلا",
            "61574618917935": "[عزيز عم الكل ياولد😃]",
            "61574631166945": "اهلا وسهلا",
            "61574634220891": "[عزيز عم الكل ياولد😃]",
            "61574635216990": "[عزيز عم الكل ياولد😃]",
            "61574639843583": "[عزيز عم الكل ياولد😃]",
            "61574644896666": "اهلا وسهلا",
            "61574649910616": "[عزيز عم الكل ياولد😃]",
            "61574653540290": "[عزيز عم الكل ياولد😃]",
            "61574653749473": "اهلا وسهلا",
            "61574655059275": "اهلا وسهلا",
            "61574673609806": "[عزيز عم الكل ياولد😃]",
            "61574674636946": "[عزيز عم الكل ياولد😃]",
            "61574682149554": "[عزيز عم الكل ياولد😃]",
            "61574695297520": "[عزيز عم الكل ياولد😃]",
            "61574699554955": "[عزيز عم الكل ياولد😃]",
            "61574708530606": "[عزيز عم الكل ياولد😃]",
            "61574721005452": "اهلا وسهلا",
            "61574739373911": "اهلا وسهلا",
            "61574753289496": "[عزيز عم الكل ياولد😃]",
            "61574759691144": "[عزيز عم الكل ياولد😃]",
            "61574760310990": "😻💋",
            "61574760642484": "اهلا وسهلا",
            "61574773140798": "[عزيز عم الكل ياولد😃]",
            "61574791572482": "[عزيز عم الكل ياولد😃]",
            "61574803023030": "ZAKI",
            "61574808696873": "[عزيز عم الكل ياولد😃]",
            "61574808873703": "اهلا وسهلا",
            "61574810587187": "[عزيز عم الكل ياولد😃]",
            "61574810907635": "[عزيز عم الكل ياولد😃]",
            "61574819091413": "[عزيز عم الكل ياولد😃]",
            "61574823419210": "[عزيز عم الكل ياولد😃]",
            "61574832154210": "اهلا وسهلا",
            "61574836081255": "[عزيز عم الكل ياولد😃]",
            "61574837349902": "[عزيز عم الكل ياولد😃]",
            "61574873129528": "˼ࢪفـــــــــــــﯾق˹ تـﯾاࢪتــــــﯾ➣َ🤫🪫🪽",
            "61574875529472": "[عزيز عم الكل ياولد😃]",
            "61574876588259": "[عزيز عم الكل ياولد😃]",
            "61574882008863": "ࢪفـــــﯾق تـﯾاࢪتي 💉💧⚠️",
            "61574884143094": "[عزيز عم الكل ياولد😃]",
            "61574885519909": "[عزيز عم الكل ياولد😃]",
            "61574904844728": "اهلا وسهلا",
            "61574916562949": "[عزيز عم الكل ياولد😃]",
            "61574922385801": "[عزيز عم الكل ياولد😃]",
            "61574928656214": "اهلا وسهلا",
            "61574931177232": "[عزيز عم الكل ياولد😃]",
            "61574931455100": "[عزيز عم الكل ياولد😃]",
            "61574933490198": "اهلا وسهلا",
            "61574934748567": "[عزيز عم الكل ياولد😃]",
            "61574940423668": "[عزيز عم الكل ياولد😃]",
            "61574953255004": "اهلا وسهلا",
            "61574970593026": "[عزيز عم الكل ياولد😃]",
            "61574990843051": "[عزيز عم الكل ياولد😃]",
            "61574998790071": "اهلا وسهلا",
            "61575003352368": "اهلا وسهلا",
            "61575005548949": "اهلا وسهلا",
            "61575009688015": "[عزيز عم الكل ياولد😃]",
            "61575013583177": "[عزيز عم الكل ياولد😃]",
            "61575021951802": "اهلا وسهلا",
            "61575022133031": "اهلا وسهلا",
            "61575072416269": "[عزيز عم الكل ياولد😃]",
            "61575081620541": "[عزيز عم الكل ياولد😃]",
            "61575084173794": "[عزيز عم الكل ياولد😃]",
            "61575149212898": "[عزيز عم الكل ياولد😃]",
            "61575165325341": "[عزيز عم الكل ياولد😃]"
        }
    }
]