[
    {
        "name": "⌯🪶 ⌯ ⇣: 決定 „🪽",
        "id": {
            "100040805145571": "♕GADDAR♕",
            "100068286789958": "خداع روجي",
            "100076644278137": "الكـــــــــاردة🚬",
            "100077860351482": "❤️‍🔥🙃«إسحاااقووو» 🙃❤️‍🔥",
            "100084818202191": "بہآئعہهہ شہكہؤلآتہهہ",
            "100089581148840": "رهف🙂💔🎀",
            "100091942757485": "مـحمـد🦇🖤",
            "100093088784404": "𝒻𝒾𝒹𝒶𝓁𝒾 𝓅𝑒𝓇 𝓈𝑒𝓂𝓅𝓇𝑒́..!!!!",
            "61550898307632": "سليماني 🫦✅",
            "61564171886530": "زهرة 🌹🙃",
            "61570458309479": "الزنجي🖤🥷🏾",
            "61570814543891": "❤ بيدࢪي¹⁶ 💙",
            "61571166514221": "عٌمًکْ 🙂💔",
            "61571201935595": "كـِيـمْ  سُـوزِي⊹₊ ‧",
            "61571545804972": "سليمانية 🫦✅",
            "61571600245378": "جِيُـونْ مَـآرِيَآ",
            "61572182555322": "حفصة 🦋✨",
            "61572394658873": "『عمڪ واڪلي القبايلي ⵣ』",
            "61572940795731": "༄ᶦᶰᵈ᭄☠︎YASIN ☠︎࿐",
            "61573195923893": "سيدو عاصيمي 🎀🤧",
            "61573402933577": "مدامت تبون حشاك 🧸💋❤️",
            "61573589675706": "سـبــيدرمـآن بــرك😕❌",
            "61573916759463": "[ . ] • B. O. T.! 📜✅"
        }
    }
]