[
    {
        "name": "⇴ ˖✬ ！' ͡𝒑𝒊͜𝒏𝒌͡ ' ⊹〪〬 '🌸ˎˊ˗  ََ⤸⤹⥆⸒⸒\nٌ\n\nٌ",
        "id": {
            "100003377722680": "نيسو لمسيلي",
            "100034449181301": "انا عبدوش بليدي كلب ياصمين حب زب يوسف تلمساني 😹🥺",
            "61562738040042": "اسيل قبايلية",
            "61572616363846": "انا ادم طارفي ناكني نيسو فدارنا🥺🔥 😹🥺",
            "61572731267916": "انا ادم طارفي ناكني نيسو فدارنا🥺🔥",
            "61573202580932": "نيسو لمسيلي",
            "61573340473251": "انا عبدوش بليدي كلب ياصمين حب زب يوسف تلمساني 😹🥺",
            "61573818419363": "انا ادم طارفي ناكني نيسو فدارنا🥺🔥"
        }
    }
]