[
    {
        "name": "زتو ملغمة تصلح خفو....",
        "id": {
            "100090418899719": "روميو 😒💔",
            "61553801140960": "ميكا🎀💋🥺",
            "61563061873306": "[ . ] • B. O. T.! 📜✅",
            "61572911063917": "ساࢪةة.تيارتية 🎀🙎‍♀️🐰🪽",
            "61573387240474": "[ . ] • بوت مدارا [.]🤖💞",
            "61573472566696": "عٌلَآء شُلَفُيَ 🖤🪶",
            "61573535293114": "مـــــــــــــــووح ‼️",
            "61573680933228": "شيڪوركم عبدوش جلفاوي",
            "61573894495481": "لــــــــبــــــنى 🙂"
        }
    }
]