[
    {
        "name": "انا عبدو بليدي نيك. عذبني سيمو بسكري 💋😹☹️",
        "id": {
            "100045016482440": "ححححح أنا لؤي نڪاني محاد جـلفلوي 💋🦅😘",
            "100065171679398": "حب فريت تبت تعوم في زيت🥀😎",
            "100078914292477": "🖤👽",
            "100081060849123": "انا حمزة وهراني ناكني ادم لعباسي 🥺💋😿",
            "100092688108188": "🙂🔱",
            "61552704226837": "انا حمزة وهراني ناكني ادم لعباسي 🥺💋😿",
            "61565796577051": "ممتلكات خاصة🙂😕🫂💞💋💗🥰",
            "61566708993258": "𝄠..☞﴾ℬ𝓇𝒶𝒽𝒾𝓂 ﴿☜..𝄠",
            "61570039773796": "انا حمزة وهراني ناكني ادم لعباسي 🥺💋😿",
            "61571514584305": "انا حمزة وهراني ناكني ادم لعباسي 🥺💋😿",
            "61571869206442": "جااڰ محمد لبشير ڰمڰ 😆🔱",
            "61571942705687": ".",
            "61572467712001": "موح.مسيلي.🙂👍🏻",
            "61572510793263": "نسيم... ♡♕",
            "61572821837200": "انا حمزة وهراني ناكني ادم لعباسي 🥺💋😿",
            "61572879395981": "انا حمزة وهراني ناكني ادم لعباسي 🥺💋😿",
            "61572913238433": "مشــكسﷻ قـــــطبي ﷻ➤█..╰┈｟",
            "61573031617911": "انا حمزة وهراني ناكني ادم لعباسي 🥺💋😿",
            "61573513353085": "↫ࢪفُيّــــقَ تُيّــــآرتُيّ نِڪمِڪ ↬(☧🫨)🚸",
            "61573515051177": "😿د",
            "61573558680778": "[ / ] • بوت ملل هخخ",
            "61573679512662": "נـــــــــــــڜـــﻧـڰٱن 😄ٍٓ",
            "61573704322511": "ꜝ﴾命.RΑԊΙⱮO ぐ〖ՁՕՕ3〗",
            "61573748466935": "[ / ] • ادم لعباسي خخ"
        }
    }
]