[
    {
        "name": "خالتي ملخيييࢪ🙂 ♡",
        "id": {
            "100024086855183": "🚜",
            "61552104763245": "جوجيتاا🥹🍓",
            "61562659416347": "مرام♥️😉🥰♥️😘",
            "61571570693622": "شـيـمـاء 💍🥹",
            "61571833350495": "تقي 🤍🍯",
            "61573387240474": "ا",
            "61573434481138": "🎀🍪",
            "61573935741488": "عمتك فاطمةةة 🍷♥️",
            "61573937487715": "[ . ] • B. O. T.! 📜✅"
        }
    }
]