{
    "total": [
        {
            "id": "61567517469071",
            "count": 12
        },
        {
            "id": "61574209130699",
            "count": 0
        },
        {
            "id": "100095235715479",
            "count": 22
        }
    ],
    "week": [
        {
            "id": "61567517469071",
            "count": 12
        },
        {
            "id": "61574209130699",
            "count": 0
        },
        {
            "id": "100095235715479",
            "count": 22
        }
    ],
    "day": [
        {
            "id": "61567517469071",
            "count": 12
        },
        {
            "id": "61574209130699",
            "count": 0
        },
        {
            "id": "100095235715479",
            "count": 22
        }
    ],
    "time": 3,
    "last": {
        "time": 3,
        "day": [
            {
                "id": "61567517469071",
                "count": 0
            },
            {
                "id": "61574209130699",
                "count": 0
            },
            {
                "id": "100095235715479",
                "count": 0
            }
        ],
        "week": [
            {
                "id": "61567517469071",
                "count": 0
            },
            {
                "id": "61574209130699",
                "count": 0
            },
            {
                "id": "100095235715479",
                "count": 0
            }
        ]
    }
}