{
    "total": [
        {
            "id": "100000085252899",
            "count": 0
        },
        {
            "id": "100016830788715",
            "count": 6
        },
        {
            "id": "61573735563797",
            "count": 0
        },
        {
            "id": "61568428119228",
            "count": 0
        },
        {
            "id": "61572863992243",
            "count": 0
        },
        {
            "id": "100084627199108",
            "count": 0
        },
        {
            "id": "100082550240081",
            "count": 38
        },
        {
            "id": "61565492579070",
            "count": 0
        },
        {
            "id": "61552554037101",
            "count": 4
        },
        {
            "id": "61573074004932",
            "count": 0
        },
        {
            "id": "61554989193499",
            "count": 0
        },
        {
            "id": "100093440923797",
            "count": 0
        },
        {
            "id": "61557194519902",
            "count": 0
        },
        {
            "id": "61572502419585",
            "count": 0
        },
        {
            "id": "61555797492634",
            "count": 0
        },
        {
            "id": "100004242434996",
            "count": 0
        },
        {
            "id": "100078845411143",
            "count": 0
        },
        {
            "id": "100005236038316",
            "count": 0
        },
        {
            "id": "100023861407403",
            "count": 0
        },
        {
            "id": "61565739221987",
            "count": 0
        },
        {
            "id": "61573264048183",
            "count": 0
        },
        {
            "id": "61573872012509",
            "count": 0
        },
        {
            "id": "61573757651476",
            "count": 0
        },
        {
            "id": "61572409283967",
            "count": 0
        },
        {
            "id": "61573232562162",
            "count": 20
        },
        {
            "id": "61558242083449",
            "count": 0
        },
        {
            "id": "61571408289077",
            "count": 2
        },
        {
            "id": "61567835425247",
            "count": 0
        },
        {
            "id": "61566420661624",
            "count": 0
        },
        {
            "id": "61574013843234",
            "count": 7
        },
        {
            "id": "61573806256552",
            "count": 4
        },
        {
            "id": "61573865495259",
            "count": 0
        },
        {
            "id": "61574459390330",
            "count": 0
        },
        {
            "id": "61574456690641",
            "count": 0
        },
        {
            "id": "61573548921628",
            "count": 0
        },
        {
            "id": "100066915382114",
            "count": 0
        },
        {
            "id": "61573590322024",
            "count": 0
        },
        {
            "id": "61573680933228",
            "count": 0
        },
        {
            "id": "61573461693229",
            "count": 0
        },
        {
            "id": "100085157983453",
            "count": 16
        },
        {
            "id": "61572819232070",
            "count": 0
        },
        {
            "id": "61574016530612",
            "count": 0
        },
        {
            "id": "61573502223362",
            "count": 0
        },
        {
            "id": "61557674969783",
            "count": 0
        },
        {
            "id": "100092387291853",
            "count": 0
        },
        {
            "id": "61552760593378",
            "count": 0
        },
        {
            "id": "100077466008724",
            "count": 0
        },
        {
            "id": "61560897338944",
            "count": 0
        },
        {
            "id": "100020881692755",
            "count": 0
        },
        {
            "id": "61556203594023",
            "count": 0
        },
        {
            "id": "61563062978053",
            "count": 0
        },
        {
            "id": "61570764932817",
            "count": 0
        },
        {
            "id": "100000271383071",
            "count": 0
        },
        {
            "id": "61557391481640",
            "count": 0
        },
        {
            "id": "100063124895644",
            "count": 0
        },
        {
            "id": "100091770952978",
            "count": 0
        },
        {
            "id": "100010821422440",
            "count": 0
        },
        {
            "id": "61574145300500",
            "count": 0
        },
        {
            "id": "100095235715479",
            "count": 0
        }
    ],
    "week": [
        {
            "id": "100000085252899",
            "count": 0
        },
        {
            "id": "100016830788715",
            "count": 6
        },
        {
            "id": "61573735563797",
            "count": 0
        },
        {
            "id": "61568428119228",
            "count": 0
        },
        {
            "id": "61572863992243",
            "count": 0
        },
        {
            "id": "100084627199108",
            "count": 0
        },
        {
            "id": "100082550240081",
            "count": 38
        },
        {
            "id": "61565492579070",
            "count": 0
        },
        {
            "id": "61552554037101",
            "count": 4
        },
        {
            "id": "61573074004932",
            "count": 0
        },
        {
            "id": "61554989193499",
            "count": 0
        },
        {
            "id": "100093440923797",
            "count": 0
        },
        {
            "id": "61557194519902",
            "count": 0
        },
        {
            "id": "61572502419585",
            "count": 0
        },
        {
            "id": "61555797492634",
            "count": 0
        },
        {
            "id": "100004242434996",
            "count": 0
        },
        {
            "id": "100078845411143",
            "count": 0
        },
        {
            "id": "100005236038316",
            "count": 0
        },
        {
            "id": "100023861407403",
            "count": 0
        },
        {
            "id": "61565739221987",
            "count": 0
        },
        {
            "id": "61573264048183",
            "count": 0
        },
        {
            "id": "61573872012509",
            "count": 0
        },
        {
            "id": "61573757651476",
            "count": 0
        },
        {
            "id": "61572409283967",
            "count": 0
        },
        {
            "id": "61573232562162",
            "count": 20
        },
        {
            "id": "61558242083449",
            "count": 0
        },
        {
            "id": "61571408289077",
            "count": 2
        },
        {
            "id": "61567835425247",
            "count": 0
        },
        {
            "id": "61566420661624",
            "count": 0
        },
        {
            "id": "61574013843234",
            "count": 7
        },
        {
            "id": "61573806256552",
            "count": 4
        },
        {
            "id": "61573865495259",
            "count": 0
        },
        {
            "id": "61574459390330",
            "count": 0
        },
        {
            "id": "61574456690641",
            "count": 0
        },
        {
            "id": "61573548921628",
            "count": 0
        },
        {
            "id": "100066915382114",
            "count": 0
        },
        {
            "id": "61573590322024",
            "count": 0
        },
        {
            "id": "61573680933228",
            "count": 0
        },
        {
            "id": "61573461693229",
            "count": 0
        },
        {
            "id": "100085157983453",
            "count": 16
        },
        {
            "id": "61572819232070",
            "count": 0
        },
        {
            "id": "61574016530612",
            "count": 0
        },
        {
            "id": "61573502223362",
            "count": 0
        },
        {
            "id": "61557674969783",
            "count": 0
        },
        {
            "id": "100092387291853",
            "count": 0
        },
        {
            "id": "61552760593378",
            "count": 0
        },
        {
            "id": "100077466008724",
            "count": 0
        },
        {
            "id": "61560897338944",
            "count": 0
        },
        {
            "id": "100020881692755",
            "count": 0
        },
        {
            "id": "61556203594023",
            "count": 0
        },
        {
            "id": "61563062978053",
            "count": 0
        },
        {
            "id": "61570764932817",
            "count": 0
        },
        {
            "id": "100000271383071",
            "count": 0
        },
        {
            "id": "61557391481640",
            "count": 0
        },
        {
            "id": "100063124895644",
            "count": 0
        },
        {
            "id": "100091770952978",
            "count": 0
        },
        {
            "id": "100010821422440",
            "count": 0
        },
        {
            "id": "61574145300500",
            "count": 0
        },
        {
            "id": "100095235715479",
            "count": 0
        }
    ],
    "day": [
        {
            "id": "100000085252899",
            "count": 0
        },
        {
            "id": "100016830788715",
            "count": 6
        },
        {
            "id": "61573735563797",
            "count": 0
        },
        {
            "id": "61568428119228",
            "count": 0
        },
        {
            "id": "61572863992243",
            "count": 0
        },
        {
            "id": "100084627199108",
            "count": 0
        },
        {
            "id": "100082550240081",
            "count": 38
        },
        {
            "id": "61565492579070",
            "count": 0
        },
        {
            "id": "61552554037101",
            "count": 4
        },
        {
            "id": "61573074004932",
            "count": 0
        },
        {
            "id": "61554989193499",
            "count": 0
        },
        {
            "id": "100093440923797",
            "count": 0
        },
        {
            "id": "61557194519902",
            "count": 0
        },
        {
            "id": "61572502419585",
            "count": 0
        },
        {
            "id": "61555797492634",
            "count": 0
        },
        {
            "id": "100004242434996",
            "count": 0
        },
        {
            "id": "100078845411143",
            "count": 0
        },
        {
            "id": "100005236038316",
            "count": 0
        },
        {
            "id": "100023861407403",
            "count": 0
        },
        {
            "id": "61565739221987",
            "count": 0
        },
        {
            "id": "61573264048183",
            "count": 0
        },
        {
            "id": "61573872012509",
            "count": 0
        },
        {
            "id": "61573757651476",
            "count": 0
        },
        {
            "id": "61572409283967",
            "count": 0
        },
        {
            "id": "61573232562162",
            "count": 20
        },
        {
            "id": "61558242083449",
            "count": 0
        },
        {
            "id": "61571408289077",
            "count": 2
        },
        {
            "id": "61567835425247",
            "count": 0
        },
        {
            "id": "61566420661624",
            "count": 0
        },
        {
            "id": "61574013843234",
            "count": 7
        },
        {
            "id": "61573806256552",
            "count": 4
        },
        {
            "id": "61573865495259",
            "count": 0
        },
        {
            "id": "61574459390330",
            "count": 0
        },
        {
            "id": "61574456690641",
            "count": 0
        },
        {
            "id": "61573548921628",
            "count": 0
        },
        {
            "id": "100066915382114",
            "count": 0
        },
        {
            "id": "61573590322024",
            "count": 0
        },
        {
            "id": "61573680933228",
            "count": 0
        },
        {
            "id": "61573461693229",
            "count": 0
        },
        {
            "id": "100085157983453",
            "count": 16
        },
        {
            "id": "61572819232070",
            "count": 0
        },
        {
            "id": "61574016530612",
            "count": 0
        },
        {
            "id": "61573502223362",
            "count": 0
        },
        {
            "id": "61557674969783",
            "count": 0
        },
        {
            "id": "100092387291853",
            "count": 0
        },
        {
            "id": "61552760593378",
            "count": 0
        },
        {
            "id": "100077466008724",
            "count": 0
        },
        {
            "id": "61560897338944",
            "count": 0
        },
        {
            "id": "100020881692755",
            "count": 0
        },
        {
            "id": "61556203594023",
            "count": 0
        },
        {
            "id": "61563062978053",
            "count": 0
        },
        {
            "id": "61570764932817",
            "count": 0
        },
        {
            "id": "100000271383071",
            "count": 0
        },
        {
            "id": "61557391481640",
            "count": 0
        },
        {
            "id": "100063124895644",
            "count": 0
        },
        {
            "id": "100091770952978",
            "count": 0
        },
        {
            "id": "100010821422440",
            "count": 0
        },
        {
            "id": "61574145300500",
            "count": 0
        },
        {
            "id": "100095235715479",
            "count": 0
        }
    ],
    "time": 3,
    "last": {
        "time": 6,
        "day": [
            {
                "id": "61574016530612",
                "count": 0
            },
            {
                "id": "100000085252899",
                "count": 0
            },
            {
                "id": "100016830788715",
                "count": 0
            },
            {
                "id": "61573735563797",
                "count": 0
            },
            {
                "id": "61568428119228",
                "count": 0
            },
            {
                "id": "61572863992243",
                "count": 0
            },
            {
                "id": "100084627199108",
                "count": 0
            },
            {
                "id": "100082550240081",
                "count": 0
            },
            {
                "id": "61565492579070",
                "count": 0
            },
            {
                "id": "61552554037101",
                "count": 0
            },
            {
                "id": "61573074004932",
                "count": 0
            },
            {
                "id": "61554989193499",
                "count": 0
            },
            {
                "id": "100093440923797",
                "count": 0
            },
            {
                "id": "61557194519902",
                "count": 0
            },
            {
                "id": "61572502419585",
                "count": 0
            },
            {
                "id": "61555797492634",
                "count": 0
            },
            {
                "id": "100004242434996",
                "count": 0
            },
            {
                "id": "100078845411143",
                "count": 0
            },
            {
                "id": "100005236038316",
                "count": 0
            },
            {
                "id": "100023861407403",
                "count": 0
            },
            {
                "id": "61565739221987",
                "count": 0
            },
            {
                "id": "61573264048183",
                "count": 0
            },
            {
                "id": "61573872012509",
                "count": 0
            },
            {
                "id": "61573757651476",
                "count": 0
            },
            {
                "id": "61572409283967",
                "count": 0
            },
            {
                "id": "61573232562162",
                "count": 0
            },
            {
                "id": "61558242083449",
                "count": 0
            },
            {
                "id": "61571408289077",
                "count": 0
            },
            {
                "id": "61567835425247",
                "count": 0
            },
            {
                "id": "61566420661624",
                "count": 0
            },
            {
                "id": "61574013843234",
                "count": 0
            },
            {
                "id": "61573806256552",
                "count": 0
            },
            {
                "id": "61573865495259",
                "count": 0
            },
            {
                "id": "61574459390330",
                "count": 0
            },
            {
                "id": "61574456690641",
                "count": 0
            },
            {
                "id": "61573548921628",
                "count": 0
            },
            {
                "id": "100066915382114",
                "count": 0
            },
            {
                "id": "61573590322024",
                "count": 0
            },
            {
                "id": "61573680933228",
                "count": 0
            },
            {
                "id": "61573461693229",
                "count": 0
            },
            {
                "id": "100085157983453",
                "count": 0
            },
            {
                "id": "61572819232070",
                "count": 0
            },
            {
                "id": "61573502223362",
                "count": 0
            },
            {
                "id": "61557674969783",
                "count": 0
            },
            {
                "id": "100092387291853",
                "count": 0
            },
            {
                "id": "61552760593378",
                "count": 0
            },
            {
                "id": "100077466008724",
                "count": 0
            },
            {
                "id": "61560897338944",
                "count": 0
            },
            {
                "id": "100020881692755",
                "count": 0
            },
            {
                "id": "61556203594023",
                "count": 0
            },
            {
                "id": "61563062978053",
                "count": 0
            },
            {
                "id": "61570764932817",
                "count": 0
            },
            {
                "id": "100000271383071",
                "count": 0
            },
            {
                "id": "61557391481640",
                "count": 0
            },
            {
                "id": "100063124895644",
                "count": 0
            },
            {
                "id": "100091770952978",
                "count": 0
            },
            {
                "id": "100010821422440",
                "count": 0
            },
            {
                "id": "61574145300500",
                "count": 0
            },
            {
                "id": "100095235715479",
                "count": 0
            }
        ],
        "week": [
            {
                "id": "61574016530612",
                "count": 0
            },
            {
                "id": "100000085252899",
                "count": 0
            },
            {
                "id": "100016830788715",
                "count": 0
            },
            {
                "id": "61573735563797",
                "count": 0
            },
            {
                "id": "61568428119228",
                "count": 0
            },
            {
                "id": "61572863992243",
                "count": 0
            },
            {
                "id": "100084627199108",
                "count": 0
            },
            {
                "id": "100082550240081",
                "count": 0
            },
            {
                "id": "61565492579070",
                "count": 0
            },
            {
                "id": "61552554037101",
                "count": 0
            },
            {
                "id": "61573074004932",
                "count": 0
            },
            {
                "id": "61554989193499",
                "count": 0
            },
            {
                "id": "100093440923797",
                "count": 0
            },
            {
                "id": "61557194519902",
                "count": 0
            },
            {
                "id": "61572502419585",
                "count": 0
            },
            {
                "id": "61555797492634",
                "count": 0
            },
            {
                "id": "100004242434996",
                "count": 0
            },
            {
                "id": "100078845411143",
                "count": 0
            },
            {
                "id": "100005236038316",
                "count": 0
            },
            {
                "id": "100023861407403",
                "count": 0
            },
            {
                "id": "61565739221987",
                "count": 0
            },
            {
                "id": "61573264048183",
                "count": 0
            },
            {
                "id": "61573872012509",
                "count": 0
            },
            {
                "id": "61573757651476",
                "count": 0
            },
            {
                "id": "61572409283967",
                "count": 0
            },
            {
                "id": "61573232562162",
                "count": 0
            },
            {
                "id": "61558242083449",
                "count": 0
            },
            {
                "id": "61571408289077",
                "count": 0
            },
            {
                "id": "61567835425247",
                "count": 0
            },
            {
                "id": "61566420661624",
                "count": 0
            },
            {
                "id": "61574013843234",
                "count": 0
            },
            {
                "id": "61573806256552",
                "count": 0
            },
            {
                "id": "61573865495259",
                "count": 0
            },
            {
                "id": "61574459390330",
                "count": 0
            },
            {
                "id": "61574456690641",
                "count": 0
            },
            {
                "id": "61573548921628",
                "count": 0
            },
            {
                "id": "100066915382114",
                "count": 0
            },
            {
                "id": "61573590322024",
                "count": 0
            },
            {
                "id": "61573680933228",
                "count": 0
            },
            {
                "id": "61573461693229",
                "count": 0
            },
            {
                "id": "100085157983453",
                "count": 0
            },
            {
                "id": "61572819232070",
                "count": 0
            },
            {
                "id": "61573502223362",
                "count": 0
            },
            {
                "id": "61557674969783",
                "count": 0
            },
            {
                "id": "100092387291853",
                "count": 0
            },
            {
                "id": "61552760593378",
                "count": 0
            },
            {
                "id": "100077466008724",
                "count": 0
            },
            {
                "id": "61560897338944",
                "count": 0
            },
            {
                "id": "100020881692755",
                "count": 0
            },
            {
                "id": "61556203594023",
                "count": 0
            },
            {
                "id": "61563062978053",
                "count": 0
            },
            {
                "id": "61570764932817",
                "count": 0
            },
            {
                "id": "100000271383071",
                "count": 0
            },
            {
                "id": "61557391481640",
                "count": 0
            },
            {
                "id": "100063124895644",
                "count": 0
            },
            {
                "id": "100091770952978",
                "count": 0
            },
            {
                "id": "100010821422440",
                "count": 0
            },
            {
                "id": "61574145300500",
                "count": 0
            },
            {
                "id": "100095235715479",
                "count": 0
            }
        ]
    }
}