{
    "total": [
        {
            "id": "61571988731553",
            "count": 0
        },
        {
            "id": "61571387579380",
            "count": 0
        },
        {
            "id": "61565892625931",
            "count": 0
        },
        {
            "id": "100003081812085",
            "count": 0
        },
        {
            "id": "100092570536922",
            "count": 0
        },
        {
            "id": "61560126368117",
            "count": 0
        },
        {
            "id": "61565924100529",
            "count": 0
        },
        {
            "id": "100089788062614",
            "count": 0
        },
        {
            "id": "61566708594042",
            "count": 0
        },
        {
            "id": "100082059545957",
            "count": 0
        },
        {
            "id": "100083716570720",
            "count": 0
        },
        {
            "id": "61570245612395",
            "count": 0
        },
        {
            "id": "61572575467019",
            "count": 0
        },
        {
            "id": "61571364711631",
            "count": 0
        },
        {
            "id": "61562775515538",
            "count": 0
        },
        {
            "id": "61571061207868",
            "count": 0
        },
        {
            "id": "61565444189439",
            "count": 0
        },
        {
            "id": "61572842579155",
            "count": 0
        },
        {
            "id": "100091089222317",
            "count": 0
        },
        {
            "id": "61551440876095",
            "count": 0
        },
        {
            "id": "61550266371531",
            "count": 0
        },
        {
            "id": "61559916367886",
            "count": 0
        },
        {
            "id": "61564921067356",
            "count": 0
        },
        {
            "id": "61565353807208",
            "count": 0
        },
        {
            "id": "61573195769115",
            "count": 0
        },
        {
            "id": "61572816587740",
            "count": 0
        },
        {
            "id": "61573561100533",
            "count": 0
        },
        {
            "id": "61572698143639",
            "count": 0
        },
        {
            "id": "61568373899915",
            "count": 0
        },
        {
            "id": "61573598091383",
            "count": 0
        },
        {
            "id": "100000232495657",
            "count": 0
        },
        {
            "id": "61571331167897",
            "count": 0
        },
        {
            "id": "61565438974521",
            "count": 0
        },
        {
            "id": "61572571510092",
            "count": 0
        },
        {
            "id": "61567247720024",
            "count": 0
        },
        {
            "id": "61567287950732",
            "count": 0
        },
        {
            "id": "61572956991331",
            "count": 0
        },
        {
            "id": "61571101539406",
            "count": 12
        },
        {
            "id": "100084922346245",
            "count": 0
        },
        {
            "id": "100085870539025",
            "count": 0
        },
        {
            "id": "61561779805923",
            "count": 0
        },
        {
            "id": "61558609296804",
            "count": 0
        },
        {
            "id": "61566892739079",
            "count": 0
        },
        {
            "id": "61573588911556",
            "count": 0
        },
        {
            "id": "61572973200737",
            "count": 0
        },
        {
            "id": "100054723048346",
            "count": 0
        },
        {
            "id": "100094698647509",
            "count": 0
        },
        {
            "id": "100084019066339",
            "count": 0
        },
        {
            "id": "61558742524639",
            "count": 0
        },
        {
            "id": "61571168099601",
            "count": 0
        },
        {
            "id": "61557199130153",
            "count": 0
        },
        {
            "id": "61564477216041",
            "count": 0
        },
        {
            "id": "61563000188255",
            "count": 0
        },
        {
            "id": "100023642858061",
            "count": 0
        },
        {
            "id": "61570030061928",
            "count": 0
        },
        {
            "id": "61558114226897",
            "count": 0
        },
        {
            "id": "61572730320251",
            "count": 0
        },
        {
            "id": "61572855314802",
            "count": 0
        },
        {
            "id": "61568972982880",
            "count": 0
        },
        {
            "id": "61566734854387",
            "count": 0
        },
        {
            "id": "61570111737695",
            "count": 0
        },
        {
            "id": "61573439810768",
            "count": 0
        },
        {
            "id": "61572282941708",
            "count": 0
        },
        {
            "id": "61572858374124",
            "count": 0
        },
        {
            "id": "61572790985915",
            "count": 0
        },
        {
            "id": "61571503835429",
            "count": 0
        },
        {
            "id": "100081881235190",
            "count": 0
        },
        {
            "id": "61567925545958",
            "count": 0
        },
        {
            "id": "61573118775784",
            "count": 0
        },
        {
            "id": "61550491602221",
            "count": 0
        },
        {
            "id": "61566004834977",
            "count": 0
        },
        {
            "id": "100025881884958",
            "count": 0
        },
        {
            "id": "61571819654406",
            "count": 0
        },
        {
            "id": "61571158589100",
            "count": 0
        },
        {
            "id": "100056997002172",
            "count": 0
        },
        {
            "id": "61564018145620",
            "count": 0
        },
        {
            "id": "61559091277412",
            "count": 0
        },
        {
            "id": "61572669149842",
            "count": 0
        },
        {
            "id": "100094577916783",
            "count": 0
        },
        {
            "id": "100051298231517",
            "count": 0
        },
        {
            "id": "61559626086387",
            "count": 0
        },
        {
            "id": "61555860491831",
            "count": 0
        },
        {
            "id": "61568271127171",
            "count": 0
        },
        {
            "id": "61572399200158",
            "count": 0
        },
        {
            "id": "61571215397286",
            "count": 0
        },
        {
            "id": "61553624530511",
            "count": 0
        },
        {
            "id": "61570344938831",
            "count": 0
        },
        {
            "id": "61563604073897",
            "count": 0
        },
        {
            "id": "61565340797600",
            "count": 0
        },
        {
            "id": "61563650675815",
            "count": 0
        },
        {
            "id": "61572478273788",
            "count": 0
        },
        {
            "id": "100007829925423",
            "count": 0
        },
        {
            "id": "61572892925020",
            "count": 0
        },
        {
            "id": "61573019897979",
            "count": 0
        },
        {
            "id": "61573532765462",
            "count": 0
        },
        {
            "id": "100045899886381",
            "count": 0
        },
        {
            "id": "61571821370693",
            "count": 0
        },
        {
            "id": "61557830780967",
            "count": 0
        },
        {
            "id": "100051408376455",
            "count": 0
        },
        {
            "id": "100027816951131",
            "count": 0
        },
        {
            "id": "100088432909482",
            "count": 16
        },
        {
            "id": "61573082498303",
            "count": 0
        },
        {
            "id": "61564271493342",
            "count": 0
        },
        {
            "id": "100077527096682",
            "count": 0
        },
        {
            "id": "61573387240474",
            "count": 0
        },
        {
            "id": "61550979245260",
            "count": 0
        },
        {
            "id": "61573683403195",
            "count": 0
        },
        {
            "id": "61564702018103",
            "count": 0
        }
    ],
    "week": [
        {
            "id": "61571988731553",
            "count": 0
        },
        {
            "id": "61571387579380",
            "count": 0
        },
        {
            "id": "61565892625931",
            "count": 0
        },
        {
            "id": "100003081812085",
            "count": 0
        },
        {
            "id": "100092570536922",
            "count": 0
        },
        {
            "id": "61560126368117",
            "count": 0
        },
        {
            "id": "61565924100529",
            "count": 0
        },
        {
            "id": "100089788062614",
            "count": 0
        },
        {
            "id": "61566708594042",
            "count": 0
        },
        {
            "id": "100082059545957",
            "count": 0
        },
        {
            "id": "100083716570720",
            "count": 0
        },
        {
            "id": "61570245612395",
            "count": 0
        },
        {
            "id": "61572575467019",
            "count": 0
        },
        {
            "id": "61571364711631",
            "count": 0
        },
        {
            "id": "61562775515538",
            "count": 0
        },
        {
            "id": "61571061207868",
            "count": 0
        },
        {
            "id": "61565444189439",
            "count": 0
        },
        {
            "id": "61572842579155",
            "count": 0
        },
        {
            "id": "100091089222317",
            "count": 0
        },
        {
            "id": "61551440876095",
            "count": 0
        },
        {
            "id": "61550266371531",
            "count": 0
        },
        {
            "id": "61559916367886",
            "count": 0
        },
        {
            "id": "61564921067356",
            "count": 0
        },
        {
            "id": "61565353807208",
            "count": 0
        },
        {
            "id": "61573195769115",
            "count": 0
        },
        {
            "id": "61572816587740",
            "count": 0
        },
        {
            "id": "61573561100533",
            "count": 0
        },
        {
            "id": "61572698143639",
            "count": 0
        },
        {
            "id": "61568373899915",
            "count": 0
        },
        {
            "id": "61573598091383",
            "count": 0
        },
        {
            "id": "100000232495657",
            "count": 0
        },
        {
            "id": "61571331167897",
            "count": 0
        },
        {
            "id": "61565438974521",
            "count": 0
        },
        {
            "id": "61572571510092",
            "count": 0
        },
        {
            "id": "61567247720024",
            "count": 0
        },
        {
            "id": "61567287950732",
            "count": 0
        },
        {
            "id": "61572956991331",
            "count": 0
        },
        {
            "id": "61571101539406",
            "count": 12
        },
        {
            "id": "100084922346245",
            "count": 0
        },
        {
            "id": "100085870539025",
            "count": 0
        },
        {
            "id": "61561779805923",
            "count": 0
        },
        {
            "id": "61558609296804",
            "count": 0
        },
        {
            "id": "61566892739079",
            "count": 0
        },
        {
            "id": "61573588911556",
            "count": 0
        },
        {
            "id": "61572973200737",
            "count": 0
        },
        {
            "id": "100054723048346",
            "count": 0
        },
        {
            "id": "100094698647509",
            "count": 0
        },
        {
            "id": "100084019066339",
            "count": 0
        },
        {
            "id": "61558742524639",
            "count": 0
        },
        {
            "id": "61571168099601",
            "count": 0
        },
        {
            "id": "61557199130153",
            "count": 0
        },
        {
            "id": "61564477216041",
            "count": 0
        },
        {
            "id": "61563000188255",
            "count": 0
        },
        {
            "id": "100023642858061",
            "count": 0
        },
        {
            "id": "61570030061928",
            "count": 0
        },
        {
            "id": "61558114226897",
            "count": 0
        },
        {
            "id": "61572730320251",
            "count": 0
        },
        {
            "id": "61572855314802",
            "count": 0
        },
        {
            "id": "61568972982880",
            "count": 0
        },
        {
            "id": "61566734854387",
            "count": 0
        },
        {
            "id": "61570111737695",
            "count": 0
        },
        {
            "id": "61573439810768",
            "count": 0
        },
        {
            "id": "61572282941708",
            "count": 0
        },
        {
            "id": "61572858374124",
            "count": 0
        },
        {
            "id": "61572790985915",
            "count": 0
        },
        {
            "id": "61571503835429",
            "count": 0
        },
        {
            "id": "100081881235190",
            "count": 0
        },
        {
            "id": "61567925545958",
            "count": 0
        },
        {
            "id": "61573118775784",
            "count": 0
        },
        {
            "id": "61550491602221",
            "count": 0
        },
        {
            "id": "61566004834977",
            "count": 0
        },
        {
            "id": "100025881884958",
            "count": 0
        },
        {
            "id": "61571819654406",
            "count": 0
        },
        {
            "id": "61571158589100",
            "count": 0
        },
        {
            "id": "100056997002172",
            "count": 0
        },
        {
            "id": "61564018145620",
            "count": 0
        },
        {
            "id": "61559091277412",
            "count": 0
        },
        {
            "id": "61572669149842",
            "count": 0
        },
        {
            "id": "100094577916783",
            "count": 0
        },
        {
            "id": "100051298231517",
            "count": 0
        },
        {
            "id": "61559626086387",
            "count": 0
        },
        {
            "id": "61555860491831",
            "count": 0
        },
        {
            "id": "61568271127171",
            "count": 0
        },
        {
            "id": "61572399200158",
            "count": 0
        },
        {
            "id": "61571215397286",
            "count": 0
        },
        {
            "id": "61553624530511",
            "count": 0
        },
        {
            "id": "61570344938831",
            "count": 0
        },
        {
            "id": "61563604073897",
            "count": 0
        },
        {
            "id": "61565340797600",
            "count": 0
        },
        {
            "id": "61563650675815",
            "count": 0
        },
        {
            "id": "61572478273788",
            "count": 0
        },
        {
            "id": "100007829925423",
            "count": 0
        },
        {
            "id": "61572892925020",
            "count": 0
        },
        {
            "id": "61573019897979",
            "count": 0
        },
        {
            "id": "61573532765462",
            "count": 0
        },
        {
            "id": "100045899886381",
            "count": 0
        },
        {
            "id": "61571821370693",
            "count": 0
        },
        {
            "id": "61557830780967",
            "count": 0
        },
        {
            "id": "100051408376455",
            "count": 0
        },
        {
            "id": "100027816951131",
            "count": 0
        },
        {
            "id": "100088432909482",
            "count": 16
        },
        {
            "id": "61573082498303",
            "count": 0
        },
        {
            "id": "61564271493342",
            "count": 0
        },
        {
            "id": "100077527096682",
            "count": 0
        },
        {
            "id": "61573387240474",
            "count": 0
        },
        {
            "id": "61550979245260",
            "count": 0
        },
        {
            "id": "61573683403195",
            "count": 0
        },
        {
            "id": "61564702018103",
            "count": 0
        }
    ],
    "day": [
        {
            "id": "61571988731553",
            "count": 0
        },
        {
            "id": "61571387579380",
            "count": 0
        },
        {
            "id": "61565892625931",
            "count": 0
        },
        {
            "id": "100003081812085",
            "count": 0
        },
        {
            "id": "100092570536922",
            "count": 0
        },
        {
            "id": "61560126368117",
            "count": 0
        },
        {
            "id": "61565924100529",
            "count": 0
        },
        {
            "id": "100089788062614",
            "count": 0
        },
        {
            "id": "61566708594042",
            "count": 0
        },
        {
            "id": "100082059545957",
            "count": 0
        },
        {
            "id": "100083716570720",
            "count": 0
        },
        {
            "id": "61570245612395",
            "count": 0
        },
        {
            "id": "61572575467019",
            "count": 0
        },
        {
            "id": "61571364711631",
            "count": 0
        },
        {
            "id": "61562775515538",
            "count": 0
        },
        {
            "id": "61571061207868",
            "count": 0
        },
        {
            "id": "61565444189439",
            "count": 0
        },
        {
            "id": "61572842579155",
            "count": 0
        },
        {
            "id": "100091089222317",
            "count": 0
        },
        {
            "id": "61551440876095",
            "count": 0
        },
        {
            "id": "61550266371531",
            "count": 0
        },
        {
            "id": "61559916367886",
            "count": 0
        },
        {
            "id": "61564921067356",
            "count": 0
        },
        {
            "id": "61565353807208",
            "count": 0
        },
        {
            "id": "61573195769115",
            "count": 0
        },
        {
            "id": "61572816587740",
            "count": 0
        },
        {
            "id": "61573561100533",
            "count": 0
        },
        {
            "id": "61572698143639",
            "count": 0
        },
        {
            "id": "61568373899915",
            "count": 0
        },
        {
            "id": "61573598091383",
            "count": 0
        },
        {
            "id": "100000232495657",
            "count": 0
        },
        {
            "id": "61571331167897",
            "count": 0
        },
        {
            "id": "61565438974521",
            "count": 0
        },
        {
            "id": "61572571510092",
            "count": 0
        },
        {
            "id": "61567247720024",
            "count": 0
        },
        {
            "id": "61567287950732",
            "count": 0
        },
        {
            "id": "61572956991331",
            "count": 0
        },
        {
            "id": "61571101539406",
            "count": 12
        },
        {
            "id": "100084922346245",
            "count": 0
        },
        {
            "id": "100085870539025",
            "count": 0
        },
        {
            "id": "61561779805923",
            "count": 0
        },
        {
            "id": "61558609296804",
            "count": 0
        },
        {
            "id": "61566892739079",
            "count": 0
        },
        {
            "id": "61573588911556",
            "count": 0
        },
        {
            "id": "61572973200737",
            "count": 0
        },
        {
            "id": "100054723048346",
            "count": 0
        },
        {
            "id": "100094698647509",
            "count": 0
        },
        {
            "id": "100084019066339",
            "count": 0
        },
        {
            "id": "61558742524639",
            "count": 0
        },
        {
            "id": "61571168099601",
            "count": 0
        },
        {
            "id": "61557199130153",
            "count": 0
        },
        {
            "id": "61564477216041",
            "count": 0
        },
        {
            "id": "61563000188255",
            "count": 0
        },
        {
            "id": "100023642858061",
            "count": 0
        },
        {
            "id": "61570030061928",
            "count": 0
        },
        {
            "id": "61558114226897",
            "count": 0
        },
        {
            "id": "61572730320251",
            "count": 0
        },
        {
            "id": "61572855314802",
            "count": 0
        },
        {
            "id": "61568972982880",
            "count": 0
        },
        {
            "id": "61566734854387",
            "count": 0
        },
        {
            "id": "61570111737695",
            "count": 0
        },
        {
            "id": "61573439810768",
            "count": 0
        },
        {
            "id": "61572282941708",
            "count": 0
        },
        {
            "id": "61572858374124",
            "count": 0
        },
        {
            "id": "61572790985915",
            "count": 0
        },
        {
            "id": "61571503835429",
            "count": 0
        },
        {
            "id": "100081881235190",
            "count": 0
        },
        {
            "id": "61567925545958",
            "count": 0
        },
        {
            "id": "61573118775784",
            "count": 0
        },
        {
            "id": "61550491602221",
            "count": 0
        },
        {
            "id": "61566004834977",
            "count": 0
        },
        {
            "id": "100025881884958",
            "count": 0
        },
        {
            "id": "61571819654406",
            "count": 0
        },
        {
            "id": "61571158589100",
            "count": 0
        },
        {
            "id": "100056997002172",
            "count": 0
        },
        {
            "id": "61564018145620",
            "count": 0
        },
        {
            "id": "61559091277412",
            "count": 0
        },
        {
            "id": "61572669149842",
            "count": 0
        },
        {
            "id": "100094577916783",
            "count": 0
        },
        {
            "id": "100051298231517",
            "count": 0
        },
        {
            "id": "61559626086387",
            "count": 0
        },
        {
            "id": "61555860491831",
            "count": 0
        },
        {
            "id": "61568271127171",
            "count": 0
        },
        {
            "id": "61572399200158",
            "count": 0
        },
        {
            "id": "61571215397286",
            "count": 0
        },
        {
            "id": "61553624530511",
            "count": 0
        },
        {
            "id": "61570344938831",
            "count": 0
        },
        {
            "id": "61563604073897",
            "count": 0
        },
        {
            "id": "61565340797600",
            "count": 0
        },
        {
            "id": "61563650675815",
            "count": 0
        },
        {
            "id": "61572478273788",
            "count": 0
        },
        {
            "id": "100007829925423",
            "count": 0
        },
        {
            "id": "61572892925020",
            "count": 0
        },
        {
            "id": "61573019897979",
            "count": 0
        },
        {
            "id": "61573532765462",
            "count": 0
        },
        {
            "id": "100045899886381",
            "count": 0
        },
        {
            "id": "61571821370693",
            "count": 0
        },
        {
            "id": "61557830780967",
            "count": 0
        },
        {
            "id": "100051408376455",
            "count": 0
        },
        {
            "id": "100027816951131",
            "count": 0
        },
        {
            "id": "100088432909482",
            "count": 16
        },
        {
            "id": "61573082498303",
            "count": 0
        },
        {
            "id": "61564271493342",
            "count": 0
        },
        {
            "id": "100077527096682",
            "count": 0
        },
        {
            "id": "61573387240474",
            "count": 0
        },
        {
            "id": "61550979245260",
            "count": 0
        },
        {
            "id": "61573683403195",
            "count": 0
        },
        {
            "id": "61564702018103",
            "count": 0
        }
    ],
    "time": 3,
    "last": {
        "time": 6,
        "day": [
            {
                "id": "61571988731553",
                "count": 0
            },
            {
                "id": "61571387579380",
                "count": 0
            },
            {
                "id": "61565892625931",
                "count": 0
            },
            {
                "id": "100003081812085",
                "count": 0
            },
            {
                "id": "100092570536922",
                "count": 0
            },
            {
                "id": "61560126368117",
                "count": 0
            },
            {
                "id": "61565924100529",
                "count": 0
            },
            {
                "id": "100089788062614",
                "count": 0
            },
            {
                "id": "61566708594042",
                "count": 0
            },
            {
                "id": "100082059545957",
                "count": 0
            },
            {
                "id": "100083716570720",
                "count": 0
            },
            {
                "id": "61570245612395",
                "count": 0
            },
            {
                "id": "61572575467019",
                "count": 0
            },
            {
                "id": "61571364711631",
                "count": 0
            },
            {
                "id": "61562775515538",
                "count": 0
            },
            {
                "id": "61571061207868",
                "count": 0
            },
            {
                "id": "61565444189439",
                "count": 0
            },
            {
                "id": "61572842579155",
                "count": 0
            },
            {
                "id": "100091089222317",
                "count": 0
            },
            {
                "id": "61551440876095",
                "count": 0
            },
            {
                "id": "61550266371531",
                "count": 0
            },
            {
                "id": "61559916367886",
                "count": 0
            },
            {
                "id": "61564921067356",
                "count": 0
            },
            {
                "id": "61565353807208",
                "count": 0
            },
            {
                "id": "61573195769115",
                "count": 0
            },
            {
                "id": "61572816587740",
                "count": 0
            },
            {
                "id": "61573561100533",
                "count": 0
            },
            {
                "id": "61572698143639",
                "count": 0
            },
            {
                "id": "61568373899915",
                "count": 0
            },
            {
                "id": "61573598091383",
                "count": 0
            },
            {
                "id": "100000232495657",
                "count": 0
            },
            {
                "id": "61571331167897",
                "count": 0
            },
            {
                "id": "61565438974521",
                "count": 0
            },
            {
                "id": "61572571510092",
                "count": 0
            },
            {
                "id": "61567247720024",
                "count": 0
            },
            {
                "id": "61567287950732",
                "count": 0
            },
            {
                "id": "61572956991331",
                "count": 0
            },
            {
                "id": "61571101539406",
                "count": 0
            },
            {
                "id": "100084922346245",
                "count": 0
            },
            {
                "id": "100085870539025",
                "count": 0
            },
            {
                "id": "61561779805923",
                "count": 0
            },
            {
                "id": "61558609296804",
                "count": 0
            },
            {
                "id": "61566892739079",
                "count": 0
            },
            {
                "id": "61573588911556",
                "count": 0
            },
            {
                "id": "61572973200737",
                "count": 0
            },
            {
                "id": "100054723048346",
                "count": 0
            },
            {
                "id": "100094698647509",
                "count": 0
            },
            {
                "id": "100084019066339",
                "count": 0
            },
            {
                "id": "61558742524639",
                "count": 0
            },
            {
                "id": "61571168099601",
                "count": 0
            },
            {
                "id": "61557199130153",
                "count": 0
            },
            {
                "id": "61564477216041",
                "count": 0
            },
            {
                "id": "61563000188255",
                "count": 0
            },
            {
                "id": "100023642858061",
                "count": 0
            },
            {
                "id": "61570030061928",
                "count": 0
            },
            {
                "id": "61558114226897",
                "count": 0
            },
            {
                "id": "61572730320251",
                "count": 0
            },
            {
                "id": "61572855314802",
                "count": 0
            },
            {
                "id": "61568972982880",
                "count": 0
            },
            {
                "id": "61566734854387",
                "count": 0
            },
            {
                "id": "61570111737695",
                "count": 0
            },
            {
                "id": "61573439810768",
                "count": 0
            },
            {
                "id": "61572282941708",
                "count": 0
            },
            {
                "id": "61572858374124",
                "count": 0
            },
            {
                "id": "61572790985915",
                "count": 0
            },
            {
                "id": "61571503835429",
                "count": 0
            },
            {
                "id": "100081881235190",
                "count": 0
            },
            {
                "id": "61567925545958",
                "count": 0
            },
            {
                "id": "61573118775784",
                "count": 0
            },
            {
                "id": "61550491602221",
                "count": 0
            },
            {
                "id": "61566004834977",
                "count": 0
            },
            {
                "id": "100025881884958",
                "count": 0
            },
            {
                "id": "61571819654406",
                "count": 0
            },
            {
                "id": "61571158589100",
                "count": 0
            },
            {
                "id": "100056997002172",
                "count": 0
            },
            {
                "id": "61564018145620",
                "count": 0
            },
            {
                "id": "61559091277412",
                "count": 0
            },
            {
                "id": "61572669149842",
                "count": 0
            },
            {
                "id": "100094577916783",
                "count": 0
            },
            {
                "id": "100051298231517",
                "count": 0
            },
            {
                "id": "61559626086387",
                "count": 0
            },
            {
                "id": "61555860491831",
                "count": 0
            },
            {
                "id": "61568271127171",
                "count": 0
            },
            {
                "id": "61572399200158",
                "count": 0
            },
            {
                "id": "61571215397286",
                "count": 0
            },
            {
                "id": "61553624530511",
                "count": 0
            },
            {
                "id": "61570344938831",
                "count": 0
            },
            {
                "id": "61563604073897",
                "count": 0
            },
            {
                "id": "61565340797600",
                "count": 0
            },
            {
                "id": "61563650675815",
                "count": 0
            },
            {
                "id": "61572478273788",
                "count": 0
            },
            {
                "id": "100007829925423",
                "count": 0
            },
            {
                "id": "61572892925020",
                "count": 0
            },
            {
                "id": "61573019897979",
                "count": 0
            },
            {
                "id": "61573532765462",
                "count": 0
            },
            {
                "id": "100045899886381",
                "count": 0
            },
            {
                "id": "61571821370693",
                "count": 0
            },
            {
                "id": "61557830780967",
                "count": 0
            },
            {
                "id": "100051408376455",
                "count": 0
            },
            {
                "id": "100027816951131",
                "count": 0
            },
            {
                "id": "100088432909482",
                "count": 0
            },
            {
                "id": "61573082498303",
                "count": 0
            },
            {
                "id": "61564271493342",
                "count": 0
            },
            {
                "id": "100077527096682",
                "count": 0
            },
            {
                "id": "61573387240474",
                "count": 0
            },
            {
                "id": "61550979245260",
                "count": 0
            },
            {
                "id": "61573683403195",
                "count": 0
            },
            {
                "id": "61564702018103",
                "count": 0
            }
        ],
        "week": [
            {
                "id": "61571988731553",
                "count": 0
            },
            {
                "id": "61571387579380",
                "count": 0
            },
            {
                "id": "61565892625931",
                "count": 0
            },
            {
                "id": "100003081812085",
                "count": 0
            },
            {
                "id": "100092570536922",
                "count": 0
            },
            {
                "id": "61560126368117",
                "count": 0
            },
            {
                "id": "61565924100529",
                "count": 0
            },
            {
                "id": "100089788062614",
                "count": 0
            },
            {
                "id": "61566708594042",
                "count": 0
            },
            {
                "id": "100082059545957",
                "count": 0
            },
            {
                "id": "100083716570720",
                "count": 0
            },
            {
                "id": "61570245612395",
                "count": 0
            },
            {
                "id": "61572575467019",
                "count": 0
            },
            {
                "id": "61571364711631",
                "count": 0
            },
            {
                "id": "61562775515538",
                "count": 0
            },
            {
                "id": "61571061207868",
                "count": 0
            },
            {
                "id": "61565444189439",
                "count": 0
            },
            {
                "id": "61572842579155",
                "count": 0
            },
            {
                "id": "100091089222317",
                "count": 0
            },
            {
                "id": "61551440876095",
                "count": 0
            },
            {
                "id": "61550266371531",
                "count": 0
            },
            {
                "id": "61559916367886",
                "count": 0
            },
            {
                "id": "61564921067356",
                "count": 0
            },
            {
                "id": "61565353807208",
                "count": 0
            },
            {
                "id": "61573195769115",
                "count": 0
            },
            {
                "id": "61572816587740",
                "count": 0
            },
            {
                "id": "61573561100533",
                "count": 0
            },
            {
                "id": "61572698143639",
                "count": 0
            },
            {
                "id": "61568373899915",
                "count": 0
            },
            {
                "id": "61573598091383",
                "count": 0
            },
            {
                "id": "100000232495657",
                "count": 0
            },
            {
                "id": "61571331167897",
                "count": 0
            },
            {
                "id": "61565438974521",
                "count": 0
            },
            {
                "id": "61572571510092",
                "count": 0
            },
            {
                "id": "61567247720024",
                "count": 0
            },
            {
                "id": "61567287950732",
                "count": 0
            },
            {
                "id": "61572956991331",
                "count": 0
            },
            {
                "id": "61571101539406",
                "count": 0
            },
            {
                "id": "100084922346245",
                "count": 0
            },
            {
                "id": "100085870539025",
                "count": 0
            },
            {
                "id": "61561779805923",
                "count": 0
            },
            {
                "id": "61558609296804",
                "count": 0
            },
            {
                "id": "61566892739079",
                "count": 0
            },
            {
                "id": "61573588911556",
                "count": 0
            },
            {
                "id": "61572973200737",
                "count": 0
            },
            {
                "id": "100054723048346",
                "count": 0
            },
            {
                "id": "100094698647509",
                "count": 0
            },
            {
                "id": "100084019066339",
                "count": 0
            },
            {
                "id": "61558742524639",
                "count": 0
            },
            {
                "id": "61571168099601",
                "count": 0
            },
            {
                "id": "61557199130153",
                "count": 0
            },
            {
                "id": "61564477216041",
                "count": 0
            },
            {
                "id": "61563000188255",
                "count": 0
            },
            {
                "id": "100023642858061",
                "count": 0
            },
            {
                "id": "61570030061928",
                "count": 0
            },
            {
                "id": "61558114226897",
                "count": 0
            },
            {
                "id": "61572730320251",
                "count": 0
            },
            {
                "id": "61572855314802",
                "count": 0
            },
            {
                "id": "61568972982880",
                "count": 0
            },
            {
                "id": "61566734854387",
                "count": 0
            },
            {
                "id": "61570111737695",
                "count": 0
            },
            {
                "id": "61573439810768",
                "count": 0
            },
            {
                "id": "61572282941708",
                "count": 0
            },
            {
                "id": "61572858374124",
                "count": 0
            },
            {
                "id": "61572790985915",
                "count": 0
            },
            {
                "id": "61571503835429",
                "count": 0
            },
            {
                "id": "100081881235190",
                "count": 0
            },
            {
                "id": "61567925545958",
                "count": 0
            },
            {
                "id": "61573118775784",
                "count": 0
            },
            {
                "id": "61550491602221",
                "count": 0
            },
            {
                "id": "61566004834977",
                "count": 0
            },
            {
                "id": "100025881884958",
                "count": 0
            },
            {
                "id": "61571819654406",
                "count": 0
            },
            {
                "id": "61571158589100",
                "count": 0
            },
            {
                "id": "100056997002172",
                "count": 0
            },
            {
                "id": "61564018145620",
                "count": 0
            },
            {
                "id": "61559091277412",
                "count": 0
            },
            {
                "id": "61572669149842",
                "count": 0
            },
            {
                "id": "100094577916783",
                "count": 0
            },
            {
                "id": "100051298231517",
                "count": 0
            },
            {
                "id": "61559626086387",
                "count": 0
            },
            {
                "id": "61555860491831",
                "count": 0
            },
            {
                "id": "61568271127171",
                "count": 0
            },
            {
                "id": "61572399200158",
                "count": 0
            },
            {
                "id": "61571215397286",
                "count": 0
            },
            {
                "id": "61553624530511",
                "count": 0
            },
            {
                "id": "61570344938831",
                "count": 0
            },
            {
                "id": "61563604073897",
                "count": 0
            },
            {
                "id": "61565340797600",
                "count": 0
            },
            {
                "id": "61563650675815",
                "count": 0
            },
            {
                "id": "61572478273788",
                "count": 0
            },
            {
                "id": "100007829925423",
                "count": 0
            },
            {
                "id": "61572892925020",
                "count": 0
            },
            {
                "id": "61573019897979",
                "count": 0
            },
            {
                "id": "61573532765462",
                "count": 0
            },
            {
                "id": "100045899886381",
                "count": 0
            },
            {
                "id": "61571821370693",
                "count": 0
            },
            {
                "id": "61557830780967",
                "count": 0
            },
            {
                "id": "100051408376455",
                "count": 0
            },
            {
                "id": "100027816951131",
                "count": 0
            },
            {
                "id": "100088432909482",
                "count": 0
            },
            {
                "id": "61573082498303",
                "count": 0
            },
            {
                "id": "61564271493342",
                "count": 0
            },
            {
                "id": "100077527096682",
                "count": 0
            },
            {
                "id": "61573387240474",
                "count": 0
            },
            {
                "id": "61550979245260",
                "count": 0
            },
            {
                "id": "61573683403195",
                "count": 0
            },
            {
                "id": "61564702018103",
                "count": 0
            }
        ]
    }
}