{
    "total": [
        {
            "id": "61561408126016",
            "count": 0
        },
        {
            "id": "61553825116278",
            "count": 0
        },
        {
            "id": "61561754390867",
            "count": 0
        },
        {
            "id": "100081568377883",
            "count": 0
        },
        {
            "id": "61552610636658",
            "count": 0
        },
        {
            "id": "100076321554796",
            "count": 0
        },
        {
            "id": "61558755519186",
            "count": 0
        },
        {
            "id": "61560935585584",
            "count": 0
        },
        {
            "id": "61555622330117",
            "count": 0
        },
        {
            "id": "61552558204562",
            "count": 0
        },
        {
            "id": "61551614343425",
            "count": 0
        },
        {
            "id": "100065408027109",
            "count": 0
        },
        {
            "id": "100091965332017",
            "count": 0
        },
        {
            "id": "61550542222313",
            "count": 0
        },
        {
            "id": "100081139415840",
            "count": 0
        },
        {
            "id": "61553745827597",
            "count": 0
        },
        {
            "id": "100031617726349",
            "count": 0
        },
        {
            "id": "61560292741784",
            "count": 0
        },
        {
            "id": "61560989612137",
            "count": 0
        },
        {
            "id": "61559165895717",
            "count": 0
        },
        {
            "id": "61558451866612",
            "count": 0
        },
        {
            "id": "61554423142540",
            "count": 0
        },
        {
            "id": "61559704325716",
            "count": 0
        },
        {
            "id": "61555671868915",
            "count": 0
        },
        {
            "id": "61559102378932",
            "count": 0
        },
        {
            "id": "61560826600192",
            "count": 0
        },
        {
            "id": "61555328752077",
            "count": 0
        },
        {
            "id": "61555701165670",
            "count": 0
        },
        {
            "id": "61558728745450",
            "count": 0
        },
        {
            "id": "61552611203388",
            "count": 0
        },
        {
            "id": "61560856903243",
            "count": 0
        },
        {
            "id": "100032107203325",
            "count": 0
        },
        {
            "id": "100088101583247",
            "count": 0
        },
        {
            "id": "61550186158909",
            "count": 0
        },
        {
            "id": "61559882429440",
            "count": 0
        },
        {
            "id": "61552418886902",
            "count": 0
        },
        {
            "id": "61557832650680",
            "count": 0
        },
        {
            "id": "100082226418450",
            "count": 0
        },
        {
            "id": "61561486959285",
            "count": 0
        },
        {
            "id": "61561766321031",
            "count": 0
        },
        {
            "id": "100076799187340",
            "count": 0
        },
        {
            "id": "61562025116623",
            "count": 0
        },
        {
            "id": "61561683399083",
            "count": 0
        },
        {
            "id": "61561261575399",
            "count": 0
        },
        {
            "id": "61558106878900",
            "count": 0
        },
        {
            "id": "61554650875353",
            "count": 0
        },
        {
            "id": "100084765887234",
            "count": 0
        },
        {
            "id": "100092029653844",
            "count": 0
        },
        {
            "id": "100088242495193",
            "count": 0
        },
        {
            "id": "61554380161500",
            "count": 0
        },
        {
            "id": "61551839597905",
            "count": 0
        },
        {
            "id": "100094760956934",
            "count": 0
        },
        {
            "id": "61558405778264",
            "count": 0
        },
        {
            "id": "100092272505307",
            "count": 0
        },
        {
            "id": "61560794793394",
            "count": 0
        },
        {
            "id": "100089937960429",
            "count": 0
        },
        {
            "id": "61558704265955",
            "count": 0
        },
        {
            "id": "61559460087218",
            "count": 0
        },
        {
            "id": "61561933470286",
            "count": 0
        },
        {
            "id": "100055075106465",
            "count": 0
        },
        {
            "id": "61561299267160",
            "count": 0
        },
        {
            "id": "61562894211614",
            "count": 0
        },
        {
            "id": "100044465722892",
            "count": 0
        },
        {
            "id": "61554116835006",
            "count": 0
        },
        {
            "id": "61562883505498",
            "count": 0
        },
        {
            "id": "61554942236210",
            "count": 0
        },
        {
            "id": "100081891879640",
            "count": 0
        },
        {
            "id": "61552457107550",
            "count": 0
        },
        {
            "id": "61559191832260",
            "count": 0
        },
        {
            "id": "100053617780976",
            "count": 0
        },
        {
            "id": "100083942523000",
            "count": 0
        },
        {
            "id": "61562202147441",
            "count": 0
        },
        {
            "id": "61553109298122",
            "count": 0
        },
        {
            "id": "61562798606489",
            "count": 0
        },
        {
            "id": "61562782287561",
            "count": 0
        },
        {
            "id": "100089643445546",
            "count": 0
        },
        {
            "id": "100093589458899",
            "count": 0
        },
        {
            "id": "61562583950258",
            "count": 0
        },
        {
            "id": "100069050216607",
            "count": 0
        },
        {
            "id": "61561580818789",
            "count": 0
        },
        {
            "id": "61569442683580",
            "count": 0
        },
        {
            "id": "61570317986116",
            "count": 0
        },
        {
            "id": "61570412870654",
            "count": 0
        },
        {
            "id": "61570468032444",
            "count": 0
        },
        {
            "id": "61561747154327",
            "count": 0
        },
        {
            "id": "100005004826848",
            "count": 0
        },
        {
            "id": "61572590847245",
            "count": 0
        },
        {
            "id": "61572286217734",
            "count": 0
        },
        {
            "id": "61572549217928",
            "count": 0
        },
        {
            "id": "61573033250727",
            "count": 0
        },
        {
            "id": "100082694021566",
            "count": 0
        },
        {
            "id": "61572925285034",
            "count": 0
        },
        {
            "id": "61569575141717",
            "count": 0
        },
        {
            "id": "61572972803964",
            "count": 0
        },
        {
            "id": "100055447481674",
            "count": 0
        },
        {
            "id": "61572963444482",
            "count": 0
        },
        {
            "id": "61573059051079",
            "count": 0
        },
        {
            "id": "61572801994100",
            "count": 0
        },
        {
            "id": "61572820475150",
            "count": 0
        },
        {
            "id": "61557990167186",
            "count": 0
        },
        {
            "id": "61572517573662",
            "count": 0
        },
        {
            "id": "61572865056245",
            "count": 0
        },
        {
            "id": "61572992697404",
            "count": 0
        },
        {
            "id": "61572980307912",
            "count": 0
        },
        {
            "id": "61572538873990",
            "count": 0
        },
        {
            "id": "100026326604118",
            "count": 0
        },
        {
            "id": "61573301543366",
            "count": 0
        },
        {
            "id": "61573376032823",
            "count": 0
        },
        {
            "id": "61573000986070",
            "count": 0
        },
        {
            "id": "61572989436317",
            "count": 0
        },
        {
            "id": "61573370273940",
            "count": 0
        },
        {
            "id": "61573102081752",
            "count": 0
        },
        {
            "id": "61564715919535",
            "count": 0
        },
        {
            "id": "61573118220844",
            "count": 0
        },
        {
            "id": "61572803653746",
            "count": 0
        },
        {
            "id": "61573459551366",
            "count": 0
        },
        {
            "id": "61572898182951",
            "count": 0
        },
        {
            "id": "100003010961706",
            "count": 0
        },
        {
            "id": "61573198622022",
            "count": 0
        },
        {
            "id": "61572761776234",
            "count": 0
        },
        {
            "id": "61573007355113",
            "count": 0
        },
        {
            "id": "61573549014752",
            "count": 0
        },
        {
            "id": "100002514163694",
            "count": 0
        },
        {
            "id": "61573381923665",
            "count": 0
        },
        {
            "id": "61573373335565",
            "count": 0
        },
        {
            "id": "61573376287374",
            "count": 0
        },
        {
            "id": "61573558680778",
            "count": 0
        },
        {
            "id": "61573066814572",
            "count": 0
        },
        {
            "id": "61573434697243",
            "count": 0
        },
        {
            "id": "61573596212054",
            "count": 0
        },
        {
            "id": "61573437668785",
            "count": 0
        },
        {
            "id": "61573202892716",
            "count": 0
        },
        {
            "id": "61573774645476",
            "count": 0
        },
        {
            "id": "61573494091014",
            "count": 0
        },
        {
            "id": "100026244009179",
            "count": 0
        },
        {
            "id": "61573394683669",
            "count": 0
        },
        {
            "id": "61573400055349",
            "count": 0
        },
        {
            "id": "61562408587729",
            "count": 0
        },
        {
            "id": "100003272598601",
            "count": 0
        },
        {
            "id": "61572984185009",
            "count": 0
        },
        {
            "id": "61573799008249",
            "count": 0
        },
        {
            "id": "61571160765784",
            "count": 0
        },
        {
            "id": "100003532127581",
            "count": 0
        },
        {
            "id": "61573277657669",
            "count": 0
        },
        {
            "id": "61573702954807",
            "count": 0
        },
        {
            "id": "100004714873206",
            "count": 0
        },
        {
            "id": "100000430584776",
            "count": 0
        },
        {
            "id": "100002404624756",
            "count": 0
        },
        {
            "id": "61573991451998",
            "count": 0
        },
        {
            "id": "61573200167982",
            "count": 0
        },
        {
            "id": "61573834771020",
            "count": 0
        },
        {
            "id": "100002053380446",
            "count": 0
        },
        {
            "id": "61573975582860",
            "count": 0
        },
        {
            "id": "100004208084291",
            "count": 0
        },
        {
            "id": "61566794587338",
            "count": 18
        },
        {
            "id": "61573793372866",
            "count": 0
        },
        {
            "id": "100088488834383",
            "count": 0
        },
        {
            "id": "61573867557333",
            "count": 0
        },
        {
            "id": "61573905688752",
            "count": 0
        },
        {
            "id": "61573647969842",
            "count": 0
        },
        {
            "id": "61573659100790",
            "count": 0
        },
        {
            "id": "61573732417461",
            "count": 0
        },
        {
            "id": "61573867048528",
            "count": 0
        },
        {
            "id": "61573777054546",
            "count": 0
        },
        {
            "id": "61574069300095",
            "count": 0
        },
        {
            "id": "61571626403255",
            "count": 0
        },
        {
            "id": "61573529145713",
            "count": 0
        },
        {
            "id": "61573748466935",
            "count": 0
        },
        {
            "id": "61573565296002",
            "count": 0
        },
        {
            "id": "61573804503743",
            "count": 0
        },
        {
            "id": "61573916759463",
            "count": 0
        },
        {
            "id": "61573521617524",
            "count": 6
        },
        {
            "id": "61573686251419",
            "count": 0
        },
        {
            "id": "61573622383814",
            "count": 0
        },
        {
            "id": "61573592385914",
            "count": 0
        },
        {
            "id": "61573812275901",
            "count": 10
        },
        {
            "id": "61573512192946",
            "count": 4
        }
    ],
    "week": [
        {
            "id": "61561408126016",
            "count": 0
        },
        {
            "id": "61553825116278",
            "count": 0
        },
        {
            "id": "61561754390867",
            "count": 0
        },
        {
            "id": "100081568377883",
            "count": 0
        },
        {
            "id": "61552610636658",
            "count": 0
        },
        {
            "id": "100076321554796",
            "count": 0
        },
        {
            "id": "61558755519186",
            "count": 0
        },
        {
            "id": "61560935585584",
            "count": 0
        },
        {
            "id": "61555622330117",
            "count": 0
        },
        {
            "id": "61552558204562",
            "count": 0
        },
        {
            "id": "61551614343425",
            "count": 0
        },
        {
            "id": "100065408027109",
            "count": 0
        },
        {
            "id": "100091965332017",
            "count": 0
        },
        {
            "id": "61550542222313",
            "count": 0
        },
        {
            "id": "100081139415840",
            "count": 0
        },
        {
            "id": "61553745827597",
            "count": 0
        },
        {
            "id": "100031617726349",
            "count": 0
        },
        {
            "id": "61560292741784",
            "count": 0
        },
        {
            "id": "61560989612137",
            "count": 0
        },
        {
            "id": "61559165895717",
            "count": 0
        },
        {
            "id": "61558451866612",
            "count": 0
        },
        {
            "id": "61554423142540",
            "count": 0
        },
        {
            "id": "61559704325716",
            "count": 0
        },
        {
            "id": "61555671868915",
            "count": 0
        },
        {
            "id": "61559102378932",
            "count": 0
        },
        {
            "id": "61560826600192",
            "count": 0
        },
        {
            "id": "61555328752077",
            "count": 0
        },
        {
            "id": "61555701165670",
            "count": 0
        },
        {
            "id": "61558728745450",
            "count": 0
        },
        {
            "id": "61552611203388",
            "count": 0
        },
        {
            "id": "61560856903243",
            "count": 0
        },
        {
            "id": "100032107203325",
            "count": 0
        },
        {
            "id": "100088101583247",
            "count": 0
        },
        {
            "id": "61550186158909",
            "count": 0
        },
        {
            "id": "61559882429440",
            "count": 0
        },
        {
            "id": "61552418886902",
            "count": 0
        },
        {
            "id": "61557832650680",
            "count": 0
        },
        {
            "id": "100082226418450",
            "count": 0
        },
        {
            "id": "61561486959285",
            "count": 0
        },
        {
            "id": "61561766321031",
            "count": 0
        },
        {
            "id": "100076799187340",
            "count": 0
        },
        {
            "id": "61562025116623",
            "count": 0
        },
        {
            "id": "61561683399083",
            "count": 0
        },
        {
            "id": "61561261575399",
            "count": 0
        },
        {
            "id": "61558106878900",
            "count": 0
        },
        {
            "id": "61554650875353",
            "count": 0
        },
        {
            "id": "100084765887234",
            "count": 0
        },
        {
            "id": "100092029653844",
            "count": 0
        },
        {
            "id": "100088242495193",
            "count": 0
        },
        {
            "id": "61554380161500",
            "count": 0
        },
        {
            "id": "61551839597905",
            "count": 0
        },
        {
            "id": "100094760956934",
            "count": 0
        },
        {
            "id": "61558405778264",
            "count": 0
        },
        {
            "id": "100092272505307",
            "count": 0
        },
        {
            "id": "61560794793394",
            "count": 0
        },
        {
            "id": "100089937960429",
            "count": 0
        },
        {
            "id": "61558704265955",
            "count": 0
        },
        {
            "id": "61559460087218",
            "count": 0
        },
        {
            "id": "61561933470286",
            "count": 0
        },
        {
            "id": "100055075106465",
            "count": 0
        },
        {
            "id": "61561299267160",
            "count": 0
        },
        {
            "id": "61562894211614",
            "count": 0
        },
        {
            "id": "100044465722892",
            "count": 0
        },
        {
            "id": "61554116835006",
            "count": 0
        },
        {
            "id": "61562883505498",
            "count": 0
        },
        {
            "id": "61554942236210",
            "count": 0
        },
        {
            "id": "100081891879640",
            "count": 0
        },
        {
            "id": "61552457107550",
            "count": 0
        },
        {
            "id": "61559191832260",
            "count": 0
        },
        {
            "id": "100053617780976",
            "count": 0
        },
        {
            "id": "100083942523000",
            "count": 0
        },
        {
            "id": "61562202147441",
            "count": 0
        },
        {
            "id": "61553109298122",
            "count": 0
        },
        {
            "id": "61562798606489",
            "count": 0
        },
        {
            "id": "61562782287561",
            "count": 0
        },
        {
            "id": "100089643445546",
            "count": 0
        },
        {
            "id": "100093589458899",
            "count": 0
        },
        {
            "id": "61562583950258",
            "count": 0
        },
        {
            "id": "100069050216607",
            "count": 0
        },
        {
            "id": "61561580818789",
            "count": 0
        },
        {
            "id": "61569442683580",
            "count": 0
        },
        {
            "id": "61570317986116",
            "count": 0
        },
        {
            "id": "61570412870654",
            "count": 0
        },
        {
            "id": "61570468032444",
            "count": 0
        },
        {
            "id": "61561747154327",
            "count": 0
        },
        {
            "id": "100005004826848",
            "count": 0
        },
        {
            "id": "61572590847245",
            "count": 0
        },
        {
            "id": "61572286217734",
            "count": 0
        },
        {
            "id": "61572549217928",
            "count": 0
        },
        {
            "id": "61573033250727",
            "count": 0
        },
        {
            "id": "100082694021566",
            "count": 0
        },
        {
            "id": "61572925285034",
            "count": 0
        },
        {
            "id": "61569575141717",
            "count": 0
        },
        {
            "id": "61572972803964",
            "count": 0
        },
        {
            "id": "100055447481674",
            "count": 0
        },
        {
            "id": "61572963444482",
            "count": 0
        },
        {
            "id": "61573059051079",
            "count": 0
        },
        {
            "id": "61572801994100",
            "count": 0
        },
        {
            "id": "61572820475150",
            "count": 0
        },
        {
            "id": "61557990167186",
            "count": 0
        },
        {
            "id": "61572517573662",
            "count": 0
        },
        {
            "id": "61572865056245",
            "count": 0
        },
        {
            "id": "61572992697404",
            "count": 0
        },
        {
            "id": "61572980307912",
            "count": 0
        },
        {
            "id": "61572538873990",
            "count": 0
        },
        {
            "id": "100026326604118",
            "count": 0
        },
        {
            "id": "61573301543366",
            "count": 0
        },
        {
            "id": "61573376032823",
            "count": 0
        },
        {
            "id": "61573000986070",
            "count": 0
        },
        {
            "id": "61572989436317",
            "count": 0
        },
        {
            "id": "61573370273940",
            "count": 0
        },
        {
            "id": "61573102081752",
            "count": 0
        },
        {
            "id": "61564715919535",
            "count": 0
        },
        {
            "id": "61573118220844",
            "count": 0
        },
        {
            "id": "61572803653746",
            "count": 0
        },
        {
            "id": "61573459551366",
            "count": 0
        },
        {
            "id": "61572898182951",
            "count": 0
        },
        {
            "id": "100003010961706",
            "count": 0
        },
        {
            "id": "61573198622022",
            "count": 0
        },
        {
            "id": "61572761776234",
            "count": 0
        },
        {
            "id": "61573007355113",
            "count": 0
        },
        {
            "id": "61573549014752",
            "count": 0
        },
        {
            "id": "100002514163694",
            "count": 0
        },
        {
            "id": "61573381923665",
            "count": 0
        },
        {
            "id": "61573373335565",
            "count": 0
        },
        {
            "id": "61573376287374",
            "count": 0
        },
        {
            "id": "61573558680778",
            "count": 0
        },
        {
            "id": "61573066814572",
            "count": 0
        },
        {
            "id": "61573434697243",
            "count": 0
        },
        {
            "id": "61573596212054",
            "count": 0
        },
        {
            "id": "61573437668785",
            "count": 0
        },
        {
            "id": "61573202892716",
            "count": 0
        },
        {
            "id": "61573774645476",
            "count": 0
        },
        {
            "id": "61573494091014",
            "count": 0
        },
        {
            "id": "100026244009179",
            "count": 0
        },
        {
            "id": "61573394683669",
            "count": 0
        },
        {
            "id": "61573400055349",
            "count": 0
        },
        {
            "id": "61562408587729",
            "count": 0
        },
        {
            "id": "100003272598601",
            "count": 0
        },
        {
            "id": "61572984185009",
            "count": 0
        },
        {
            "id": "61573799008249",
            "count": 0
        },
        {
            "id": "61571160765784",
            "count": 0
        },
        {
            "id": "100003532127581",
            "count": 0
        },
        {
            "id": "61573277657669",
            "count": 0
        },
        {
            "id": "61573702954807",
            "count": 0
        },
        {
            "id": "100004714873206",
            "count": 0
        },
        {
            "id": "100000430584776",
            "count": 0
        },
        {
            "id": "100002404624756",
            "count": 0
        },
        {
            "id": "61573991451998",
            "count": 0
        },
        {
            "id": "61573200167982",
            "count": 0
        },
        {
            "id": "61573834771020",
            "count": 0
        },
        {
            "id": "100002053380446",
            "count": 0
        },
        {
            "id": "61573975582860",
            "count": 0
        },
        {
            "id": "100004208084291",
            "count": 0
        },
        {
            "id": "61566794587338",
            "count": 18
        },
        {
            "id": "61573793372866",
            "count": 0
        },
        {
            "id": "100088488834383",
            "count": 0
        },
        {
            "id": "61573867557333",
            "count": 0
        },
        {
            "id": "61573905688752",
            "count": 0
        },
        {
            "id": "61573647969842",
            "count": 0
        },
        {
            "id": "61573659100790",
            "count": 0
        },
        {
            "id": "61573732417461",
            "count": 0
        },
        {
            "id": "61573867048528",
            "count": 0
        },
        {
            "id": "61573777054546",
            "count": 0
        },
        {
            "id": "61574069300095",
            "count": 0
        },
        {
            "id": "61571626403255",
            "count": 0
        },
        {
            "id": "61573529145713",
            "count": 0
        },
        {
            "id": "61573748466935",
            "count": 0
        },
        {
            "id": "61573565296002",
            "count": 0
        },
        {
            "id": "61573804503743",
            "count": 0
        },
        {
            "id": "61573916759463",
            "count": 0
        },
        {
            "id": "61573521617524",
            "count": 6
        },
        {
            "id": "61573686251419",
            "count": 0
        },
        {
            "id": "61573622383814",
            "count": 0
        },
        {
            "id": "61573592385914",
            "count": 0
        },
        {
            "id": "61573812275901",
            "count": 10
        },
        {
            "id": "61573512192946",
            "count": 4
        }
    ],
    "day": [
        {
            "id": "61561408126016",
            "count": 0,
            "name": "Người dùng facebook"
        },
        {
            "id": "61553825116278",
            "count": 0,
            "name": "Người dùng facebook"
        },
        {
            "id": "61561754390867",
            "count": 0,
            "name": "اية برڪ"
        },
        {
            "id": "100081568377883",
            "count": 0,
            "name": "Người dùng facebook"
        },
        {
            "id": "61552610636658",
            "count": 0,
            "name": "شيماء المريولة"
        },
        {
            "id": "100076321554796",
            "count": 0,
            "name": "Người dùng facebook"
        },
        {
            "id": "61558755519186",
            "count": 0,
            "name": "Người dùng facebook"
        },
        {
            "id": "61560935585584",
            "count": 0,
            "name": "Người dùng facebook"
        },
        {
            "id": "61555622330117",
            "count": 0,
            "name": "Người dùng facebook"
        },
        {
            "id": "61552558204562",
            "count": 0,
            "name": "Illı Sami LIllıllı Z　　　　　　　　　　　　　　　　　A　　　　　　　　　　　　　　　　　L　　　　　　　　　　　　　　　　　I　　　　　　　　　　　　　　　　　M　　　B　A　D　S　H　A　H - X"
        },
        {
            "id": "61551614343425",
            "count": 0,
            "name": "ʬIllıllı Nsrine ʬIllıllı LLILLI　H　　K　　O　P　　X　　E　　S　K　　S　　V　　P　N　　A　　B　　C　D　　E　　F　　G　H　　J　　V　　IF　　N　　Z　　K　M　　O　　K　　Z　X　　T　　B　　T　W　　A　　U　　K　　L　　N　　O　　R　Y　　C　　Q　　J　I　　Y　　J　　N　G　　F　　D　　Q　M　　N　　X　　X　X　　X　　X　　X　X　　X　　X　　X　X　　X　　X　　C　F　　X - X"
        },
        {
            "id": "100065408027109",
            "count": 0,
            "name": "ٱٱ.طٱطٱگم. ملٱک ٱبب"
        },
        {
            "id": "100091965332017",
            "count": 0,
            "name": "ꕥヾ. Ranim ꗄ〘な〙"
        },
        {
            "id": "61550542222313",
            "count": 0,
            "name": "ٱٱٱأرنوبةة برݣ"
        },
        {
            "id": "100081139415840",
            "count": 0,
            "name": "ٱٱٱ توابة يا بنتي"
        },
        {
            "id": "61553745827597",
            "count": 0,
            "name": "ٱٱٱ. زحليقة برک"
        },
        {
            "id": "100031617726349",
            "count": 0,
            "name": "ٱٱٱ كشرودة برك"
        },
        {
            "id": "61560292741784",
            "count": 0,
            "name": "Người dùng facebook"
        },
        {
            "id": "61560989612137",
            "count": 0,
            "name": "Người dùng facebook"
        },
        {
            "id": "61559165895717",
            "count": 0,
            "name": "ٱٱٱ.ڪم تلمسانيةة بغڪ"
        },
        {
            "id": "61558451866612",
            "count": 0,
            "name": "Søjőd In"
        },
        {
            "id": "61554423142540",
            "count": 0,
            "name": "Người dùng facebook"
        },
        {
            "id": "61559704325716",
            "count": 0,
            "name": "Reem Ahmed"
        },
        {
            "id": "61555671868915",
            "count": 0,
            "name": "CHikorkom Moh Whrani Ane"
        },
        {
            "id": "61559102378932",
            "count": 0,
            "name": "Yasser Yasser"
        },
        {
            "id": "61560826600192",
            "count": 0,
            "name": "Malaka Afghan"
        },
        {
            "id": "61555328752077",
            "count": 0,
            "name": "Rojui Kalfore"
        },
        {
            "id": "61555701165670",
            "count": 0,
            "name": "Xꜝ.NASRO 巛〖ホ〗 巛"
        },
        {
            "id": "61558728745450",
            "count": 0,
            "name": "Người dùng facebook"
        },
        {
            "id": "61552611203388",
            "count": 0,
            "name": "Người dùng facebook"
        },
        {
            "id": "61560856903243",
            "count": 0,
            "name": "Người dùng facebook"
        },
        {
            "id": "100032107203325",
            "count": 0,
            "name": "命ටි. ᏚᏫᎻᎯᎥᏰ ヾꜝ.ቶ〔圖"
        },
        {
            "id": "100088101583247",
            "count": 0,
            "name": "M. Mahdi ➊ ➋ ➌ ➍ ➎ ➏ ➐ ➒ ⓫ ⓬ ⓭ ⓮ ⓯ ⓰ ⓱ ⓲ ⓳ ⓴ ⓵ ⓶ ⓷ ⓸ ⓹ ⓺ ⓻ ⓼ ⓽ ⓾ ⓿ ❶ ❷ ❸ ❹ ❺ ❻ ❼ ❽ ❾ ❿ ➀ ➁ ➂ ➃ ➄ ➅ ➆ ➇ ➈ ➉ ➊ ➋ ➌ ➍ ➎ ➏ ➐ ➑ ➒"
        },
        {
            "id": "61550186158909",
            "count": 0,
            "name": "الفۦٰ۪ۦٰٰ۪۫ﹷﹻٰ۫يہٰروۦٰ۪۫ﹷس ألﻤﹻ٭ﹻﹻﹻسہٰﯾۦٰۦٰٰلي"
        },
        {
            "id": "61559882429440",
            "count": 0,
            "name": "ٱٱٱ شيڪوغتڪ نيڪسونتعمڪ"
        },
        {
            "id": "61552418886902",
            "count": 0,
            "name": "Sami Layalop"
        },
        {
            "id": "61557832650680",
            "count": 0,
            "name": "Kîevñ X. Jamais - As"
        },
        {
            "id": "100082226418450",
            "count": 0,
            "name": "Người dùng facebook"
        },
        {
            "id": "61561486959285",
            "count": 0,
            "name": "ٱٱٱ. نور برگ"
        },
        {
            "id": "61561766321031",
            "count": 0,
            "name": "Farah El"
        },
        {
            "id": "100076799187340",
            "count": 0,
            "name": "X-Mæ Tį Ldã-x"
        },
        {
            "id": "61562025116623",
            "count": 0,
            "name": "Người dùng facebook"
        },
        {
            "id": "61561683399083",
            "count": 0,
            "name": "Người dùng facebook"
        },
        {
            "id": "61561261575399",
            "count": 0,
            "name": "Người dùng facebook"
        },
        {
            "id": "61558106878900",
            "count": 0,
            "name": "GäMé ØvËr"
        },
        {
            "id": "61554650875353",
            "count": 0,
            "name": "Người dùng facebook"
        },
        {
            "id": "100084765887234",
            "count": 0,
            "name": "ٱٱٱ. عمتڪم ربيڪٱ"
        },
        {
            "id": "100092029653844",
            "count": 0,
            "name": "كہمہكہ ٱٱٱ. مہصہدر آزعہآجہ"
        },
        {
            "id": "100088242495193",
            "count": 0,
            "name": "ٱٱٱ. حنين برڪ"
        },
        {
            "id": "61554380161500",
            "count": 0,
            "name": "ٱٱ.مريم برڪ"
        },
        {
            "id": "61551839597905",
            "count": 0,
            "name": "Người dùng facebook"
        },
        {
            "id": "100094760956934",
            "count": 0,
            "name": "Người dùng facebook"
        },
        {
            "id": "61558405778264",
            "count": 0,
            "name": "Người dùng facebook"
        },
        {
            "id": "100092272505307",
            "count": 0,
            "name": "Người dùng facebook"
        },
        {
            "id": "61560794793394",
            "count": 0,
            "name": "Người dùng facebook"
        },
        {
            "id": "100089937960429",
            "count": 0,
            "name": "Màÿ Şāã"
        },
        {
            "id": "61558704265955",
            "count": 0,
            "name": "命ටි Šïmø命 ꜝꜝく【図"
        },
        {
            "id": "61559460087218",
            "count": 0,
            "name": "ٱ.ٱ.ٱ ڪمڪ ٱبب"
        },
        {
            "id": "61561933470286",
            "count": 0,
            "name": "Người dùng facebook"
        },
        {
            "id": "100055075106465",
            "count": 0,
            "name": "Người dùng facebook"
        },
        {
            "id": "61561299267160",
            "count": 0,
            "name": "Người dùng facebook"
        },
        {
            "id": "61562894211614",
            "count": 0,
            "name": "Người dùng facebook"
        },
        {
            "id": "100044465722892",
            "count": 0,
            "name": "Người dùng facebook"
        },
        {
            "id": "61554116835006",
            "count": 0,
            "name": "Amin Amir"
        },
        {
            "id": "61562883505498",
            "count": 0,
            "name": "Người dùng facebook"
        },
        {
            "id": "61554942236210",
            "count": 0,
            "name": "ટૂૂઁૂઁૂૂઁૂઁૂઁૂઁૂૂઁૂઁડૂઁ ટૂૂઁૂઁૂૂઁૂઁૂઁૂઁૂૂઁૂઁડૂઁ"
        },
        {
            "id": "100081891879640",
            "count": 0,
            "name": "ۦۦۦۦ ۦۦۦۦ ۦۦۦۦ ۦۦۦۦ"
        },
        {
            "id": "61552457107550",
            "count": 0,
            "name": "Người dùng facebook"
        },
        {
            "id": "61559191832260",
            "count": 0,
            "name": "Người dùng facebook"
        },
        {
            "id": "100053617780976",
            "count": 0,
            "name": "Êsč Øbâr"
        },
        {
            "id": "100083942523000",
            "count": 0,
            "name": "Mį Lįssã"
        },
        {
            "id": "61562202147441",
            "count": 0,
            "name": "Người dùng facebook"
        },
        {
            "id": "61553109298122",
            "count": 0,
            "name": "Người dùng facebook"
        },
        {
            "id": "61562798606489",
            "count": 0,
            "name": "Người dùng facebook"
        },
        {
            "id": "61562782287561",
            "count": 0,
            "name": "Người dùng facebook"
        },
        {
            "id": "100089643445546",
            "count": 0,
            "name": "Người dùng facebook"
        },
        {
            "id": "100093589458899",
            "count": 0,
            "name": "Người dùng facebook"
        },
        {
            "id": "61562583950258",
            "count": 0,
            "name": "Người dùng facebook"
        },
        {
            "id": "100069050216607",
            "count": 0,
            "name": "Rayan Souici"
        },
        {
            "id": "61561580818789",
            "count": 0,
            "name": "Yasser Nedjam"
        },
        {
            "id": "61569442683580",
            "count": 0,
            "name": "ᚐ                          ᚐ ᚐ                          ᚐ ᚐ                          ᚐ"
        },
        {
            "id": "61570317986116",
            "count": 0,
            "name": "Người dùng facebook"
        },
        {
            "id": "61570412870654",
            "count": 0,
            "name": "Người dùng facebook"
        },
        {
            "id": "61570468032444",
            "count": 0,
            "name": "Abderahim X. Sañfør Pro"
        },
        {
            "id": "61561747154327",
            "count": 0,
            "name": "Người dùng facebook"
        },
        {
            "id": "100005004826848",
            "count": 0,
            "name": "Người dùng facebook"
        },
        {
            "id": "61572590847245",
            "count": 0,
            "name": "Người dùng facebook"
        },
        {
            "id": "61572286217734",
            "count": 0,
            "name": "Người dùng facebook"
        },
        {
            "id": "61572549217928",
            "count": 0,
            "name": "Người dùng facebook"
        },
        {
            "id": "61573033250727",
            "count": 0,
            "name": "Người dùng facebook"
        },
        {
            "id": "100082694021566",
            "count": 0,
            "name": "Haithem Assimi"
        },
        {
            "id": "61572925285034",
            "count": 0,
            "name": "Người dùng facebook"
        },
        {
            "id": "61569575141717",
            "count": 0,
            "name": "Người dùng facebook"
        },
        {
            "id": "61572972803964",
            "count": 0,
            "name": "Người dùng facebook"
        },
        {
            "id": "100055447481674",
            "count": 0,
            "name": "Người dùng facebook"
        },
        {
            "id": "61572963444482",
            "count": 0,
            "name": "Người dùng facebook"
        },
        {
            "id": "61573059051079",
            "count": 0,
            "name": "Người dùng facebook"
        },
        {
            "id": "61572801994100",
            "count": 0,
            "name": "Người dùng facebook"
        },
        {
            "id": "61572820475150",
            "count": 0,
            "name": "Dido Balidi"
        },
        {
            "id": "61557990167186",
            "count": 0,
            "name": "Người dùng facebook"
        },
        {
            "id": "61572517573662",
            "count": 0,
            "name": "Người dùng facebook"
        },
        {
            "id": "61572865056245",
            "count": 0,
            "name": "أرتيست أرتيست"
        },
        {
            "id": "61572992697404",
            "count": 0,
            "name": "Người dùng facebook"
        },
        {
            "id": "61572980307912",
            "count": 0,
            "name": "Người dùng facebook"
        },
        {
            "id": "61572538873990",
            "count": 0,
            "name": "Người dùng facebook"
        },
        {
            "id": "100026326604118",
            "count": 0,
            "name": "Người dùng facebook"
        },
        {
            "id": "61573301543366",
            "count": 0,
            "name": "Người dùng facebook"
        },
        {
            "id": "61573376032823",
            "count": 0,
            "name": "Người dùng facebook"
        },
        {
            "id": "61573000986070",
            "count": 0,
            "name": "Người dùng facebook"
        },
        {
            "id": "61572989436317",
            "count": 0,
            "name": "Người dùng facebook"
        },
        {
            "id": "61573370273940",
            "count": 0,
            "name": "ادم ادم"
        },
        {
            "id": "61573102081752",
            "count": 0,
            "name": "Người dùng facebook"
        },
        {
            "id": "61564715919535",
            "count": 0,
            "name": "ادم لعباسي نياك يمات فارس بوسعادي"
        },
        {
            "id": "61573118220844",
            "count": 0,
            "name": "Người dùng facebook"
        },
        {
            "id": "61572803653746",
            "count": 0,
            "name": "Người dùng facebook"
        },
        {
            "id": "61573459551366",
            "count": 0,
            "name": "Người dùng facebook"
        },
        {
            "id": "61572898182951",
            "count": 0,
            "name": "Người dùng facebook"
        },
        {
            "id": "100003010961706",
            "count": 0,
            "name": "Người dùng facebook"
        },
        {
            "id": "61573198622022",
            "count": 0,
            "name": "ﭑﭑݪﭑﭑݪݪۓٰۛﯙۙحٖ٘ۓٰۛشٰ ﭑݪعۓٰۛٱصيميۓٰۛﻱۧۦ ۦۧۦ"
        },
        {
            "id": "61572761776234",
            "count": 0,
            "name": "Người dùng facebook"
        },
        {
            "id": "61573007355113",
            "count": 0,
            "name": "Người dùng facebook"
        },
        {
            "id": "61573549014752",
            "count": 0,
            "name": "اسامة تيبازي"
        },
        {
            "id": "100002514163694",
            "count": 0,
            "name": "ﷻمعٱڪ-جمهڕية-ٱدم-ݪعبٱسي تعوي-نڪݪڪ-سوتعمڪ ڪعبﷻ"
        },
        {
            "id": "61573381923665",
            "count": 0,
            "name": "عبدو لڪيوت ۦۦۦۦۦ"
        },
        {
            "id": "61573373335565",
            "count": 0,
            "name": "彡『O』OUS AMA ꔮぐ囚﹆"
        },
        {
            "id": "61573376287374",
            "count": 0,
            "name": "Người dùng facebook"
        },
        {
            "id": "61573558680778",
            "count": 0,
            "name": "Người dùng facebook"
        },
        {
            "id": "61573066814572",
            "count": 0,
            "name": "Người dùng facebook"
        },
        {
            "id": "61573434697243",
            "count": 0,
            "name": "Người dùng facebook"
        },
        {
            "id": "61573596212054",
            "count": 0,
            "name": "Người dùng facebook"
        },
        {
            "id": "61573437668785",
            "count": 0,
            "name": "Người dùng facebook"
        },
        {
            "id": "61573202892716",
            "count": 0,
            "name": "M'e-Outchi Oussama X Oi-Itachi"
        },
        {
            "id": "61573774645476",
            "count": 0,
            "name": "ﺂٖۛﺂٖۛﮪﮱٰۛﮱٰۛﻤﮱٰۛﮱٰۛﺂٖۛﺂٖۛڵ ۦٰ۪ۦٰ۪ﮯٰٖۛٓۧ۬ ۦٰ۪ﮯٰٖۛٓۧ۬ﮯٰٖ"
        },
        {
            "id": "61573494091014",
            "count": 0,
            "name": "Người dùng facebook"
        },
        {
            "id": "100026244009179",
            "count": 0,
            "name": "Người dùng facebook"
        },
        {
            "id": "61573394683669",
            "count": 0,
            "name": "Người dùng facebook"
        },
        {
            "id": "61573400055349",
            "count": 0,
            "name": "Người dùng facebook"
        },
        {
            "id": "61562408587729",
            "count": 0,
            "name": "Người dùng facebook"
        },
        {
            "id": "100003272598601",
            "count": 0,
            "name": "Người dùng facebook"
        },
        {
            "id": "61572984185009",
            "count": 0,
            "name": "Người dùng facebook"
        },
        {
            "id": "61573799008249",
            "count": 0,
            "name": "Người dùng facebook"
        },
        {
            "id": "61571160765784",
            "count": 0,
            "name": "X- Ⴝiოσ ぐ〖ՅՅՅ豪〗"
        },
        {
            "id": "100003532127581",
            "count": 0,
            "name": "一 ᏂᎥፈᏂᏋᎷ ː-Ꮗ T.T　o.O"
        },
        {
            "id": "61573277657669",
            "count": 0,
            "name": "Người dùng facebook"
        },
        {
            "id": "61573702954807",
            "count": 0,
            "name": "وحش موح وهراني"
        },
        {
            "id": "100004714873206",
            "count": 0,
            "name": "Người dùng facebook"
        },
        {
            "id": "100000430584776",
            "count": 0,
            "name": "Rayan Rayan"
        },
        {
            "id": "100002404624756",
            "count": 0,
            "name": "Fares Mostik"
        },
        {
            "id": "61573991451998",
            "count": 0,
            "name": "شيڪورڪ تلمسااني ڪمك طاڪ"
        },
        {
            "id": "61573200167982",
            "count": 0,
            "name": "Người dùng facebook"
        },
        {
            "id": "61573834771020",
            "count": 0,
            "name": "يوووووووووووووووووسف تلمساني"
        },
        {
            "id": "100002053380446",
            "count": 0,
            "name": "عپدو- ﭑݪبليديۦ ۦۧۦ،ٰۧۦ،ٰۧۦۦ؍ﹻٛﹻۧﹻﮱۦۦﮩﮩ"
        },
        {
            "id": "61573975582860",
            "count": 0,
            "name": "Người dùng facebook"
        },
        {
            "id": "100004208084291",
            "count": 0,
            "name": "ꜝャ S"
        },
        {
            "id": "61566794587338",
            "count": 0,
            "name": "ٱٱ.ڪ.م رب-تشريد- ادم-لعباسي ٱٱ-نڪمڪ-رڪوع"
        },
        {
            "id": "61573793372866",
            "count": 0,
            "name": "Người dùng facebook"
        },
        {
            "id": "100088488834383",
            "count": 0,
            "name": "ٱٱ.ڪ.م رب-تشريد- ادم-لعباسي ٱٱ-نڪمڪ-رڪوع"
        },
        {
            "id": "61573867557333",
            "count": 0,
            "name": "Người dùng facebook"
        },
        {
            "id": "61573905688752",
            "count": 0,
            "name": "آآڪ يوسف تلمساني يربڪ"
        },
        {
            "id": "61573647969842",
            "count": 0,
            "name": "Gika Tom"
        },
        {
            "id": "61573659100790",
            "count": 0,
            "name": "اسامة ڪيوت"
        },
        {
            "id": "61573732417461",
            "count": 0,
            "name": "ٱٱ.ڪ.م رب-تشريد- اسامة-تيبازي- ٱٱ-نڪمڪ-رڪوع"
        },
        {
            "id": "61573867048528",
            "count": 0,
            "name": "Oussama Tipazi"
        },
        {
            "id": "61573777054546",
            "count": 0,
            "name": "Người dùng facebook"
        },
        {
            "id": "61574069300095",
            "count": 0,
            "name": "Người dùng facebook"
        },
        {
            "id": "61571626403255",
            "count": 0,
            "name": "Ws Sim"
        },
        {
            "id": "61573529145713",
            "count": 0,
            "name": "Người dùng facebook"
        },
        {
            "id": "61573748466935",
            "count": 0,
            "name": "Adam Abbasy"
        },
        {
            "id": "61573565296002",
            "count": 0,
            "name": "Người dùng facebook"
        },
        {
            "id": "61573804503743",
            "count": 0,
            "name": "ꜝ　٭　 ぬ 一︒ABDOU.EXE"
        },
        {
            "id": "61573916759463",
            "count": 0,
            "name": "تيبازي هربڪ"
        },
        {
            "id": "61573521617524",
            "count": 0,
            "name": "عپدو ﭑݪبليديۦ ۦۧۦ،ٰۧۦ"
        },
        {
            "id": "61573686251419",
            "count": 0,
            "name": "Người dùng facebook"
        },
        {
            "id": "61573622383814",
            "count": 0,
            "name": "Người dùng facebook"
        },
        {
            "id": "61573592385914",
            "count": 0,
            "name": "شيڪور سسسسسسسسسسسسسسسوتاعموك"
        },
        {
            "id": "61573812275901",
            "count": 0,
            "name": "كلبكم موح وهراني"
        },
        {
            "id": "61573512192946",
            "count": 0,
            "name": "وحش موح وهراني"
        }
    ],
    "time": 3,
    "last": {
        "time": 5,
        "day": [
            {
                "id": "61561408126016",
                "count": 0
            },
            {
                "id": "61553825116278",
                "count": 0
            },
            {
                "id": "61561754390867",
                "count": 0
            },
            {
                "id": "100081568377883",
                "count": 0
            },
            {
                "id": "61552610636658",
                "count": 0
            },
            {
                "id": "100076321554796",
                "count": 0
            },
            {
                "id": "61558755519186",
                "count": 0
            },
            {
                "id": "61560935585584",
                "count": 0
            },
            {
                "id": "61555622330117",
                "count": 0
            },
            {
                "id": "61552558204562",
                "count": 0
            },
            {
                "id": "61551614343425",
                "count": 0
            },
            {
                "id": "100065408027109",
                "count": 0
            },
            {
                "id": "100091965332017",
                "count": 0
            },
            {
                "id": "61550542222313",
                "count": 0
            },
            {
                "id": "100081139415840",
                "count": 0
            },
            {
                "id": "61553745827597",
                "count": 0
            },
            {
                "id": "100031617726349",
                "count": 0
            },
            {
                "id": "61560292741784",
                "count": 0
            },
            {
                "id": "61560989612137",
                "count": 0
            },
            {
                "id": "61559165895717",
                "count": 0
            },
            {
                "id": "61558451866612",
                "count": 0
            },
            {
                "id": "61554423142540",
                "count": 0
            },
            {
                "id": "61559704325716",
                "count": 0
            },
            {
                "id": "61555671868915",
                "count": 0
            },
            {
                "id": "61559102378932",
                "count": 0
            },
            {
                "id": "61560826600192",
                "count": 0
            },
            {
                "id": "61555328752077",
                "count": 0
            },
            {
                "id": "61555701165670",
                "count": 0
            },
            {
                "id": "61558728745450",
                "count": 0
            },
            {
                "id": "61552611203388",
                "count": 0
            },
            {
                "id": "61560856903243",
                "count": 0
            },
            {
                "id": "100032107203325",
                "count": 0
            },
            {
                "id": "100088101583247",
                "count": 0
            },
            {
                "id": "61550186158909",
                "count": 0
            },
            {
                "id": "61559882429440",
                "count": 0
            },
            {
                "id": "61552418886902",
                "count": 0
            },
            {
                "id": "61557832650680",
                "count": 0
            },
            {
                "id": "100082226418450",
                "count": 0
            },
            {
                "id": "61561486959285",
                "count": 0
            },
            {
                "id": "61561766321031",
                "count": 0
            },
            {
                "id": "100076799187340",
                "count": 0
            },
            {
                "id": "61562025116623",
                "count": 0
            },
            {
                "id": "61561683399083",
                "count": 0
            },
            {
                "id": "61561261575399",
                "count": 0
            },
            {
                "id": "61558106878900",
                "count": 0
            },
            {
                "id": "61554650875353",
                "count": 0
            },
            {
                "id": "100084765887234",
                "count": 0
            },
            {
                "id": "100092029653844",
                "count": 0
            },
            {
                "id": "100088242495193",
                "count": 0
            },
            {
                "id": "61554380161500",
                "count": 0
            },
            {
                "id": "61551839597905",
                "count": 0
            },
            {
                "id": "100094760956934",
                "count": 0
            },
            {
                "id": "61558405778264",
                "count": 0
            },
            {
                "id": "100092272505307",
                "count": 0
            },
            {
                "id": "61560794793394",
                "count": 0
            },
            {
                "id": "100089937960429",
                "count": 0
            },
            {
                "id": "61558704265955",
                "count": 0
            },
            {
                "id": "61559460087218",
                "count": 0
            },
            {
                "id": "61561933470286",
                "count": 0
            },
            {
                "id": "100055075106465",
                "count": 0
            },
            {
                "id": "61561299267160",
                "count": 0
            },
            {
                "id": "61562894211614",
                "count": 0
            },
            {
                "id": "100044465722892",
                "count": 0
            },
            {
                "id": "61554116835006",
                "count": 0
            },
            {
                "id": "61562883505498",
                "count": 0
            },
            {
                "id": "61554942236210",
                "count": 0
            },
            {
                "id": "100081891879640",
                "count": 0
            },
            {
                "id": "61552457107550",
                "count": 0
            },
            {
                "id": "61559191832260",
                "count": 0
            },
            {
                "id": "100053617780976",
                "count": 0
            },
            {
                "id": "100083942523000",
                "count": 0
            },
            {
                "id": "61562202147441",
                "count": 0
            },
            {
                "id": "61553109298122",
                "count": 0
            },
            {
                "id": "61562798606489",
                "count": 0
            },
            {
                "id": "61562782287561",
                "count": 0
            },
            {
                "id": "100089643445546",
                "count": 0
            },
            {
                "id": "100093589458899",
                "count": 0
            },
            {
                "id": "61562583950258",
                "count": 0
            },
            {
                "id": "100069050216607",
                "count": 0
            },
            {
                "id": "61561580818789",
                "count": 0
            },
            {
                "id": "61569442683580",
                "count": 0
            },
            {
                "id": "61570317986116",
                "count": 0
            },
            {
                "id": "61570412870654",
                "count": 0
            },
            {
                "id": "61570468032444",
                "count": 0
            },
            {
                "id": "61561747154327",
                "count": 0
            },
            {
                "id": "100005004826848",
                "count": 0
            },
            {
                "id": "61572590847245",
                "count": 0
            },
            {
                "id": "61572286217734",
                "count": 0
            },
            {
                "id": "61572549217928",
                "count": 0
            },
            {
                "id": "61573033250727",
                "count": 0
            },
            {
                "id": "100082694021566",
                "count": 0
            },
            {
                "id": "61572925285034",
                "count": 0
            },
            {
                "id": "61569575141717",
                "count": 0
            },
            {
                "id": "61572972803964",
                "count": 0
            },
            {
                "id": "100055447481674",
                "count": 0
            },
            {
                "id": "61572963444482",
                "count": 0
            },
            {
                "id": "61573059051079",
                "count": 0
            },
            {
                "id": "61572801994100",
                "count": 0
            },
            {
                "id": "61572820475150",
                "count": 0
            },
            {
                "id": "61557990167186",
                "count": 0
            },
            {
                "id": "61572517573662",
                "count": 0
            },
            {
                "id": "61572865056245",
                "count": 0
            },
            {
                "id": "61572992697404",
                "count": 0
            },
            {
                "id": "61572980307912",
                "count": 0
            },
            {
                "id": "61572538873990",
                "count": 0
            },
            {
                "id": "100026326604118",
                "count": 0
            },
            {
                "id": "61573301543366",
                "count": 0
            },
            {
                "id": "61573376032823",
                "count": 0
            },
            {
                "id": "61573000986070",
                "count": 0
            },
            {
                "id": "61572989436317",
                "count": 0
            },
            {
                "id": "61573370273940",
                "count": 0
            },
            {
                "id": "61573102081752",
                "count": 0
            },
            {
                "id": "61564715919535",
                "count": 0
            },
            {
                "id": "61573118220844",
                "count": 0
            },
            {
                "id": "61572803653746",
                "count": 0
            },
            {
                "id": "61573459551366",
                "count": 0
            },
            {
                "id": "61572898182951",
                "count": 0
            },
            {
                "id": "100003010961706",
                "count": 0
            },
            {
                "id": "61573198622022",
                "count": 0
            },
            {
                "id": "61572761776234",
                "count": 0
            },
            {
                "id": "61573007355113",
                "count": 0
            },
            {
                "id": "61573549014752",
                "count": 0
            },
            {
                "id": "100002514163694",
                "count": 0
            },
            {
                "id": "61573381923665",
                "count": 0
            },
            {
                "id": "61573373335565",
                "count": 0
            },
            {
                "id": "61573376287374",
                "count": 0
            },
            {
                "id": "61573558680778",
                "count": 0
            },
            {
                "id": "61573066814572",
                "count": 0
            },
            {
                "id": "61573434697243",
                "count": 0
            },
            {
                "id": "61573596212054",
                "count": 0
            },
            {
                "id": "61573437668785",
                "count": 0
            },
            {
                "id": "61573202892716",
                "count": 0
            },
            {
                "id": "61573774645476",
                "count": 0
            },
            {
                "id": "61573494091014",
                "count": 0
            },
            {
                "id": "100026244009179",
                "count": 0
            },
            {
                "id": "61573394683669",
                "count": 0
            },
            {
                "id": "61573400055349",
                "count": 0
            },
            {
                "id": "61562408587729",
                "count": 0
            },
            {
                "id": "100003272598601",
                "count": 0
            },
            {
                "id": "61572984185009",
                "count": 0
            },
            {
                "id": "61573799008249",
                "count": 0
            },
            {
                "id": "61571160765784",
                "count": 0
            },
            {
                "id": "100003532127581",
                "count": 0
            },
            {
                "id": "61573277657669",
                "count": 0
            },
            {
                "id": "61573702954807",
                "count": 0
            },
            {
                "id": "100004714873206",
                "count": 0
            },
            {
                "id": "100000430584776",
                "count": 0
            },
            {
                "id": "100002404624756",
                "count": 0
            },
            {
                "id": "61573991451998",
                "count": 0
            },
            {
                "id": "61573200167982",
                "count": 0
            },
            {
                "id": "61573834771020",
                "count": 0
            },
            {
                "id": "100002053380446",
                "count": 0
            },
            {
                "id": "61573975582860",
                "count": 0
            },
            {
                "id": "100004208084291",
                "count": 0
            },
            {
                "id": "61566794587338",
                "count": 0
            },
            {
                "id": "61573793372866",
                "count": 0
            },
            {
                "id": "100088488834383",
                "count": 0
            },
            {
                "id": "61573867557333",
                "count": 0
            },
            {
                "id": "61573905688752",
                "count": 0
            },
            {
                "id": "61573647969842",
                "count": 0
            },
            {
                "id": "61573659100790",
                "count": 0
            },
            {
                "id": "61573732417461",
                "count": 0
            },
            {
                "id": "61573867048528",
                "count": 0
            },
            {
                "id": "61573777054546",
                "count": 0
            },
            {
                "id": "61574069300095",
                "count": 0
            },
            {
                "id": "61571626403255",
                "count": 0
            },
            {
                "id": "61573529145713",
                "count": 0
            },
            {
                "id": "61573748466935",
                "count": 0
            },
            {
                "id": "61573565296002",
                "count": 0
            },
            {
                "id": "61573804503743",
                "count": 0
            },
            {
                "id": "61573916759463",
                "count": 0
            },
            {
                "id": "61573521617524",
                "count": 0
            },
            {
                "id": "61573686251419",
                "count": 0
            },
            {
                "id": "61573622383814",
                "count": 0
            },
            {
                "id": "61573592385914",
                "count": 0
            },
            {
                "id": "61573812275901",
                "count": 0
            },
            {
                "id": "61573512192946",
                "count": 0
            }
        ],
        "week": [
            {
                "id": "61561408126016",
                "count": 0
            },
            {
                "id": "61553825116278",
                "count": 0
            },
            {
                "id": "61561754390867",
                "count": 0
            },
            {
                "id": "100081568377883",
                "count": 0
            },
            {
                "id": "61552610636658",
                "count": 0
            },
            {
                "id": "100076321554796",
                "count": 0
            },
            {
                "id": "61558755519186",
                "count": 0
            },
            {
                "id": "61560935585584",
                "count": 0
            },
            {
                "id": "61555622330117",
                "count": 0
            },
            {
                "id": "61552558204562",
                "count": 0
            },
            {
                "id": "61551614343425",
                "count": 0
            },
            {
                "id": "100065408027109",
                "count": 0
            },
            {
                "id": "100091965332017",
                "count": 0
            },
            {
                "id": "61550542222313",
                "count": 0
            },
            {
                "id": "100081139415840",
                "count": 0
            },
            {
                "id": "61553745827597",
                "count": 0
            },
            {
                "id": "100031617726349",
                "count": 0
            },
            {
                "id": "61560292741784",
                "count": 0
            },
            {
                "id": "61560989612137",
                "count": 0
            },
            {
                "id": "61559165895717",
                "count": 0
            },
            {
                "id": "61558451866612",
                "count": 0
            },
            {
                "id": "61554423142540",
                "count": 0
            },
            {
                "id": "61559704325716",
                "count": 0
            },
            {
                "id": "61555671868915",
                "count": 0
            },
            {
                "id": "61559102378932",
                "count": 0
            },
            {
                "id": "61560826600192",
                "count": 0
            },
            {
                "id": "61555328752077",
                "count": 0
            },
            {
                "id": "61555701165670",
                "count": 0
            },
            {
                "id": "61558728745450",
                "count": 0
            },
            {
                "id": "61552611203388",
                "count": 0
            },
            {
                "id": "61560856903243",
                "count": 0
            },
            {
                "id": "100032107203325",
                "count": 0
            },
            {
                "id": "100088101583247",
                "count": 0
            },
            {
                "id": "61550186158909",
                "count": 0
            },
            {
                "id": "61559882429440",
                "count": 0
            },
            {
                "id": "61552418886902",
                "count": 0
            },
            {
                "id": "61557832650680",
                "count": 0
            },
            {
                "id": "100082226418450",
                "count": 0
            },
            {
                "id": "61561486959285",
                "count": 0
            },
            {
                "id": "61561766321031",
                "count": 0
            },
            {
                "id": "100076799187340",
                "count": 0
            },
            {
                "id": "61562025116623",
                "count": 0
            },
            {
                "id": "61561683399083",
                "count": 0
            },
            {
                "id": "61561261575399",
                "count": 0
            },
            {
                "id": "61558106878900",
                "count": 0
            },
            {
                "id": "61554650875353",
                "count": 0
            },
            {
                "id": "100084765887234",
                "count": 0
            },
            {
                "id": "100092029653844",
                "count": 0
            },
            {
                "id": "100088242495193",
                "count": 0
            },
            {
                "id": "61554380161500",
                "count": 0
            },
            {
                "id": "61551839597905",
                "count": 0
            },
            {
                "id": "100094760956934",
                "count": 0
            },
            {
                "id": "61558405778264",
                "count": 0
            },
            {
                "id": "100092272505307",
                "count": 0
            },
            {
                "id": "61560794793394",
                "count": 0
            },
            {
                "id": "100089937960429",
                "count": 0
            },
            {
                "id": "61558704265955",
                "count": 0
            },
            {
                "id": "61559460087218",
                "count": 0
            },
            {
                "id": "61561933470286",
                "count": 0
            },
            {
                "id": "100055075106465",
                "count": 0
            },
            {
                "id": "61561299267160",
                "count": 0
            },
            {
                "id": "61562894211614",
                "count": 0
            },
            {
                "id": "100044465722892",
                "count": 0
            },
            {
                "id": "61554116835006",
                "count": 0
            },
            {
                "id": "61562883505498",
                "count": 0
            },
            {
                "id": "61554942236210",
                "count": 0
            },
            {
                "id": "100081891879640",
                "count": 0
            },
            {
                "id": "61552457107550",
                "count": 0
            },
            {
                "id": "61559191832260",
                "count": 0
            },
            {
                "id": "100053617780976",
                "count": 0
            },
            {
                "id": "100083942523000",
                "count": 0
            },
            {
                "id": "61562202147441",
                "count": 0
            },
            {
                "id": "61553109298122",
                "count": 0
            },
            {
                "id": "61562798606489",
                "count": 0
            },
            {
                "id": "61562782287561",
                "count": 0
            },
            {
                "id": "100089643445546",
                "count": 0
            },
            {
                "id": "100093589458899",
                "count": 0
            },
            {
                "id": "61562583950258",
                "count": 0
            },
            {
                "id": "100069050216607",
                "count": 0
            },
            {
                "id": "61561580818789",
                "count": 0
            },
            {
                "id": "61569442683580",
                "count": 0
            },
            {
                "id": "61570317986116",
                "count": 0
            },
            {
                "id": "61570412870654",
                "count": 0
            },
            {
                "id": "61570468032444",
                "count": 0
            },
            {
                "id": "61561747154327",
                "count": 0
            },
            {
                "id": "100005004826848",
                "count": 0
            },
            {
                "id": "61572590847245",
                "count": 0
            },
            {
                "id": "61572286217734",
                "count": 0
            },
            {
                "id": "61572549217928",
                "count": 0
            },
            {
                "id": "61573033250727",
                "count": 0
            },
            {
                "id": "100082694021566",
                "count": 0
            },
            {
                "id": "61572925285034",
                "count": 0
            },
            {
                "id": "61569575141717",
                "count": 0
            },
            {
                "id": "61572972803964",
                "count": 0
            },
            {
                "id": "100055447481674",
                "count": 0
            },
            {
                "id": "61572963444482",
                "count": 0
            },
            {
                "id": "61573059051079",
                "count": 0
            },
            {
                "id": "61572801994100",
                "count": 0
            },
            {
                "id": "61572820475150",
                "count": 0
            },
            {
                "id": "61557990167186",
                "count": 0
            },
            {
                "id": "61572517573662",
                "count": 0
            },
            {
                "id": "61572865056245",
                "count": 0
            },
            {
                "id": "61572992697404",
                "count": 0
            },
            {
                "id": "61572980307912",
                "count": 0
            },
            {
                "id": "61572538873990",
                "count": 0
            },
            {
                "id": "100026326604118",
                "count": 0
            },
            {
                "id": "61573301543366",
                "count": 0
            },
            {
                "id": "61573376032823",
                "count": 0
            },
            {
                "id": "61573000986070",
                "count": 0
            },
            {
                "id": "61572989436317",
                "count": 0
            },
            {
                "id": "61573370273940",
                "count": 0
            },
            {
                "id": "61573102081752",
                "count": 0
            },
            {
                "id": "61564715919535",
                "count": 0
            },
            {
                "id": "61573118220844",
                "count": 0
            },
            {
                "id": "61572803653746",
                "count": 0
            },
            {
                "id": "61573459551366",
                "count": 0
            },
            {
                "id": "61572898182951",
                "count": 0
            },
            {
                "id": "100003010961706",
                "count": 0
            },
            {
                "id": "61573198622022",
                "count": 0
            },
            {
                "id": "61572761776234",
                "count": 0
            },
            {
                "id": "61573007355113",
                "count": 0
            },
            {
                "id": "61573549014752",
                "count": 0
            },
            {
                "id": "100002514163694",
                "count": 0
            },
            {
                "id": "61573381923665",
                "count": 0
            },
            {
                "id": "61573373335565",
                "count": 0
            },
            {
                "id": "61573376287374",
                "count": 0
            },
            {
                "id": "61573558680778",
                "count": 0
            },
            {
                "id": "61573066814572",
                "count": 0
            },
            {
                "id": "61573434697243",
                "count": 0
            },
            {
                "id": "61573596212054",
                "count": 0
            },
            {
                "id": "61573437668785",
                "count": 0
            },
            {
                "id": "61573202892716",
                "count": 0
            },
            {
                "id": "61573774645476",
                "count": 0
            },
            {
                "id": "61573494091014",
                "count": 0
            },
            {
                "id": "100026244009179",
                "count": 0
            },
            {
                "id": "61573394683669",
                "count": 0
            },
            {
                "id": "61573400055349",
                "count": 0
            },
            {
                "id": "61562408587729",
                "count": 0
            },
            {
                "id": "100003272598601",
                "count": 0
            },
            {
                "id": "61572984185009",
                "count": 0
            },
            {
                "id": "61573799008249",
                "count": 0
            },
            {
                "id": "61571160765784",
                "count": 0
            },
            {
                "id": "100003532127581",
                "count": 0
            },
            {
                "id": "61573277657669",
                "count": 0
            },
            {
                "id": "61573702954807",
                "count": 0
            },
            {
                "id": "100004714873206",
                "count": 0
            },
            {
                "id": "100000430584776",
                "count": 0
            },
            {
                "id": "100002404624756",
                "count": 0
            },
            {
                "id": "61573991451998",
                "count": 0
            },
            {
                "id": "61573200167982",
                "count": 0
            },
            {
                "id": "61573834771020",
                "count": 0
            },
            {
                "id": "100002053380446",
                "count": 0
            },
            {
                "id": "61573975582860",
                "count": 0
            },
            {
                "id": "100004208084291",
                "count": 0
            },
            {
                "id": "61566794587338",
                "count": 0
            },
            {
                "id": "61573793372866",
                "count": 0
            },
            {
                "id": "100088488834383",
                "count": 0
            },
            {
                "id": "61573867557333",
                "count": 0
            },
            {
                "id": "61573905688752",
                "count": 0
            },
            {
                "id": "61573647969842",
                "count": 0
            },
            {
                "id": "61573659100790",
                "count": 0
            },
            {
                "id": "61573732417461",
                "count": 0
            },
            {
                "id": "61573867048528",
                "count": 0
            },
            {
                "id": "61573777054546",
                "count": 0
            },
            {
                "id": "61574069300095",
                "count": 0
            },
            {
                "id": "61571626403255",
                "count": 0
            },
            {
                "id": "61573529145713",
                "count": 0
            },
            {
                "id": "61573748466935",
                "count": 0
            },
            {
                "id": "61573565296002",
                "count": 0
            },
            {
                "id": "61573804503743",
                "count": 0
            },
            {
                "id": "61573916759463",
                "count": 0
            },
            {
                "id": "61573521617524",
                "count": 0
            },
            {
                "id": "61573686251419",
                "count": 0
            },
            {
                "id": "61573622383814",
                "count": 0
            },
            {
                "id": "61573592385914",
                "count": 0
            },
            {
                "id": "61573812275901",
                "count": 0
            },
            {
                "id": "61573512192946",
                "count": 0
            }
        ]
    }
}