{
    "total": [
        {
            "id": "61572435451391",
            "count": 0
        },
        {
            "id": "61566486654869",
            "count": 0
        },
        {
            "id": "61566384780961",
            "count": 0
        },
        {
            "id": "61564666424106",
            "count": 0
        },
        {
            "id": "61564657509619",
            "count": 0
        },
        {
            "id": "61553587661960",
            "count": 0
        },
        {
            "id": "61552692204706",
            "count": 0
        },
        {
            "id": "61555485594212",
            "count": 0
        },
        {
            "id": "100078018412650",
            "count": 0
        },
        {
            "id": "100084105923507",
            "count": 0
        },
        {
            "id": "61564404851145",
            "count": 0
        },
        {
            "id": "100052422529626",
            "count": 0
        },
        {
            "id": "61562211516044",
            "count": 0
        },
        {
            "id": "61566810920144",
            "count": 0
        },
        {
            "id": "61568427334955",
            "count": 0
        },
        {
            "id": "61564682608086",
            "count": 0
        },
        {
            "id": "61571677927404",
            "count": 0
        },
        {
            "id": "61558863222130",
            "count": 0
        },
        {
            "id": "100045520534893",
            "count": 0
        },
        {
            "id": "100070466117010",
            "count": 0
        },
        {
            "id": "61564326110793",
            "count": 0
        },
        {
            "id": "61558390379218",
            "count": 0
        },
        {
            "id": "100090850550309",
            "count": 0
        },
        {
            "id": "100079190540635",
            "count": 0
        },
        {
            "id": "61556937239660",
            "count": 0
        },
        {
            "id": "61564042607303",
            "count": 0
        },
        {
            "id": "61572669128068",
            "count": 0
        },
        {
            "id": "100087495451977",
            "count": 0
        },
        {
            "id": "61569157555307",
            "count": 0
        },
        {
            "id": "100092431055700",
            "count": 0
        },
        {
            "id": "61573602211419",
            "count": 0
        },
        {
            "id": "61559044433898",
            "count": 0
        },
        {
            "id": "61573715758600",
            "count": 0
        },
        {
            "id": "61561512297835",
            "count": 0
        },
        {
            "id": "100089803085061",
            "count": 0
        },
        {
            "id": "61571634424991",
            "count": 0
        },
        {
            "id": "61550939776239",
            "count": 0
        },
        {
            "id": "61558342717890",
            "count": 0
        },
        {
            "id": "61569601631390",
            "count": 0
        },
        {
            "id": "61550480453229",
            "count": 0
        },
        {
            "id": "61572947832056",
            "count": 0
        },
        {
            "id": "61557073373483",
            "count": 2
        },
        {
            "id": "100049837500622",
            "count": 0
        },
        {
            "id": "100088285206520",
            "count": 0
        },
        {
            "id": "100091815867088",
            "count": 0
        },
        {
            "id": "61564282067203",
            "count": 0
        },
        {
            "id": "100040911412868",
            "count": 0
        },
        {
            "id": "100088040936416",
            "count": 0
        },
        {
            "id": "100087936203377",
            "count": 0
        },
        {
            "id": "100088432909482",
            "count": 2
        },
        {
            "id": "61573461693229",
            "count": 0
        },
        {
            "id": "61564702018103",
            "count": 0
        }
    ],
    "week": [
        {
            "id": "61572435451391",
            "count": 0
        },
        {
            "id": "61566486654869",
            "count": 0
        },
        {
            "id": "61566384780961",
            "count": 0
        },
        {
            "id": "61564666424106",
            "count": 0
        },
        {
            "id": "61564657509619",
            "count": 0
        },
        {
            "id": "61553587661960",
            "count": 0
        },
        {
            "id": "61552692204706",
            "count": 0
        },
        {
            "id": "61555485594212",
            "count": 0
        },
        {
            "id": "100078018412650",
            "count": 0
        },
        {
            "id": "100084105923507",
            "count": 0
        },
        {
            "id": "61564404851145",
            "count": 0
        },
        {
            "id": "100052422529626",
            "count": 0
        },
        {
            "id": "61562211516044",
            "count": 0
        },
        {
            "id": "61566810920144",
            "count": 0
        },
        {
            "id": "61568427334955",
            "count": 0
        },
        {
            "id": "61564682608086",
            "count": 0
        },
        {
            "id": "61571677927404",
            "count": 0
        },
        {
            "id": "61558863222130",
            "count": 0
        },
        {
            "id": "100045520534893",
            "count": 0
        },
        {
            "id": "100070466117010",
            "count": 0
        },
        {
            "id": "61564326110793",
            "count": 0
        },
        {
            "id": "61558390379218",
            "count": 0
        },
        {
            "id": "100090850550309",
            "count": 0
        },
        {
            "id": "100079190540635",
            "count": 0
        },
        {
            "id": "61556937239660",
            "count": 0
        },
        {
            "id": "61564042607303",
            "count": 0
        },
        {
            "id": "61572669128068",
            "count": 0
        },
        {
            "id": "100087495451977",
            "count": 0
        },
        {
            "id": "61569157555307",
            "count": 0
        },
        {
            "id": "100092431055700",
            "count": 0
        },
        {
            "id": "61573602211419",
            "count": 0
        },
        {
            "id": "61559044433898",
            "count": 0
        },
        {
            "id": "61573715758600",
            "count": 0
        },
        {
            "id": "61561512297835",
            "count": 0
        },
        {
            "id": "100089803085061",
            "count": 0
        },
        {
            "id": "61571634424991",
            "count": 0
        },
        {
            "id": "61550939776239",
            "count": 0
        },
        {
            "id": "61558342717890",
            "count": 0
        },
        {
            "id": "61569601631390",
            "count": 0
        },
        {
            "id": "61550480453229",
            "count": 0
        },
        {
            "id": "61572947832056",
            "count": 0
        },
        {
            "id": "61557073373483",
            "count": 2
        },
        {
            "id": "100049837500622",
            "count": 0
        },
        {
            "id": "100088285206520",
            "count": 0
        },
        {
            "id": "100091815867088",
            "count": 0
        },
        {
            "id": "61564282067203",
            "count": 0
        },
        {
            "id": "100040911412868",
            "count": 0
        },
        {
            "id": "100088040936416",
            "count": 0
        },
        {
            "id": "100087936203377",
            "count": 0
        },
        {
            "id": "100088432909482",
            "count": 2
        },
        {
            "id": "61573461693229",
            "count": 0
        },
        {
            "id": "61564702018103",
            "count": 0
        }
    ],
    "day": [
        {
            "id": "61572435451391",
            "count": 0
        },
        {
            "id": "61566486654869",
            "count": 0
        },
        {
            "id": "61566384780961",
            "count": 0
        },
        {
            "id": "61564666424106",
            "count": 0
        },
        {
            "id": "61564657509619",
            "count": 0
        },
        {
            "id": "61553587661960",
            "count": 0
        },
        {
            "id": "61552692204706",
            "count": 0
        },
        {
            "id": "61555485594212",
            "count": 0
        },
        {
            "id": "100078018412650",
            "count": 0
        },
        {
            "id": "100084105923507",
            "count": 0
        },
        {
            "id": "61564404851145",
            "count": 0
        },
        {
            "id": "100052422529626",
            "count": 0
        },
        {
            "id": "61562211516044",
            "count": 0
        },
        {
            "id": "61566810920144",
            "count": 0
        },
        {
            "id": "61568427334955",
            "count": 0
        },
        {
            "id": "61564682608086",
            "count": 0
        },
        {
            "id": "61571677927404",
            "count": 0
        },
        {
            "id": "61558863222130",
            "count": 0
        },
        {
            "id": "100045520534893",
            "count": 0
        },
        {
            "id": "100070466117010",
            "count": 0
        },
        {
            "id": "61564326110793",
            "count": 0
        },
        {
            "id": "61558390379218",
            "count": 0
        },
        {
            "id": "100090850550309",
            "count": 0
        },
        {
            "id": "100079190540635",
            "count": 0
        },
        {
            "id": "61556937239660",
            "count": 0
        },
        {
            "id": "61564042607303",
            "count": 0
        },
        {
            "id": "61572669128068",
            "count": 0
        },
        {
            "id": "100087495451977",
            "count": 0
        },
        {
            "id": "61569157555307",
            "count": 0
        },
        {
            "id": "100092431055700",
            "count": 0
        },
        {
            "id": "61573602211419",
            "count": 0
        },
        {
            "id": "61559044433898",
            "count": 0
        },
        {
            "id": "61573715758600",
            "count": 0
        },
        {
            "id": "61561512297835",
            "count": 0
        },
        {
            "id": "100089803085061",
            "count": 0
        },
        {
            "id": "61571634424991",
            "count": 0
        },
        {
            "id": "61550939776239",
            "count": 0
        },
        {
            "id": "61558342717890",
            "count": 0
        },
        {
            "id": "61569601631390",
            "count": 0
        },
        {
            "id": "61550480453229",
            "count": 0
        },
        {
            "id": "61572947832056",
            "count": 0
        },
        {
            "id": "61557073373483",
            "count": 2
        },
        {
            "id": "100049837500622",
            "count": 0
        },
        {
            "id": "100088285206520",
            "count": 0
        },
        {
            "id": "100091815867088",
            "count": 0
        },
        {
            "id": "61564282067203",
            "count": 0
        },
        {
            "id": "100040911412868",
            "count": 0
        },
        {
            "id": "100088040936416",
            "count": 0
        },
        {
            "id": "100087936203377",
            "count": 0
        },
        {
            "id": "100088432909482",
            "count": 2
        },
        {
            "id": "61573461693229",
            "count": 0
        },
        {
            "id": "61564702018103",
            "count": 0
        }
    ],
    "time": 3,
    "last": {
        "time": 6,
        "day": [
            {
                "id": "61572435451391",
                "count": 0
            },
            {
                "id": "61566486654869",
                "count": 0
            },
            {
                "id": "61566384780961",
                "count": 0
            },
            {
                "id": "61564666424106",
                "count": 0
            },
            {
                "id": "61564657509619",
                "count": 0
            },
            {
                "id": "61553587661960",
                "count": 0
            },
            {
                "id": "61552692204706",
                "count": 0
            },
            {
                "id": "61555485594212",
                "count": 0
            },
            {
                "id": "100078018412650",
                "count": 0
            },
            {
                "id": "100084105923507",
                "count": 0
            },
            {
                "id": "61564404851145",
                "count": 0
            },
            {
                "id": "100052422529626",
                "count": 0
            },
            {
                "id": "61562211516044",
                "count": 0
            },
            {
                "id": "61566810920144",
                "count": 0
            },
            {
                "id": "61568427334955",
                "count": 0
            },
            {
                "id": "61564682608086",
                "count": 0
            },
            {
                "id": "61571677927404",
                "count": 0
            },
            {
                "id": "61558863222130",
                "count": 0
            },
            {
                "id": "100045520534893",
                "count": 0
            },
            {
                "id": "100070466117010",
                "count": 0
            },
            {
                "id": "61564326110793",
                "count": 0
            },
            {
                "id": "61558390379218",
                "count": 0
            },
            {
                "id": "100090850550309",
                "count": 0
            },
            {
                "id": "100079190540635",
                "count": 0
            },
            {
                "id": "61556937239660",
                "count": 0
            },
            {
                "id": "61564042607303",
                "count": 0
            },
            {
                "id": "61572669128068",
                "count": 0
            },
            {
                "id": "100087495451977",
                "count": 0
            },
            {
                "id": "61569157555307",
                "count": 0
            },
            {
                "id": "100092431055700",
                "count": 0
            },
            {
                "id": "61573602211419",
                "count": 0
            },
            {
                "id": "61559044433898",
                "count": 0
            },
            {
                "id": "61573715758600",
                "count": 0
            },
            {
                "id": "61561512297835",
                "count": 0
            },
            {
                "id": "100089803085061",
                "count": 0
            },
            {
                "id": "61571634424991",
                "count": 0
            },
            {
                "id": "61550939776239",
                "count": 0
            },
            {
                "id": "61558342717890",
                "count": 0
            },
            {
                "id": "61569601631390",
                "count": 0
            },
            {
                "id": "61550480453229",
                "count": 0
            },
            {
                "id": "61572947832056",
                "count": 0
            },
            {
                "id": "61557073373483",
                "count": 0
            },
            {
                "id": "61556712493861",
                "count": 0
            },
            {
                "id": "100049837500622",
                "count": 0
            },
            {
                "id": "100088285206520",
                "count": 0
            },
            {
                "id": "100091815867088",
                "count": 0
            },
            {
                "id": "61564282067203",
                "count": 0
            },
            {
                "id": "100040911412868",
                "count": 0
            },
            {
                "id": "100088040936416",
                "count": 0
            },
            {
                "id": "100087936203377",
                "count": 0
            },
            {
                "id": "100088432909482",
                "count": 0
            },
            {
                "id": "61573461693229",
                "count": 0
            },
            {
                "id": "61573916759463",
                "count": 0
            },
            {
                "id": "61564702018103",
                "count": 0
            }
        ],
        "week": [
            {
                "id": "61572435451391",
                "count": 0
            },
            {
                "id": "61566486654869",
                "count": 0
            },
            {
                "id": "61566384780961",
                "count": 0
            },
            {
                "id": "61564666424106",
                "count": 0
            },
            {
                "id": "61564657509619",
                "count": 0
            },
            {
                "id": "61553587661960",
                "count": 0
            },
            {
                "id": "61552692204706",
                "count": 0
            },
            {
                "id": "61555485594212",
                "count": 0
            },
            {
                "id": "100078018412650",
                "count": 0
            },
            {
                "id": "100084105923507",
                "count": 0
            },
            {
                "id": "61564404851145",
                "count": 0
            },
            {
                "id": "100052422529626",
                "count": 0
            },
            {
                "id": "61562211516044",
                "count": 0
            },
            {
                "id": "61566810920144",
                "count": 0
            },
            {
                "id": "61568427334955",
                "count": 0
            },
            {
                "id": "61564682608086",
                "count": 0
            },
            {
                "id": "61571677927404",
                "count": 0
            },
            {
                "id": "61558863222130",
                "count": 0
            },
            {
                "id": "100045520534893",
                "count": 0
            },
            {
                "id": "100070466117010",
                "count": 0
            },
            {
                "id": "61564326110793",
                "count": 0
            },
            {
                "id": "61558390379218",
                "count": 0
            },
            {
                "id": "100090850550309",
                "count": 0
            },
            {
                "id": "100079190540635",
                "count": 0
            },
            {
                "id": "61556937239660",
                "count": 0
            },
            {
                "id": "61564042607303",
                "count": 0
            },
            {
                "id": "61572669128068",
                "count": 0
            },
            {
                "id": "100087495451977",
                "count": 0
            },
            {
                "id": "61569157555307",
                "count": 0
            },
            {
                "id": "100092431055700",
                "count": 0
            },
            {
                "id": "61573602211419",
                "count": 0
            },
            {
                "id": "61559044433898",
                "count": 0
            },
            {
                "id": "61573715758600",
                "count": 0
            },
            {
                "id": "61561512297835",
                "count": 0
            },
            {
                "id": "100089803085061",
                "count": 0
            },
            {
                "id": "61571634424991",
                "count": 0
            },
            {
                "id": "61550939776239",
                "count": 0
            },
            {
                "id": "61558342717890",
                "count": 0
            },
            {
                "id": "61569601631390",
                "count": 0
            },
            {
                "id": "61550480453229",
                "count": 0
            },
            {
                "id": "61572947832056",
                "count": 0
            },
            {
                "id": "61557073373483",
                "count": 0
            },
            {
                "id": "61556712493861",
                "count": 0
            },
            {
                "id": "100049837500622",
                "count": 0
            },
            {
                "id": "100088285206520",
                "count": 0
            },
            {
                "id": "100091815867088",
                "count": 0
            },
            {
                "id": "61564282067203",
                "count": 0
            },
            {
                "id": "100040911412868",
                "count": 0
            },
            {
                "id": "100088040936416",
                "count": 0
            },
            {
                "id": "100087936203377",
                "count": 0
            },
            {
                "id": "100088432909482",
                "count": 0
            },
            {
                "id": "61573461693229",
                "count": 0
            },
            {
                "id": "61573916759463",
                "count": 0
            },
            {
                "id": "61564702018103",
                "count": 0
            }
        ]
    }
}