{
    "total": [
        {
            "id": "100082550240081",
            "count": 68
        },
        {
            "id": "61555908730667",
            "count": 0
        },
        {
            "id": "61574839259770",
            "count": 46
        },
        {
            "id": "61573596227321",
            "count": 0
        }
    ],
    "week": [
        {
            "id": "100082550240081",
            "count": 68
        },
        {
            "id": "61555908730667",
            "count": 0
        },
        {
            "id": "61574839259770",
            "count": 46
        },
        {
            "id": "61573596227321",
            "count": 0
        }
    ],
    "day": [
        {
            "id": "100082550240081",
            "count": 68
        },
        {
            "id": "61555908730667",
            "count": 0
        },
        {
            "id": "61574839259770",
            "count": 46
        },
        {
            "id": "61573596227321",
            "count": 0
        }
    ],
    "time": 3,
    "last": {
        "time": 2,
        "day": [
            {
                "id": "100082550240081",
                "count": 0
            },
            {
                "id": "61555908730667",
                "count": 0
            },
            {
                "id": "61574839259770",
                "count": 0
            },
            {
                "id": "61573596227321",
                "count": 0
            }
        ],
        "week": [
            {
                "id": "100082550240081",
                "count": 0
            },
            {
                "id": "61555908730667",
                "count": 0
            },
            {
                "id": "61574839259770",
                "count": 0
            },
            {
                "id": "61573596227321",
                "count": 0
            }
        ]
    }
}