{
    "total": [
        {
            "id": "61574931371423",
            "count": 0
        },
        {
            "id": "61575199405811",
            "count": 14
        }
    ],
    "week": [
        {
            "id": "61574931371423",
            "count": 0
        },
        {
            "id": "61575199405811",
            "count": 14
        }
    ],
    "day": [
        {
            "id": "61574931371423",
            "count": 0
        },
        {
            "id": "61575199405811",
            "count": 14
        }
    ],
    "time": 6,
    "last": {
        "time": 6,
        "day": [
            {
                "id": "61574931371423",
                "count": 0
            },
            {
                "id": "61575199405811",
                "count": 0
            }
        ],
        "week": [
            {
                "id": "61574931371423",
                "count": 0
            },
            {
                "id": "61575199405811",
                "count": 0
            }
        ]
    }
}