{
    "total": [
        {
            "id": "61555525075828",
            "count": 0
        },
        {
            "id": "61574127823945",
            "count": 0
        },
        {
            "id": "100092560951771",
            "count": 0
        },
        {
            "id": "61573168966175",
            "count": 0
        },
        {
            "id": "100087888121705",
            "count": 0
        },
        {
            "id": "61574580222983",
            "count": 0
        },
        {
            "id": "61574929106318",
            "count": 0
        },
        {
            "id": "61574218065648",
            "count": 0
        },
        {
            "id": "100094471035548",
            "count": 0
        },
        {
            "id": "61574902616662",
            "count": 0
        },
        {
            "id": "61574516710573",
            "count": 0
        },
        {
            "id": "61574638239348",
            "count": 0
        },
        {
            "id": "61574725804055",
            "count": 0
        },
        {
            "id": "61574479096654",
            "count": 0
        },
        {
            "id": "61561402474347",
            "count": 0
        },
        {
            "id": "100063535986926",
            "count": 0
        },
        {
            "id": "100001216496343",
            "count": 0
        },
        {
            "id": "61574922476070",
            "count": 0
        },
        {
            "id": "100086939901924",
            "count": 0
        },
        {
            "id": "61569405604728",
            "count": 0
        },
        {
            "id": "61574182863724",
            "count": 0
        },
        {
            "id": "61573463296418",
            "count": 0
        },
        {
            "id": "61574830201473",
            "count": 0
        },
        {
            "id": "61574455544835",
            "count": 0
        },
        {
            "id": "61566430654182",
            "count": 0
        },
        {
            "id": "61574167851015",
            "count": 0
        },
        {
            "id": "100004645360146",
            "count": 0
        },
        {
            "id": "61566034163826",
            "count": 0
        },
        {
            "id": "61574966241988",
            "count": 0
        },
        {
            "id": "61574753974275",
            "count": 0
        },
        {
            "id": "100052062798867",
            "count": 0
        },
        {
            "id": "61574982923172",
            "count": 0
        },
        {
            "id": "100082550240081",
            "count": 164
        },
        {
            "id": "61574019356813",
            "count": 0
        },
        {
            "id": "61569317672621",
            "count": 0
        },
        {
            "id": "61574571582903",
            "count": 0
        },
        {
            "id": "61574936906155",
            "count": 0
        },
        {
            "id": "100012422596190",
            "count": 0
        },
        {
            "id": "61551642812109",
            "count": 0
        },
        {
            "id": "61572387809801",
            "count": 0
        },
        {
            "id": "61574507657261",
            "count": 0
        },
        {
            "id": "61573697285691",
            "count": 0
        },
        {
            "id": "61573014403428",
            "count": 0
        },
        {
            "id": "61574884407038",
            "count": 0
        },
        {
            "id": "61574633382101",
            "count": 62
        },
        {
            "id": "61574941135878",
            "count": 0
        },
        {
            "id": "61573774645476",
            "count": 14
        },
        {
            "id": "61574555115699",
            "count": 0
        },
        {
            "id": "61557360522410",
            "count": 0
        },
        {
            "id": "61574553675242",
            "count": 60
        },
        {
            "id": "61573596227321",
            "count": 0
        },
        {
            "id": "61565994522753",
            "count": 36
        },
        {
            "id": "61574990542040",
            "count": 12
        },
        {
            "id": "61574902647692",
            "count": 0
        },
        {
            "id": "61574485996669",
            "count": 0
        },
        {
            "id": "100090682607291",
            "count": 0
        }
    ],
    "week": [
        {
            "id": "61555525075828",
            "count": 0
        },
        {
            "id": "61574127823945",
            "count": 0
        },
        {
            "id": "100092560951771",
            "count": 0
        },
        {
            "id": "61573168966175",
            "count": 0
        },
        {
            "id": "100087888121705",
            "count": 0
        },
        {
            "id": "61574580222983",
            "count": 0
        },
        {
            "id": "61574929106318",
            "count": 0
        },
        {
            "id": "61574218065648",
            "count": 0
        },
        {
            "id": "100094471035548",
            "count": 0
        },
        {
            "id": "61574902616662",
            "count": 0
        },
        {
            "id": "61574516710573",
            "count": 0
        },
        {
            "id": "61574638239348",
            "count": 0
        },
        {
            "id": "61574725804055",
            "count": 0
        },
        {
            "id": "61574479096654",
            "count": 0
        },
        {
            "id": "61561402474347",
            "count": 0
        },
        {
            "id": "100063535986926",
            "count": 0
        },
        {
            "id": "100001216496343",
            "count": 0
        },
        {
            "id": "61574922476070",
            "count": 0
        },
        {
            "id": "100086939901924",
            "count": 0
        },
        {
            "id": "61569405604728",
            "count": 0
        },
        {
            "id": "61574182863724",
            "count": 0
        },
        {
            "id": "61573463296418",
            "count": 0
        },
        {
            "id": "61574830201473",
            "count": 0
        },
        {
            "id": "61574455544835",
            "count": 0
        },
        {
            "id": "61566430654182",
            "count": 0
        },
        {
            "id": "61574167851015",
            "count": 0
        },
        {
            "id": "100004645360146",
            "count": 0
        },
        {
            "id": "61566034163826",
            "count": 0
        },
        {
            "id": "61574966241988",
            "count": 0
        },
        {
            "id": "61574753974275",
            "count": 0
        },
        {
            "id": "100052062798867",
            "count": 0
        },
        {
            "id": "61574982923172",
            "count": 0
        },
        {
            "id": "100082550240081",
            "count": 164
        },
        {
            "id": "61574019356813",
            "count": 0
        },
        {
            "id": "61569317672621",
            "count": 0
        },
        {
            "id": "61574571582903",
            "count": 0
        },
        {
            "id": "61574936906155",
            "count": 0
        },
        {
            "id": "100012422596190",
            "count": 0
        },
        {
            "id": "61551642812109",
            "count": 0
        },
        {
            "id": "61572387809801",
            "count": 0
        },
        {
            "id": "61574507657261",
            "count": 0
        },
        {
            "id": "61573697285691",
            "count": 0
        },
        {
            "id": "61573014403428",
            "count": 0
        },
        {
            "id": "61574884407038",
            "count": 0
        },
        {
            "id": "61574633382101",
            "count": 62
        },
        {
            "id": "61574941135878",
            "count": 0
        },
        {
            "id": "61573774645476",
            "count": 14
        },
        {
            "id": "61574555115699",
            "count": 0
        },
        {
            "id": "61557360522410",
            "count": 0
        },
        {
            "id": "61574553675242",
            "count": 60
        },
        {
            "id": "61573596227321",
            "count": 0
        },
        {
            "id": "61565994522753",
            "count": 36
        },
        {
            "id": "61574990542040",
            "count": 12
        },
        {
            "id": "61574902647692",
            "count": 0
        },
        {
            "id": "61574485996669",
            "count": 0
        },
        {
            "id": "100090682607291",
            "count": 0
        }
    ],
    "day": [
        {
            "id": "61555525075828",
            "count": 0
        },
        {
            "id": "61574127823945",
            "count": 0
        },
        {
            "id": "100092560951771",
            "count": 0
        },
        {
            "id": "61573168966175",
            "count": 0
        },
        {
            "id": "100087888121705",
            "count": 0
        },
        {
            "id": "61574580222983",
            "count": 0
        },
        {
            "id": "61574929106318",
            "count": 0
        },
        {
            "id": "61574218065648",
            "count": 0
        },
        {
            "id": "100094471035548",
            "count": 0
        },
        {
            "id": "61574902616662",
            "count": 0
        },
        {
            "id": "61574516710573",
            "count": 0
        },
        {
            "id": "61574638239348",
            "count": 0
        },
        {
            "id": "61574725804055",
            "count": 0
        },
        {
            "id": "61574479096654",
            "count": 0
        },
        {
            "id": "61561402474347",
            "count": 0
        },
        {
            "id": "100063535986926",
            "count": 0
        },
        {
            "id": "100001216496343",
            "count": 0
        },
        {
            "id": "61574922476070",
            "count": 0
        },
        {
            "id": "100086939901924",
            "count": 0
        },
        {
            "id": "61569405604728",
            "count": 0
        },
        {
            "id": "61574182863724",
            "count": 0
        },
        {
            "id": "61573463296418",
            "count": 0
        },
        {
            "id": "61574830201473",
            "count": 0
        },
        {
            "id": "61574455544835",
            "count": 0
        },
        {
            "id": "61566430654182",
            "count": 0
        },
        {
            "id": "61574167851015",
            "count": 0
        },
        {
            "id": "100004645360146",
            "count": 0
        },
        {
            "id": "61566034163826",
            "count": 0
        },
        {
            "id": "61574966241988",
            "count": 0
        },
        {
            "id": "61574753974275",
            "count": 0
        },
        {
            "id": "100052062798867",
            "count": 0
        },
        {
            "id": "61574982923172",
            "count": 0
        },
        {
            "id": "100082550240081",
            "count": 164
        },
        {
            "id": "61574019356813",
            "count": 0
        },
        {
            "id": "61569317672621",
            "count": 0
        },
        {
            "id": "61574571582903",
            "count": 0
        },
        {
            "id": "61574936906155",
            "count": 0
        },
        {
            "id": "100012422596190",
            "count": 0
        },
        {
            "id": "61551642812109",
            "count": 0
        },
        {
            "id": "61572387809801",
            "count": 0
        },
        {
            "id": "61574507657261",
            "count": 0
        },
        {
            "id": "61573697285691",
            "count": 0
        },
        {
            "id": "61573014403428",
            "count": 0
        },
        {
            "id": "61574884407038",
            "count": 0
        },
        {
            "id": "61574633382101",
            "count": 62
        },
        {
            "id": "61574941135878",
            "count": 0
        },
        {
            "id": "61573774645476",
            "count": 14
        },
        {
            "id": "61574555115699",
            "count": 0
        },
        {
            "id": "61557360522410",
            "count": 0
        },
        {
            "id": "61574553675242",
            "count": 60
        },
        {
            "id": "61573596227321",
            "count": 0
        },
        {
            "id": "61565994522753",
            "count": 36
        },
        {
            "id": "61574990542040",
            "count": 12
        },
        {
            "id": "61574902647692",
            "count": 0
        },
        {
            "id": "61574485996669",
            "count": 0
        },
        {
            "id": "100090682607291",
            "count": 0
        }
    ],
    "time": 3,
    "last": {
        "time": 2,
        "day": [
            {
                "id": "61574839259770",
                "count": 0
            },
            {
                "id": "61555525075828",
                "count": 0
            },
            {
                "id": "61574127823945",
                "count": 0
            },
            {
                "id": "100092560951771",
                "count": 0
            },
            {
                "id": "61573168966175",
                "count": 0
            },
            {
                "id": "100087888121705",
                "count": 0
            },
            {
                "id": "61574580222983",
                "count": 0
            },
            {
                "id": "61574929106318",
                "count": 0
            },
            {
                "id": "61574218065648",
                "count": 0
            },
            {
                "id": "100094471035548",
                "count": 0
            },
            {
                "id": "61574902616662",
                "count": 0
            },
            {
                "id": "61574516710573",
                "count": 0
            },
            {
                "id": "61574638239348",
                "count": 0
            },
            {
                "id": "61574725804055",
                "count": 0
            },
            {
                "id": "61574479096654",
                "count": 0
            },
            {
                "id": "61561402474347",
                "count": 0
            },
            {
                "id": "100063535986926",
                "count": 0
            },
            {
                "id": "100001216496343",
                "count": 0
            },
            {
                "id": "61574922476070",
                "count": 0
            },
            {
                "id": "100086939901924",
                "count": 0
            },
            {
                "id": "61569405604728",
                "count": 0
            },
            {
                "id": "61574182863724",
                "count": 0
            },
            {
                "id": "61573463296418",
                "count": 0
            },
            {
                "id": "61574830201473",
                "count": 0
            },
            {
                "id": "61574455544835",
                "count": 0
            },
            {
                "id": "61566430654182",
                "count": 0
            },
            {
                "id": "61574167851015",
                "count": 0
            },
            {
                "id": "100004645360146",
                "count": 0
            },
            {
                "id": "61566034163826",
                "count": 0
            },
            {
                "id": "61574966241988",
                "count": 0
            },
            {
                "id": "61574753974275",
                "count": 0
            },
            {
                "id": "100052062798867",
                "count": 0
            },
            {
                "id": "61574982923172",
                "count": 0
            },
            {
                "id": "100082550240081",
                "count": 0
            },
            {
                "id": "61574019356813",
                "count": 0
            },
            {
                "id": "61569317672621",
                "count": 0
            },
            {
                "id": "61574571582903",
                "count": 0
            },
            {
                "id": "61574936906155",
                "count": 0
            },
            {
                "id": "100012422596190",
                "count": 0
            },
            {
                "id": "61551642812109",
                "count": 0
            },
            {
                "id": "61572387809801",
                "count": 0
            },
            {
                "id": "61574507657261",
                "count": 0
            },
            {
                "id": "61573697285691",
                "count": 0
            },
            {
                "id": "61573014403428",
                "count": 0
            },
            {
                "id": "61574884407038",
                "count": 0
            },
            {
                "id": "61574633382101",
                "count": 0
            },
            {
                "id": "61574941135878",
                "count": 0
            },
            {
                "id": "61573774645476",
                "count": 0
            },
            {
                "id": "61574555115699",
                "count": 0
            },
            {
                "id": "61557360522410",
                "count": 0
            },
            {
                "id": "61574553675242",
                "count": 0
            },
            {
                "id": "61573596227321",
                "count": 0
            },
            {
                "id": "61565994522753",
                "count": 0
            },
            {
                "id": "61574990542040",
                "count": 0
            },
            {
                "id": "61574902647692",
                "count": 0
            },
            {
                "id": "61574485996669",
                "count": 0
            },
            {
                "id": "100090682607291",
                "count": 0
            },
            {
                "id": "61574862450566",
                "count": 0
            }
        ],
        "week": [
            {
                "id": "61574839259770",
                "count": 0
            },
            {
                "id": "61555525075828",
                "count": 0
            },
            {
                "id": "61574127823945",
                "count": 0
            },
            {
                "id": "100092560951771",
                "count": 0
            },
            {
                "id": "61573168966175",
                "count": 0
            },
            {
                "id": "100087888121705",
                "count": 0
            },
            {
                "id": "61574580222983",
                "count": 0
            },
            {
                "id": "61574929106318",
                "count": 0
            },
            {
                "id": "61574218065648",
                "count": 0
            },
            {
                "id": "100094471035548",
                "count": 0
            },
            {
                "id": "61574902616662",
                "count": 0
            },
            {
                "id": "61574516710573",
                "count": 0
            },
            {
                "id": "61574638239348",
                "count": 0
            },
            {
                "id": "61574725804055",
                "count": 0
            },
            {
                "id": "61574479096654",
                "count": 0
            },
            {
                "id": "61561402474347",
                "count": 0
            },
            {
                "id": "100063535986926",
                "count": 0
            },
            {
                "id": "100001216496343",
                "count": 0
            },
            {
                "id": "61574922476070",
                "count": 0
            },
            {
                "id": "100086939901924",
                "count": 0
            },
            {
                "id": "61569405604728",
                "count": 0
            },
            {
                "id": "61574182863724",
                "count": 0
            },
            {
                "id": "61573463296418",
                "count": 0
            },
            {
                "id": "61574830201473",
                "count": 0
            },
            {
                "id": "61574455544835",
                "count": 0
            },
            {
                "id": "61566430654182",
                "count": 0
            },
            {
                "id": "61574167851015",
                "count": 0
            },
            {
                "id": "100004645360146",
                "count": 0
            },
            {
                "id": "61566034163826",
                "count": 0
            },
            {
                "id": "61574966241988",
                "count": 0
            },
            {
                "id": "61574753974275",
                "count": 0
            },
            {
                "id": "100052062798867",
                "count": 0
            },
            {
                "id": "61574982923172",
                "count": 0
            },
            {
                "id": "100082550240081",
                "count": 0
            },
            {
                "id": "61574019356813",
                "count": 0
            },
            {
                "id": "61569317672621",
                "count": 0
            },
            {
                "id": "61574571582903",
                "count": 0
            },
            {
                "id": "61574936906155",
                "count": 0
            },
            {
                "id": "100012422596190",
                "count": 0
            },
            {
                "id": "61551642812109",
                "count": 0
            },
            {
                "id": "61572387809801",
                "count": 0
            },
            {
                "id": "61574507657261",
                "count": 0
            },
            {
                "id": "61573697285691",
                "count": 0
            },
            {
                "id": "61573014403428",
                "count": 0
            },
            {
                "id": "61574884407038",
                "count": 0
            },
            {
                "id": "61574633382101",
                "count": 0
            },
            {
                "id": "61574941135878",
                "count": 0
            },
            {
                "id": "61573774645476",
                "count": 0
            },
            {
                "id": "61574555115699",
                "count": 0
            },
            {
                "id": "61557360522410",
                "count": 0
            },
            {
                "id": "61574553675242",
                "count": 0
            },
            {
                "id": "61573596227321",
                "count": 0
            },
            {
                "id": "61565994522753",
                "count": 0
            },
            {
                "id": "61574990542040",
                "count": 0
            },
            {
                "id": "61574902647692",
                "count": 0
            },
            {
                "id": "61574485996669",
                "count": 0
            },
            {
                "id": "100090682607291",
                "count": 0
            },
            {
                "id": "61574862450566",
                "count": 0
            }
        ]
    }
}