{
    "total": [
        {
            "id": "61559690097791",
            "count": 0
        },
        {
            "id": "61564391514177",
            "count": 0
        },
        {
            "id": "61573611253200",
            "count": 0
        },
        {
            "id": "61573812531548",
            "count": 0
        },
        {
            "id": "61573837768508",
            "count": 0
        },
        {
            "id": "61573900017578",
            "count": 0
        },
        {
            "id": "100001292035064",
            "count": 0
        },
        {
            "id": "100092085960831",
            "count": 0
        },
        {
            "id": "61574024540533",
            "count": 0
        },
        {
            "id": "61573560913384",
            "count": 0
        },
        {
            "id": "61573862270669",
            "count": 0
        },
        {
            "id": "61573577894016",
            "count": 0
        },
        {
            "id": "61573728273475",
            "count": 0
        },
        {
            "id": "61559497499677",
            "count": 0
        },
        {
            "id": "61561937157236",
            "count": 0
        },
        {
            "id": "61572617891963",
            "count": 0
        },
        {
            "id": "61569839435648",
            "count": 0
        },
        {
            "id": "61557601260164",
            "count": 0
        },
        {
            "id": "61572691371949",
            "count": 0
        },
        {
            "id": "61566844096953",
            "count": 10
        },
        {
            "id": "61570281180773",
            "count": 0
        },
        {
            "id": "61568389292002",
            "count": 0
        },
        {
            "id": "61573516483408",
            "count": 0
        },
        {
            "id": "61561060193716",
            "count": 0
        },
        {
            "id": "61559563243611",
            "count": 0
        },
        {
            "id": "61573722242233",
            "count": 0
        },
        {
            "id": "100093442343675",
            "count": 0
        },
        {
            "id": "61572460086930",
            "count": 0
        },
        {
            "id": "100014581150066",
            "count": 0
        },
        {
            "id": "61550049507225",
            "count": 2
        },
        {
            "id": "61573379452256",
            "count": 0
        },
        {
            "id": "61573930222093",
            "count": 0
        },
        {
            "id": "61561134209003",
            "count": 0
        },
        {
            "id": "61573736643375",
            "count": 0
        },
        {
            "id": "61573472566696",
            "count": 0
        },
        {
            "id": "61572911873955",
            "count": 0
        },
        {
            "id": "100011730998580",
            "count": 0
        },
        {
            "id": "100081652204496",
            "count": 0
        },
        {
            "id": "61553831397073",
            "count": 0
        },
        {
            "id": "61573508894407",
            "count": 0
        },
        {
            "id": "61559424358452",
            "count": 0
        },
        {
            "id": "61566455293535",
            "count": 0
        },
        {
            "id": "61573325562562",
            "count": 0
        },
        {
            "id": "61572766221287",
            "count": 0
        },
        {
            "id": "100092560951771",
            "count": 0
        },
        {
            "id": "61569853347872",
            "count": 0
        },
        {
            "id": "61567925545958",
            "count": 0
        },
        {
            "id": "61573840431463",
            "count": 0
        },
        {
            "id": "100004316100940",
            "count": 0
        },
        {
            "id": "61573818931981",
            "count": 0
        },
        {
            "id": "100004842968378",
            "count": 0
        },
        {
            "id": "61571791834910",
            "count": 0
        },
        {
            "id": "100030311586223",
            "count": 0
        },
        {
            "id": "61573550499291",
            "count": 0
        },
        {
            "id": "61572804631041",
            "count": 0
        },
        {
            "id": "61572416741729",
            "count": 0
        },
        {
            "id": "100074505790569",
            "count": 0
        },
        {
            "id": "61563888001789",
            "count": 0
        },
        {
            "id": "61572997007731",
            "count": 0
        },
        {
            "id": "100091307446702",
            "count": 0
        },
        {
            "id": "61570290091477",
            "count": 0
        },
        {
            "id": "61573484137350",
            "count": 0
        },
        {
            "id": "100003627771344",
            "count": 0
        },
        {
            "id": "61573712164707",
            "count": 0
        },
        {
            "id": "100090282378847",
            "count": 0
        },
        {
            "id": "61573889755984",
            "count": 0
        },
        {
            "id": "61572140202920",
            "count": 0
        },
        {
            "id": "61557368485434",
            "count": 0
        },
        {
            "id": "61568313373770",
            "count": 0
        },
        {
            "id": "61572374528461",
            "count": 0
        },
        {
            "id": "61573906257603",
            "count": 0
        },
        {
            "id": "61573654386121",
            "count": 0
        },
        {
            "id": "61553770684743",
            "count": 0
        },
        {
            "id": "61573860719716",
            "count": 0
        },
        {
            "id": "61573844283156",
            "count": 0
        },
        {
            "id": "61566031753134",
            "count": 0
        },
        {
            "id": "61573331391538",
            "count": 0
        },
        {
            "id": "100093932478812",
            "count": 0
        },
        {
            "id": "61573648208565",
            "count": 0
        },
        {
            "id": "61570631626344",
            "count": 0
        },
        {
            "id": "61557360522410",
            "count": 0
        },
        {
            "id": "100013940223896",
            "count": 0
        },
        {
            "id": "61570703502916",
            "count": 0
        },
        {
            "id": "100003532127581",
            "count": 0
        },
        {
            "id": "61573991451998",
            "count": 0
        },
        {
            "id": "61573762146631",
            "count": 0
        },
        {
            "id": "100007836526184",
            "count": 0
        },
        {
            "id": "100000653433378",
            "count": 0
        },
        {
            "id": "61571499525425",
            "count": 0
        },
        {
            "id": "61573494041964",
            "count": 0
        },
        {
            "id": "100028593907187",
            "count": 2
        },
        {
            "id": "100089299174917",
            "count": 0
        },
        {
            "id": "61571382785526",
            "count": 0
        },
        {
            "id": "100080422912667",
            "count": 0
        },
        {
            "id": "61562885711242",
            "count": 0
        },
        {
            "id": "61572927983503",
            "count": 0
        },
        {
            "id": "61550853005450",
            "count": 0
        },
        {
            "id": "100005396597155",
            "count": 0
        },
        {
            "id": "61574059341605",
            "count": 0
        },
        {
            "id": "61573483084953",
            "count": 0
        },
        {
            "id": "61574016625165",
            "count": 0
        },
        {
            "id": "61573878273699",
            "count": 0
        },
        {
            "id": "100094209936267",
            "count": 2
        },
        {
            "id": "100094094199945",
            "count": 0
        },
        {
            "id": "100000595230419",
            "count": 0
        },
        {
            "id": "100006009346617",
            "count": 0
        },
        {
            "id": "100000973480501",
            "count": 0
        },
        {
            "id": "61572053468155",
            "count": 0
        },
        {
            "id": "100005514885702",
            "count": 0
        },
        {
            "id": "61559233054702",
            "count": 0
        },
        {
            "id": "100024588097804",
            "count": 0
        },
        {
            "id": "61573780658671",
            "count": 0
        },
        {
            "id": "61573642388668",
            "count": 0
        },
        {
            "id": "61573777623188",
            "count": 0
        },
        {
            "id": "61573563856915",
            "count": 0
        },
        {
            "id": "61573348146414",
            "count": 0
        },
        {
            "id": "61569409820934",
            "count": 0
        },
        {
            "id": "61550670055202",
            "count": 0
        },
        {
            "id": "61573515249279",
            "count": 0
        },
        {
            "id": "61573712854709",
            "count": 0
        },
        {
            "id": "61573292516016",
            "count": 0
        },
        {
            "id": "61574133200166",
            "count": 0
        },
        {
            "id": "61573976579666",
            "count": 0
        },
        {
            "id": "61561317852269",
            "count": 0
        },
        {
            "id": "61573569782145",
            "count": 0
        },
        {
            "id": "61572980556321",
            "count": 0
        },
        {
            "id": "100000601963973",
            "count": 0
        },
        {
            "id": "100043699907738",
            "count": 0
        },
        {
            "id": "61573724972455",
            "count": 0
        },
        {
            "id": "61565931981764",
            "count": 0
        },
        {
            "id": "61553370418389",
            "count": 0
        },
        {
            "id": "61561335392561",
            "count": 0
        },
        {
            "id": "61573838288146",
            "count": 0
        },
        {
            "id": "61571061207868",
            "count": 0
        },
        {
            "id": "61573342088104",
            "count": 0
        },
        {
            "id": "100002884398544",
            "count": 56
        },
        {
            "id": "100004242434996",
            "count": 0
        },
        {
            "id": "61571044544675",
            "count": 0
        },
        {
            "id": "61573168966175",
            "count": 0
        },
        {
            "id": "61573503437309",
            "count": 0
        },
        {
            "id": "100002506698251",
            "count": 0
        },
        {
            "id": "61573461693229",
            "count": 0
        },
        {
            "id": "100000962828776",
            "count": 0
        },
        {
            "id": "61574068047663",
            "count": 0
        },
        {
            "id": "100000338016091",
            "count": 0
        },
        {
            "id": "61573821550450",
            "count": 0
        },
        {
            "id": "100023861407403",
            "count": 0
        },
        {
            "id": "61573990976908",
            "count": 6
        },
        {
            "id": "100003798743017",
            "count": 90
        },
        {
            "id": "61573688777087",
            "count": 0
        },
        {
            "id": "61574077011857",
            "count": 0
        },
        {
            "id": "61573666782015",
            "count": 0
        },
        {
            "id": "100003099664858",
            "count": 91
        },
        {
            "id": "61573804503743",
            "count": 0
        },
        {
            "id": "100022317603722",
            "count": 0
        },
        {
            "id": "100094425919145",
            "count": 0
        },
        {
            "id": "61552094592990",
            "count": 0
        },
        {
            "id": "61572823977977",
            "count": 0
        },
        {
            "id": "100003047286816",
            "count": 8
        },
        {
            "id": "61572736709988",
            "count": 0
        },
        {
            "id": "61573788642020",
            "count": 0
        },
        {
            "id": "61573495487536",
            "count": 0
        },
        {
            "id": "61574050436833",
            "count": 8
        },
        {
            "id": "100021212135796",
            "count": 0
        },
        {
            "id": "61573610681410",
            "count": 2
        },
        {
            "id": "61573886396879",
            "count": 0
        },
        {
            "id": "100004292324061",
            "count": 76
        },
        {
            "id": "61573487476994",
            "count": 0
        },
        {
            "id": "100007042398394",
            "count": 0
        },
        {
            "id": "61572523201515",
            "count": 0
        },
        {
            "id": "61571027214825",
            "count": 0
        },
        {
            "id": "61573834564505",
            "count": 0
        },
        {
            "id": "61573763403614",
            "count": 0
        },
        {
            "id": "61564964218341",
            "count": 0
        },
        {
            "id": "61567533321767",
            "count": 0
        },
        {
            "id": "61569586134938",
            "count": 4
        },
        {
            "id": "61560470755096",
            "count": 0
        },
        {
            "id": "61559104836021",
            "count": 0
        },
        {
            "id": "61573718104564",
            "count": 0
        },
        {
            "id": "61559131156856",
            "count": 0
        },
        {
            "id": "100004142413528",
            "count": 0
        },
        {
            "id": "61572896502420",
            "count": 0
        },
        {
            "id": "61573822851168",
            "count": 0
        },
        {
            "id": "61574041526619",
            "count": 0
        },
        {
            "id": "61574070238611",
            "count": 0
        },
        {
            "id": "100079165308274",
            "count": 0
        },
        {
            "id": "61571821370693",
            "count": 0
        },
        {
            "id": "61567829597314",
            "count": 0
        },
        {
            "id": "61571630683006",
            "count": 0
        },
        {
            "id": "100004375356398",
            "count": 52
        },
        {
            "id": "100002294657627",
            "count": 2
        },
        {
            "id": "61573955610004",
            "count": 0
        },
        {
            "id": "61573735094511",
            "count": 0
        },
        {
            "id": "100000462246632",
            "count": 0
        },
        {
            "id": "61574192842865",
            "count": 96
        },
        {
            "id": "61571282747465",
            "count": 0
        },
        {
            "id": "100000271383071",
            "count": 12
        },
        {
            "id": "100002514163694",
            "count": 150
        },
        {
            "id": "61573812275901",
            "count": 0
        },
        {
            "id": "100085317660711",
            "count": 2
        },
        {
            "id": "100068446932744",
            "count": 0
        },
        {
            "id": "100090068132401",
            "count": 16
        },
        {
            "id": "61574094988169",
            "count": 0
        },
        {
            "id": "100082550240081",
            "count": 366
        },
        {
            "id": "100025508477897",
            "count": 0
        },
        {
            "id": "100004802040004",
            "count": 0
        },
        {
            "id": "61573859860171",
            "count": 0
        },
        {
            "id": "61563493975933",
            "count": 20
        },
        {
            "id": "61573767972860",
            "count": 12
        },
        {
            "id": "61561004049824",
            "count": 0
        },
        {
            "id": "100094434542022",
            "count": 0
        },
        {
            "id": "61573922166659",
            "count": 0
        },
        {
            "id": "61573609094740",
            "count": 0
        },
        {
            "id": "61574209130699",
            "count": 4
        },
        {
            "id": "61573647969842",
            "count": 0
        },
        {
            "id": "61559438704529",
            "count": 0
        },
        {
            "id": "100054047529649",
            "count": 0
        },
        {
            "id": "61573549014752",
            "count": 0
        },
        {
            "id": "100005335906850",
            "count": 22
        },
        {
            "id": "61574152254699",
            "count": 4
        },
        {
            "id": "100008101631165",
            "count": 0
        },
        {
            "id": "61574006910845",
            "count": 64
        },
        {
            "id": "61568219285214",
            "count": 0
        },
        {
            "id": "61573592385914",
            "count": 0
        }
    ],
    "week": [
        {
            "id": "61559690097791",
            "count": 0
        },
        {
            "id": "61564391514177",
            "count": 0
        },
        {
            "id": "61573611253200",
            "count": 0
        },
        {
            "id": "61573812531548",
            "count": 0
        },
        {
            "id": "61573837768508",
            "count": 0
        },
        {
            "id": "61573900017578",
            "count": 0
        },
        {
            "id": "100001292035064",
            "count": 0
        },
        {
            "id": "100092085960831",
            "count": 0
        },
        {
            "id": "61574024540533",
            "count": 0
        },
        {
            "id": "61573560913384",
            "count": 0
        },
        {
            "id": "61573862270669",
            "count": 0
        },
        {
            "id": "61573577894016",
            "count": 0
        },
        {
            "id": "61573728273475",
            "count": 0
        },
        {
            "id": "61559497499677",
            "count": 0
        },
        {
            "id": "61561937157236",
            "count": 0
        },
        {
            "id": "61572617891963",
            "count": 0
        },
        {
            "id": "61569839435648",
            "count": 0
        },
        {
            "id": "61557601260164",
            "count": 0
        },
        {
            "id": "61572691371949",
            "count": 0
        },
        {
            "id": "61566844096953",
            "count": 10
        },
        {
            "id": "61570281180773",
            "count": 0
        },
        {
            "id": "61568389292002",
            "count": 0
        },
        {
            "id": "61573516483408",
            "count": 0
        },
        {
            "id": "61561060193716",
            "count": 0
        },
        {
            "id": "61559563243611",
            "count": 0
        },
        {
            "id": "61573722242233",
            "count": 0
        },
        {
            "id": "100093442343675",
            "count": 0
        },
        {
            "id": "61572460086930",
            "count": 0
        },
        {
            "id": "100014581150066",
            "count": 0
        },
        {
            "id": "61550049507225",
            "count": 2
        },
        {
            "id": "61573379452256",
            "count": 0
        },
        {
            "id": "61573930222093",
            "count": 0
        },
        {
            "id": "61561134209003",
            "count": 0
        },
        {
            "id": "61573736643375",
            "count": 0
        },
        {
            "id": "61573472566696",
            "count": 0
        },
        {
            "id": "61572911873955",
            "count": 0
        },
        {
            "id": "100011730998580",
            "count": 0
        },
        {
            "id": "100081652204496",
            "count": 0
        },
        {
            "id": "61553831397073",
            "count": 0
        },
        {
            "id": "61573508894407",
            "count": 0
        },
        {
            "id": "61559424358452",
            "count": 0
        },
        {
            "id": "61566455293535",
            "count": 0
        },
        {
            "id": "61573325562562",
            "count": 0
        },
        {
            "id": "61572766221287",
            "count": 0
        },
        {
            "id": "100092560951771",
            "count": 0
        },
        {
            "id": "61569853347872",
            "count": 0
        },
        {
            "id": "61567925545958",
            "count": 0
        },
        {
            "id": "61573840431463",
            "count": 0
        },
        {
            "id": "100004316100940",
            "count": 0
        },
        {
            "id": "61573818931981",
            "count": 0
        },
        {
            "id": "100004842968378",
            "count": 0
        },
        {
            "id": "61571791834910",
            "count": 0
        },
        {
            "id": "100030311586223",
            "count": 0
        },
        {
            "id": "61573550499291",
            "count": 0
        },
        {
            "id": "61572804631041",
            "count": 0
        },
        {
            "id": "61572416741729",
            "count": 0
        },
        {
            "id": "100074505790569",
            "count": 0
        },
        {
            "id": "61563888001789",
            "count": 0
        },
        {
            "id": "61572997007731",
            "count": 0
        },
        {
            "id": "100091307446702",
            "count": 0
        },
        {
            "id": "61570290091477",
            "count": 0
        },
        {
            "id": "61573484137350",
            "count": 0
        },
        {
            "id": "100003627771344",
            "count": 0
        },
        {
            "id": "61573712164707",
            "count": 0
        },
        {
            "id": "100090282378847",
            "count": 0
        },
        {
            "id": "61573889755984",
            "count": 0
        },
        {
            "id": "61572140202920",
            "count": 0
        },
        {
            "id": "61557368485434",
            "count": 0
        },
        {
            "id": "61568313373770",
            "count": 0
        },
        {
            "id": "61572374528461",
            "count": 0
        },
        {
            "id": "61573906257603",
            "count": 0
        },
        {
            "id": "61573654386121",
            "count": 0
        },
        {
            "id": "61553770684743",
            "count": 0
        },
        {
            "id": "61573860719716",
            "count": 0
        },
        {
            "id": "61573844283156",
            "count": 0
        },
        {
            "id": "61566031753134",
            "count": 0
        },
        {
            "id": "61573331391538",
            "count": 0
        },
        {
            "id": "100093932478812",
            "count": 0
        },
        {
            "id": "61573648208565",
            "count": 0
        },
        {
            "id": "61570631626344",
            "count": 0
        },
        {
            "id": "61557360522410",
            "count": 0
        },
        {
            "id": "100013940223896",
            "count": 0
        },
        {
            "id": "61570703502916",
            "count": 0
        },
        {
            "id": "100003532127581",
            "count": 0
        },
        {
            "id": "61573991451998",
            "count": 0
        },
        {
            "id": "61573762146631",
            "count": 0
        },
        {
            "id": "100007836526184",
            "count": 0
        },
        {
            "id": "100000653433378",
            "count": 0
        },
        {
            "id": "61571499525425",
            "count": 0
        },
        {
            "id": "61573494041964",
            "count": 0
        },
        {
            "id": "100028593907187",
            "count": 2
        },
        {
            "id": "100089299174917",
            "count": 0
        },
        {
            "id": "61571382785526",
            "count": 0
        },
        {
            "id": "100080422912667",
            "count": 0
        },
        {
            "id": "61562885711242",
            "count": 0
        },
        {
            "id": "61572927983503",
            "count": 0
        },
        {
            "id": "61550853005450",
            "count": 0
        },
        {
            "id": "100005396597155",
            "count": 0
        },
        {
            "id": "61574059341605",
            "count": 0
        },
        {
            "id": "61573483084953",
            "count": 0
        },
        {
            "id": "61574016625165",
            "count": 0
        },
        {
            "id": "61573878273699",
            "count": 0
        },
        {
            "id": "100094209936267",
            "count": 2
        },
        {
            "id": "100094094199945",
            "count": 0
        },
        {
            "id": "100000595230419",
            "count": 0
        },
        {
            "id": "100006009346617",
            "count": 0
        },
        {
            "id": "100000973480501",
            "count": 0
        },
        {
            "id": "61572053468155",
            "count": 0
        },
        {
            "id": "100005514885702",
            "count": 0
        },
        {
            "id": "61559233054702",
            "count": 0
        },
        {
            "id": "100024588097804",
            "count": 0
        },
        {
            "id": "61573780658671",
            "count": 0
        },
        {
            "id": "61573642388668",
            "count": 0
        },
        {
            "id": "61573777623188",
            "count": 0
        },
        {
            "id": "61573563856915",
            "count": 0
        },
        {
            "id": "61573348146414",
            "count": 0
        },
        {
            "id": "61569409820934",
            "count": 0
        },
        {
            "id": "61550670055202",
            "count": 0
        },
        {
            "id": "61573515249279",
            "count": 0
        },
        {
            "id": "61573712854709",
            "count": 0
        },
        {
            "id": "61573292516016",
            "count": 0
        },
        {
            "id": "61574133200166",
            "count": 0
        },
        {
            "id": "61573976579666",
            "count": 0
        },
        {
            "id": "61561317852269",
            "count": 0
        },
        {
            "id": "61573569782145",
            "count": 0
        },
        {
            "id": "61572980556321",
            "count": 0
        },
        {
            "id": "100000601963973",
            "count": 0
        },
        {
            "id": "100043699907738",
            "count": 0
        },
        {
            "id": "61573724972455",
            "count": 0
        },
        {
            "id": "61565931981764",
            "count": 0
        },
        {
            "id": "61553370418389",
            "count": 0
        },
        {
            "id": "61561335392561",
            "count": 0
        },
        {
            "id": "61573838288146",
            "count": 0
        },
        {
            "id": "61571061207868",
            "count": 0
        },
        {
            "id": "61573342088104",
            "count": 0
        },
        {
            "id": "100002884398544",
            "count": 56
        },
        {
            "id": "100004242434996",
            "count": 0
        },
        {
            "id": "61571044544675",
            "count": 0
        },
        {
            "id": "61573168966175",
            "count": 0
        },
        {
            "id": "61573503437309",
            "count": 0
        },
        {
            "id": "100002506698251",
            "count": 0
        },
        {
            "id": "61573461693229",
            "count": 0
        },
        {
            "id": "100000962828776",
            "count": 0
        },
        {
            "id": "61574068047663",
            "count": 0
        },
        {
            "id": "100000338016091",
            "count": 0
        },
        {
            "id": "61573821550450",
            "count": 0
        },
        {
            "id": "100023861407403",
            "count": 0
        },
        {
            "id": "61573990976908",
            "count": 6
        },
        {
            "id": "100003798743017",
            "count": 90
        },
        {
            "id": "61573688777087",
            "count": 0
        },
        {
            "id": "61574077011857",
            "count": 0
        },
        {
            "id": "61573666782015",
            "count": 0
        },
        {
            "id": "100003099664858",
            "count": 91
        },
        {
            "id": "61573804503743",
            "count": 0
        },
        {
            "id": "100022317603722",
            "count": 0
        },
        {
            "id": "100094425919145",
            "count": 0
        },
        {
            "id": "61552094592990",
            "count": 0
        },
        {
            "id": "61572823977977",
            "count": 0
        },
        {
            "id": "100003047286816",
            "count": 8
        },
        {
            "id": "61572736709988",
            "count": 0
        },
        {
            "id": "61573788642020",
            "count": 0
        },
        {
            "id": "61573495487536",
            "count": 0
        },
        {
            "id": "61574050436833",
            "count": 8
        },
        {
            "id": "100021212135796",
            "count": 0
        },
        {
            "id": "61573610681410",
            "count": 2
        },
        {
            "id": "61573886396879",
            "count": 0
        },
        {
            "id": "100004292324061",
            "count": 76
        },
        {
            "id": "61573487476994",
            "count": 0
        },
        {
            "id": "100007042398394",
            "count": 0
        },
        {
            "id": "61572523201515",
            "count": 0
        },
        {
            "id": "61571027214825",
            "count": 0
        },
        {
            "id": "61573834564505",
            "count": 0
        },
        {
            "id": "61573763403614",
            "count": 0
        },
        {
            "id": "61564964218341",
            "count": 0
        },
        {
            "id": "61567533321767",
            "count": 0
        },
        {
            "id": "61569586134938",
            "count": 4
        },
        {
            "id": "61560470755096",
            "count": 0
        },
        {
            "id": "61559104836021",
            "count": 0
        },
        {
            "id": "61573718104564",
            "count": 0
        },
        {
            "id": "61559131156856",
            "count": 0
        },
        {
            "id": "100004142413528",
            "count": 0
        },
        {
            "id": "61572896502420",
            "count": 0
        },
        {
            "id": "61573822851168",
            "count": 0
        },
        {
            "id": "61574041526619",
            "count": 0
        },
        {
            "id": "61574070238611",
            "count": 0
        },
        {
            "id": "100079165308274",
            "count": 0
        },
        {
            "id": "61571821370693",
            "count": 0
        },
        {
            "id": "61567829597314",
            "count": 0
        },
        {
            "id": "61571630683006",
            "count": 0
        },
        {
            "id": "100004375356398",
            "count": 52
        },
        {
            "id": "100002294657627",
            "count": 2
        },
        {
            "id": "61573955610004",
            "count": 0
        },
        {
            "id": "61573735094511",
            "count": 0
        },
        {
            "id": "100000462246632",
            "count": 0
        },
        {
            "id": "61574192842865",
            "count": 96
        },
        {
            "id": "61571282747465",
            "count": 0
        },
        {
            "id": "100000271383071",
            "count": 12
        },
        {
            "id": "100002514163694",
            "count": 150
        },
        {
            "id": "61573812275901",
            "count": 0
        },
        {
            "id": "100085317660711",
            "count": 2
        },
        {
            "id": "100068446932744",
            "count": 0
        },
        {
            "id": "100090068132401",
            "count": 16
        },
        {
            "id": "61574094988169",
            "count": 0
        },
        {
            "id": "100082550240081",
            "count": 366
        },
        {
            "id": "100025508477897",
            "count": 0
        },
        {
            "id": "100004802040004",
            "count": 0
        },
        {
            "id": "61573859860171",
            "count": 0
        },
        {
            "id": "61563493975933",
            "count": 20
        },
        {
            "id": "61573767972860",
            "count": 12
        },
        {
            "id": "61561004049824",
            "count": 0
        },
        {
            "id": "100094434542022",
            "count": 0
        },
        {
            "id": "61573922166659",
            "count": 0
        },
        {
            "id": "61573609094740",
            "count": 0
        },
        {
            "id": "61574209130699",
            "count": 4
        },
        {
            "id": "61573647969842",
            "count": 0
        },
        {
            "id": "61559438704529",
            "count": 0
        },
        {
            "id": "100054047529649",
            "count": 0
        },
        {
            "id": "61573549014752",
            "count": 0
        },
        {
            "id": "100005335906850",
            "count": 22
        },
        {
            "id": "61574152254699",
            "count": 4
        },
        {
            "id": "100008101631165",
            "count": 0
        },
        {
            "id": "61574006910845",
            "count": 64
        },
        {
            "id": "61568219285214",
            "count": 0
        },
        {
            "id": "61573592385914",
            "count": 0
        }
    ],
    "day": [
        {
            "id": "61559690097791",
            "count": 0
        },
        {
            "id": "61564391514177",
            "count": 0
        },
        {
            "id": "61573611253200",
            "count": 0
        },
        {
            "id": "61573812531548",
            "count": 0
        },
        {
            "id": "61573837768508",
            "count": 0
        },
        {
            "id": "61573900017578",
            "count": 0
        },
        {
            "id": "100001292035064",
            "count": 0
        },
        {
            "id": "100092085960831",
            "count": 0
        },
        {
            "id": "61574024540533",
            "count": 0
        },
        {
            "id": "61573560913384",
            "count": 0
        },
        {
            "id": "61573862270669",
            "count": 0
        },
        {
            "id": "61573577894016",
            "count": 0
        },
        {
            "id": "61573728273475",
            "count": 0
        },
        {
            "id": "61559497499677",
            "count": 0
        },
        {
            "id": "61561937157236",
            "count": 0
        },
        {
            "id": "61572617891963",
            "count": 0
        },
        {
            "id": "61569839435648",
            "count": 0
        },
        {
            "id": "61557601260164",
            "count": 0
        },
        {
            "id": "61572691371949",
            "count": 0
        },
        {
            "id": "61566844096953",
            "count": 10
        },
        {
            "id": "61570281180773",
            "count": 0
        },
        {
            "id": "61568389292002",
            "count": 0
        },
        {
            "id": "61573516483408",
            "count": 0
        },
        {
            "id": "61561060193716",
            "count": 0
        },
        {
            "id": "61559563243611",
            "count": 0
        },
        {
            "id": "61573722242233",
            "count": 0
        },
        {
            "id": "100093442343675",
            "count": 0
        },
        {
            "id": "61572460086930",
            "count": 0
        },
        {
            "id": "100014581150066",
            "count": 0
        },
        {
            "id": "61550049507225",
            "count": 2
        },
        {
            "id": "61573379452256",
            "count": 0
        },
        {
            "id": "61573930222093",
            "count": 0
        },
        {
            "id": "61561134209003",
            "count": 0
        },
        {
            "id": "61573736643375",
            "count": 0
        },
        {
            "id": "61573472566696",
            "count": 0
        },
        {
            "id": "61572911873955",
            "count": 0
        },
        {
            "id": "100011730998580",
            "count": 0
        },
        {
            "id": "100081652204496",
            "count": 0
        },
        {
            "id": "61553831397073",
            "count": 0
        },
        {
            "id": "61573508894407",
            "count": 0
        },
        {
            "id": "61559424358452",
            "count": 0
        },
        {
            "id": "61566455293535",
            "count": 0
        },
        {
            "id": "61573325562562",
            "count": 0
        },
        {
            "id": "61572766221287",
            "count": 0
        },
        {
            "id": "100092560951771",
            "count": 0
        },
        {
            "id": "61569853347872",
            "count": 0
        },
        {
            "id": "61567925545958",
            "count": 0
        },
        {
            "id": "61573840431463",
            "count": 0
        },
        {
            "id": "100004316100940",
            "count": 0
        },
        {
            "id": "61573818931981",
            "count": 0
        },
        {
            "id": "100004842968378",
            "count": 0
        },
        {
            "id": "61571791834910",
            "count": 0
        },
        {
            "id": "100030311586223",
            "count": 0
        },
        {
            "id": "61573550499291",
            "count": 0
        },
        {
            "id": "61572804631041",
            "count": 0
        },
        {
            "id": "61572416741729",
            "count": 0
        },
        {
            "id": "100074505790569",
            "count": 0
        },
        {
            "id": "61563888001789",
            "count": 0
        },
        {
            "id": "61572997007731",
            "count": 0
        },
        {
            "id": "100091307446702",
            "count": 0
        },
        {
            "id": "61570290091477",
            "count": 0
        },
        {
            "id": "61573484137350",
            "count": 0
        },
        {
            "id": "100003627771344",
            "count": 0
        },
        {
            "id": "61573712164707",
            "count": 0
        },
        {
            "id": "100090282378847",
            "count": 0
        },
        {
            "id": "61573889755984",
            "count": 0
        },
        {
            "id": "61572140202920",
            "count": 0
        },
        {
            "id": "61557368485434",
            "count": 0
        },
        {
            "id": "61568313373770",
            "count": 0
        },
        {
            "id": "61572374528461",
            "count": 0
        },
        {
            "id": "61573906257603",
            "count": 0
        },
        {
            "id": "61573654386121",
            "count": 0
        },
        {
            "id": "61553770684743",
            "count": 0
        },
        {
            "id": "61573860719716",
            "count": 0
        },
        {
            "id": "61573844283156",
            "count": 0
        },
        {
            "id": "61566031753134",
            "count": 0
        },
        {
            "id": "61573331391538",
            "count": 0
        },
        {
            "id": "100093932478812",
            "count": 0
        },
        {
            "id": "61573648208565",
            "count": 0
        },
        {
            "id": "61570631626344",
            "count": 0
        },
        {
            "id": "61557360522410",
            "count": 0
        },
        {
            "id": "100013940223896",
            "count": 0
        },
        {
            "id": "61570703502916",
            "count": 0
        },
        {
            "id": "100003532127581",
            "count": 0
        },
        {
            "id": "61573991451998",
            "count": 0
        },
        {
            "id": "61573762146631",
            "count": 0
        },
        {
            "id": "100007836526184",
            "count": 0
        },
        {
            "id": "100000653433378",
            "count": 0
        },
        {
            "id": "61571499525425",
            "count": 0
        },
        {
            "id": "61573494041964",
            "count": 0
        },
        {
            "id": "100028593907187",
            "count": 2
        },
        {
            "id": "100089299174917",
            "count": 0
        },
        {
            "id": "61571382785526",
            "count": 0
        },
        {
            "id": "100080422912667",
            "count": 0
        },
        {
            "id": "61562885711242",
            "count": 0
        },
        {
            "id": "61572927983503",
            "count": 0
        },
        {
            "id": "61550853005450",
            "count": 0
        },
        {
            "id": "100005396597155",
            "count": 0
        },
        {
            "id": "61574059341605",
            "count": 0
        },
        {
            "id": "61573483084953",
            "count": 0
        },
        {
            "id": "61574016625165",
            "count": 0
        },
        {
            "id": "61573878273699",
            "count": 0
        },
        {
            "id": "100094209936267",
            "count": 2
        },
        {
            "id": "100094094199945",
            "count": 0
        },
        {
            "id": "100000595230419",
            "count": 0
        },
        {
            "id": "100006009346617",
            "count": 0
        },
        {
            "id": "100000973480501",
            "count": 0
        },
        {
            "id": "61572053468155",
            "count": 0
        },
        {
            "id": "100005514885702",
            "count": 0
        },
        {
            "id": "61559233054702",
            "count": 0
        },
        {
            "id": "100024588097804",
            "count": 0
        },
        {
            "id": "61573780658671",
            "count": 0
        },
        {
            "id": "61573642388668",
            "count": 0
        },
        {
            "id": "61573777623188",
            "count": 0
        },
        {
            "id": "61573563856915",
            "count": 0
        },
        {
            "id": "61573348146414",
            "count": 0
        },
        {
            "id": "61569409820934",
            "count": 0
        },
        {
            "id": "61550670055202",
            "count": 0
        },
        {
            "id": "61573515249279",
            "count": 0
        },
        {
            "id": "61573712854709",
            "count": 0
        },
        {
            "id": "61573292516016",
            "count": 0
        },
        {
            "id": "61574133200166",
            "count": 0
        },
        {
            "id": "61573976579666",
            "count": 0
        },
        {
            "id": "61561317852269",
            "count": 0
        },
        {
            "id": "61573569782145",
            "count": 0
        },
        {
            "id": "61572980556321",
            "count": 0
        },
        {
            "id": "100000601963973",
            "count": 0
        },
        {
            "id": "100043699907738",
            "count": 0
        },
        {
            "id": "61573724972455",
            "count": 0
        },
        {
            "id": "61565931981764",
            "count": 0
        },
        {
            "id": "61553370418389",
            "count": 0
        },
        {
            "id": "61561335392561",
            "count": 0
        },
        {
            "id": "61573838288146",
            "count": 0
        },
        {
            "id": "61571061207868",
            "count": 0
        },
        {
            "id": "61573342088104",
            "count": 0
        },
        {
            "id": "100002884398544",
            "count": 56
        },
        {
            "id": "100004242434996",
            "count": 0
        },
        {
            "id": "61571044544675",
            "count": 0
        },
        {
            "id": "61573168966175",
            "count": 0
        },
        {
            "id": "61573503437309",
            "count": 0
        },
        {
            "id": "100002506698251",
            "count": 0
        },
        {
            "id": "61573461693229",
            "count": 0
        },
        {
            "id": "100000962828776",
            "count": 0
        },
        {
            "id": "61574068047663",
            "count": 0
        },
        {
            "id": "100000338016091",
            "count": 0
        },
        {
            "id": "61573821550450",
            "count": 0
        },
        {
            "id": "100023861407403",
            "count": 0
        },
        {
            "id": "61573990976908",
            "count": 6
        },
        {
            "id": "100003798743017",
            "count": 90
        },
        {
            "id": "61573688777087",
            "count": 0
        },
        {
            "id": "61574077011857",
            "count": 0
        },
        {
            "id": "61573666782015",
            "count": 0
        },
        {
            "id": "100003099664858",
            "count": 91
        },
        {
            "id": "61573804503743",
            "count": 0
        },
        {
            "id": "100022317603722",
            "count": 0
        },
        {
            "id": "100094425919145",
            "count": 0
        },
        {
            "id": "61552094592990",
            "count": 0
        },
        {
            "id": "61572823977977",
            "count": 0
        },
        {
            "id": "100003047286816",
            "count": 8
        },
        {
            "id": "61572736709988",
            "count": 0
        },
        {
            "id": "61573788642020",
            "count": 0
        },
        {
            "id": "61573495487536",
            "count": 0
        },
        {
            "id": "61574050436833",
            "count": 8
        },
        {
            "id": "100021212135796",
            "count": 0
        },
        {
            "id": "61573610681410",
            "count": 2
        },
        {
            "id": "61573886396879",
            "count": 0
        },
        {
            "id": "100004292324061",
            "count": 76
        },
        {
            "id": "61573487476994",
            "count": 0
        },
        {
            "id": "100007042398394",
            "count": 0
        },
        {
            "id": "61572523201515",
            "count": 0
        },
        {
            "id": "61571027214825",
            "count": 0
        },
        {
            "id": "61573834564505",
            "count": 0
        },
        {
            "id": "61573763403614",
            "count": 0
        },
        {
            "id": "61564964218341",
            "count": 0
        },
        {
            "id": "61567533321767",
            "count": 0
        },
        {
            "id": "61569586134938",
            "count": 4
        },
        {
            "id": "61560470755096",
            "count": 0
        },
        {
            "id": "61559104836021",
            "count": 0
        },
        {
            "id": "61573718104564",
            "count": 0
        },
        {
            "id": "61559131156856",
            "count": 0
        },
        {
            "id": "100004142413528",
            "count": 0
        },
        {
            "id": "61572896502420",
            "count": 0
        },
        {
            "id": "61573822851168",
            "count": 0
        },
        {
            "id": "61574041526619",
            "count": 0
        },
        {
            "id": "61574070238611",
            "count": 0
        },
        {
            "id": "100079165308274",
            "count": 0
        },
        {
            "id": "61571821370693",
            "count": 0
        },
        {
            "id": "61567829597314",
            "count": 0
        },
        {
            "id": "61571630683006",
            "count": 0
        },
        {
            "id": "100004375356398",
            "count": 52
        },
        {
            "id": "100002294657627",
            "count": 2
        },
        {
            "id": "61573955610004",
            "count": 0
        },
        {
            "id": "61573735094511",
            "count": 0
        },
        {
            "id": "100000462246632",
            "count": 0
        },
        {
            "id": "61574192842865",
            "count": 96
        },
        {
            "id": "61571282747465",
            "count": 0
        },
        {
            "id": "100000271383071",
            "count": 12
        },
        {
            "id": "100002514163694",
            "count": 150
        },
        {
            "id": "61573812275901",
            "count": 0
        },
        {
            "id": "100085317660711",
            "count": 2
        },
        {
            "id": "100068446932744",
            "count": 0
        },
        {
            "id": "100090068132401",
            "count": 16
        },
        {
            "id": "61574094988169",
            "count": 0
        },
        {
            "id": "100082550240081",
            "count": 366
        },
        {
            "id": "100025508477897",
            "count": 0
        },
        {
            "id": "100004802040004",
            "count": 0
        },
        {
            "id": "61573859860171",
            "count": 0
        },
        {
            "id": "61563493975933",
            "count": 20
        },
        {
            "id": "61573767972860",
            "count": 12
        },
        {
            "id": "61561004049824",
            "count": 0
        },
        {
            "id": "100094434542022",
            "count": 0
        },
        {
            "id": "61573922166659",
            "count": 0
        },
        {
            "id": "61573609094740",
            "count": 0
        },
        {
            "id": "61574209130699",
            "count": 4
        },
        {
            "id": "61573647969842",
            "count": 0
        },
        {
            "id": "61559438704529",
            "count": 0
        },
        {
            "id": "100054047529649",
            "count": 0
        },
        {
            "id": "61573549014752",
            "count": 0
        },
        {
            "id": "100005335906850",
            "count": 22
        },
        {
            "id": "61574152254699",
            "count": 4
        },
        {
            "id": "100008101631165",
            "count": 0
        },
        {
            "id": "61574006910845",
            "count": 64
        },
        {
            "id": "61568219285214",
            "count": 0
        },
        {
            "id": "61573592385914",
            "count": 0
        }
    ],
    "time": 3,
    "last": {
        "time": 3,
        "day": [
            {
                "id": "61552148532315",
                "count": 0
            },
            {
                "id": "61559690097791",
                "count": 0
            },
            {
                "id": "61564391514177",
                "count": 0
            },
            {
                "id": "61573571233752",
                "count": 0
            },
            {
                "id": "61573611253200",
                "count": 0
            },
            {
                "id": "61573812531548",
                "count": 0
            },
            {
                "id": "61573837768508",
                "count": 0
            },
            {
                "id": "61573900017578",
                "count": 0
            },
            {
                "id": "100048982846585",
                "count": 0
            },
            {
                "id": "100001292035064",
                "count": 0
            },
            {
                "id": "100092085960831",
                "count": 0
            },
            {
                "id": "61574024540533",
                "count": 0
            },
            {
                "id": "61573560913384",
                "count": 0
            },
            {
                "id": "61573862270669",
                "count": 0
            },
            {
                "id": "61573577894016",
                "count": 0
            },
            {
                "id": "61573728273475",
                "count": 0
            },
            {
                "id": "61559497499677",
                "count": 0
            },
            {
                "id": "61561937157236",
                "count": 0
            },
            {
                "id": "61572617891963",
                "count": 0
            },
            {
                "id": "61569839435648",
                "count": 0
            },
            {
                "id": "61557601260164",
                "count": 0
            },
            {
                "id": "61572691371949",
                "count": 0
            },
            {
                "id": "61566844096953",
                "count": 0
            },
            {
                "id": "61570281180773",
                "count": 0
            },
            {
                "id": "61568389292002",
                "count": 0
            },
            {
                "id": "61573516483408",
                "count": 0
            },
            {
                "id": "61561060193716",
                "count": 0
            },
            {
                "id": "61559563243611",
                "count": 0
            },
            {
                "id": "61573722242233",
                "count": 0
            },
            {
                "id": "100093442343675",
                "count": 0
            },
            {
                "id": "61572460086930",
                "count": 0
            },
            {
                "id": "61572882214374",
                "count": 0
            },
            {
                "id": "100014581150066",
                "count": 0
            },
            {
                "id": "61550049507225",
                "count": 0
            },
            {
                "id": "61573379452256",
                "count": 0
            },
            {
                "id": "61573930222093",
                "count": 0
            },
            {
                "id": "61561134209003",
                "count": 0
            },
            {
                "id": "61573736643375",
                "count": 0
            },
            {
                "id": "61573472566696",
                "count": 0
            },
            {
                "id": "61572911873955",
                "count": 0
            },
            {
                "id": "100011730998580",
                "count": 0
            },
            {
                "id": "100081652204496",
                "count": 0
            },
            {
                "id": "61553831397073",
                "count": 0
            },
            {
                "id": "61573508894407",
                "count": 0
            },
            {
                "id": "61559424358452",
                "count": 0
            },
            {
                "id": "61566455293535",
                "count": 0
            },
            {
                "id": "61573325562562",
                "count": 0
            },
            {
                "id": "61572766221287",
                "count": 0
            },
            {
                "id": "100092560951771",
                "count": 0
            },
            {
                "id": "61569853347872",
                "count": 0
            },
            {
                "id": "61567925545958",
                "count": 0
            },
            {
                "id": "61573840431463",
                "count": 0
            },
            {
                "id": "100004316100940",
                "count": 0
            },
            {
                "id": "61573818931981",
                "count": 0
            },
            {
                "id": "100004842968378",
                "count": 0
            },
            {
                "id": "61571791834910",
                "count": 0
            },
            {
                "id": "100030311586223",
                "count": 0
            },
            {
                "id": "61573550499291",
                "count": 0
            },
            {
                "id": "61572804631041",
                "count": 0
            },
            {
                "id": "61572416741729",
                "count": 0
            },
            {
                "id": "100074505790569",
                "count": 0
            },
            {
                "id": "61563888001789",
                "count": 0
            },
            {
                "id": "61572997007731",
                "count": 0
            },
            {
                "id": "100091307446702",
                "count": 0
            },
            {
                "id": "61570290091477",
                "count": 0
            },
            {
                "id": "61573484137350",
                "count": 0
            },
            {
                "id": "100003627771344",
                "count": 0
            },
            {
                "id": "61573712164707",
                "count": 0
            },
            {
                "id": "61568301481367",
                "count": 0
            },
            {
                "id": "100090282378847",
                "count": 0
            },
            {
                "id": "61573889755984",
                "count": 0
            },
            {
                "id": "61572140202920",
                "count": 0
            },
            {
                "id": "61557368485434",
                "count": 0
            },
            {
                "id": "61568313373770",
                "count": 0
            },
            {
                "id": "61572374528461",
                "count": 0
            },
            {
                "id": "61573906257603",
                "count": 0
            },
            {
                "id": "61573654386121",
                "count": 0
            },
            {
                "id": "61553770684743",
                "count": 0
            },
            {
                "id": "61573860719716",
                "count": 0
            },
            {
                "id": "61573844283156",
                "count": 0
            },
            {
                "id": "61566031753134",
                "count": 0
            },
            {
                "id": "61573331391538",
                "count": 0
            },
            {
                "id": "100093932478812",
                "count": 0
            },
            {
                "id": "61573648208565",
                "count": 0
            },
            {
                "id": "61570631626344",
                "count": 0
            },
            {
                "id": "61557360522410",
                "count": 0
            },
            {
                "id": "100013940223896",
                "count": 0
            },
            {
                "id": "61570703502916",
                "count": 0
            },
            {
                "id": "100003532127581",
                "count": 0
            },
            {
                "id": "61573991451998",
                "count": 0
            },
            {
                "id": "61573762146631",
                "count": 0
            },
            {
                "id": "100007836526184",
                "count": 0
            },
            {
                "id": "100000653433378",
                "count": 0
            },
            {
                "id": "61571499525425",
                "count": 0
            },
            {
                "id": "61573494041964",
                "count": 0
            },
            {
                "id": "100028593907187",
                "count": 0
            },
            {
                "id": "100089299174917",
                "count": 0
            },
            {
                "id": "61571382785526",
                "count": 0
            },
            {
                "id": "100080422912667",
                "count": 0
            },
            {
                "id": "61562885711242",
                "count": 0
            },
            {
                "id": "61572927983503",
                "count": 0
            },
            {
                "id": "61550853005450",
                "count": 0
            },
            {
                "id": "100005396597155",
                "count": 0
            },
            {
                "id": "61574059341605",
                "count": 0
            },
            {
                "id": "61573483084953",
                "count": 0
            },
            {
                "id": "61574016625165",
                "count": 0
            },
            {
                "id": "61573878273699",
                "count": 0
            },
            {
                "id": "100094209936267",
                "count": 0
            },
            {
                "id": "100094094199945",
                "count": 0
            },
            {
                "id": "100000595230419",
                "count": 0
            },
            {
                "id": "100006009346617",
                "count": 0
            },
            {
                "id": "100000973480501",
                "count": 0
            },
            {
                "id": "61573683988158",
                "count": 0
            },
            {
                "id": "61572053468155",
                "count": 0
            },
            {
                "id": "100005514885702",
                "count": 0
            },
            {
                "id": "61559233054702",
                "count": 0
            },
            {
                "id": "100024588097804",
                "count": 0
            },
            {
                "id": "61573780658671",
                "count": 0
            },
            {
                "id": "61573642388668",
                "count": 0
            },
            {
                "id": "61573777623188",
                "count": 0
            },
            {
                "id": "61573563856915",
                "count": 0
            },
            {
                "id": "61573348146414",
                "count": 0
            },
            {
                "id": "61569409820934",
                "count": 0
            },
            {
                "id": "61550670055202",
                "count": 0
            },
            {
                "id": "61573515249279",
                "count": 0
            },
            {
                "id": "61573712854709",
                "count": 0
            },
            {
                "id": "61573292516016",
                "count": 0
            },
            {
                "id": "61574133200166",
                "count": 0
            },
            {
                "id": "61573976579666",
                "count": 0
            },
            {
                "id": "61561317852269",
                "count": 0
            },
            {
                "id": "61573569782145",
                "count": 0
            },
            {
                "id": "61572980556321",
                "count": 0
            },
            {
                "id": "100000601963973",
                "count": 0
            },
            {
                "id": "100043699907738",
                "count": 0
            },
            {
                "id": "61573724972455",
                "count": 0
            },
            {
                "id": "61565931981764",
                "count": 0
            },
            {
                "id": "61553370418389",
                "count": 0
            },
            {
                "id": "61561335392561",
                "count": 0
            },
            {
                "id": "61573838288146",
                "count": 0
            },
            {
                "id": "61571061207868",
                "count": 0
            },
            {
                "id": "61573342088104",
                "count": 0
            },
            {
                "id": "100002884398544",
                "count": 0
            },
            {
                "id": "100004242434996",
                "count": 0
            },
            {
                "id": "61571044544675",
                "count": 0
            },
            {
                "id": "61573168966175",
                "count": 0
            },
            {
                "id": "61573503437309",
                "count": 0
            },
            {
                "id": "100002506698251",
                "count": 0
            },
            {
                "id": "61573461693229",
                "count": 0
            },
            {
                "id": "100000962828776",
                "count": 0
            },
            {
                "id": "61574068047663",
                "count": 0
            },
            {
                "id": "61571925701382",
                "count": 0
            },
            {
                "id": "61558565214502",
                "count": 0
            },
            {
                "id": "100000338016091",
                "count": 0
            },
            {
                "id": "61573821550450",
                "count": 0
            },
            {
                "id": "100023861407403",
                "count": 0
            },
            {
                "id": "61573990976908",
                "count": 0
            },
            {
                "id": "100003798743017",
                "count": 0
            },
            {
                "id": "61573688777087",
                "count": 0
            },
            {
                "id": "61574077011857",
                "count": 0
            },
            {
                "id": "61573666782015",
                "count": 0
            },
            {
                "id": "100003099664858",
                "count": 0
            },
            {
                "id": "61573804503743",
                "count": 0
            },
            {
                "id": "100022317603722",
                "count": 0
            },
            {
                "id": "100094425919145",
                "count": 0
            },
            {
                "id": "61552094592990",
                "count": 0
            },
            {
                "id": "61572823977977",
                "count": 0
            },
            {
                "id": "100003047286816",
                "count": 0
            },
            {
                "id": "61572736709988",
                "count": 0
            },
            {
                "id": "61573788642020",
                "count": 0
            },
            {
                "id": "61571625628687",
                "count": 0
            },
            {
                "id": "61573495487536",
                "count": 0
            },
            {
                "id": "61573134820283",
                "count": 0
            },
            {
                "id": "61574050436833",
                "count": 0
            },
            {
                "id": "100021212135796",
                "count": 0
            },
            {
                "id": "61573610681410",
                "count": 0
            },
            {
                "id": "61573886396879",
                "count": 0
            },
            {
                "id": "100004292324061",
                "count": 0
            },
            {
                "id": "61573487476994",
                "count": 0
            },
            {
                "id": "100007042398394",
                "count": 0
            },
            {
                "id": "61572523201515",
                "count": 0
            },
            {
                "id": "61571027214825",
                "count": 0
            },
            {
                "id": "61573834564505",
                "count": 0
            },
            {
                "id": "61573763403614",
                "count": 0
            },
            {
                "id": "61564964218341",
                "count": 0
            },
            {
                "id": "61567533321767",
                "count": 0
            },
            {
                "id": "61569586134938",
                "count": 0
            },
            {
                "id": "61560470755096",
                "count": 0
            },
            {
                "id": "61559104836021",
                "count": 0
            },
            {
                "id": "61573718104564",
                "count": 0
            },
            {
                "id": "61559131156856",
                "count": 0
            },
            {
                "id": "100004142413528",
                "count": 0
            },
            {
                "id": "61572896502420",
                "count": 0
            },
            {
                "id": "61573822851168",
                "count": 0
            },
            {
                "id": "61574041526619",
                "count": 0
            },
            {
                "id": "61574070238611",
                "count": 0
            },
            {
                "id": "100079165308274",
                "count": 0
            },
            {
                "id": "61571821370693",
                "count": 0
            },
            {
                "id": "61567829597314",
                "count": 0
            },
            {
                "id": "61571630683006",
                "count": 0
            },
            {
                "id": "100004375356398",
                "count": 0
            },
            {
                "id": "100002294657627",
                "count": 0
            },
            {
                "id": "61573955610004",
                "count": 0
            },
            {
                "id": "61573735094511",
                "count": 0
            },
            {
                "id": "100000462246632",
                "count": 0
            },
            {
                "id": "61574192842865",
                "count": 0
            },
            {
                "id": "61571282747465",
                "count": 0
            },
            {
                "id": "100000271383071",
                "count": 0
            },
            {
                "id": "100002514163694",
                "count": 0
            },
            {
                "id": "61573812275901",
                "count": 0
            },
            {
                "id": "100085317660711",
                "count": 0
            },
            {
                "id": "61571354030369",
                "count": 0
            },
            {
                "id": "100068446932744",
                "count": 0
            },
            {
                "id": "100090068132401",
                "count": 0
            },
            {
                "id": "61574094988169",
                "count": 0
            },
            {
                "id": "100082550240081",
                "count": 0
            },
            {
                "id": "100025508477897",
                "count": 0
            },
            {
                "id": "100004802040004",
                "count": 0
            },
            {
                "id": "61573859860171",
                "count": 0
            },
            {
                "id": "61563493975933",
                "count": 0
            },
            {
                "id": "61573767972860",
                "count": 0
            },
            {
                "id": "61561004049824",
                "count": 0
            },
            {
                "id": "100094434542022",
                "count": 0
            },
            {
                "id": "61573922166659",
                "count": 0
            },
            {
                "id": "61573609094740",
                "count": 0
            },
            {
                "id": "61574209130699",
                "count": 0
            },
            {
                "id": "61573647969842",
                "count": 0
            },
            {
                "id": "61559438704529",
                "count": 0
            },
            {
                "id": "100054047529649",
                "count": 0
            },
            {
                "id": "61573549014752",
                "count": 0
            },
            {
                "id": "100005335906850",
                "count": 0
            },
            {
                "id": "61574152254699",
                "count": 0
            },
            {
                "id": "100008101631165",
                "count": 0
            },
            {
                "id": "61574006910845",
                "count": 0
            },
            {
                "id": "61568219285214",
                "count": 0
            },
            {
                "id": "61573592385914",
                "count": 0
            }
        ],
        "week": [
            {
                "id": "61552148532315",
                "count": 0
            },
            {
                "id": "61559690097791",
                "count": 0
            },
            {
                "id": "61564391514177",
                "count": 0
            },
            {
                "id": "61573571233752",
                "count": 0
            },
            {
                "id": "61573611253200",
                "count": 0
            },
            {
                "id": "61573812531548",
                "count": 0
            },
            {
                "id": "61573837768508",
                "count": 0
            },
            {
                "id": "61573900017578",
                "count": 0
            },
            {
                "id": "100048982846585",
                "count": 0
            },
            {
                "id": "100001292035064",
                "count": 0
            },
            {
                "id": "100092085960831",
                "count": 0
            },
            {
                "id": "61574024540533",
                "count": 0
            },
            {
                "id": "61573560913384",
                "count": 0
            },
            {
                "id": "61573862270669",
                "count": 0
            },
            {
                "id": "61573577894016",
                "count": 0
            },
            {
                "id": "61573728273475",
                "count": 0
            },
            {
                "id": "61559497499677",
                "count": 0
            },
            {
                "id": "61561937157236",
                "count": 0
            },
            {
                "id": "61572617891963",
                "count": 0
            },
            {
                "id": "61569839435648",
                "count": 0
            },
            {
                "id": "61557601260164",
                "count": 0
            },
            {
                "id": "61572691371949",
                "count": 0
            },
            {
                "id": "61566844096953",
                "count": 0
            },
            {
                "id": "61570281180773",
                "count": 0
            },
            {
                "id": "61568389292002",
                "count": 0
            },
            {
                "id": "61573516483408",
                "count": 0
            },
            {
                "id": "61561060193716",
                "count": 0
            },
            {
                "id": "61559563243611",
                "count": 0
            },
            {
                "id": "61573722242233",
                "count": 0
            },
            {
                "id": "100093442343675",
                "count": 0
            },
            {
                "id": "61572460086930",
                "count": 0
            },
            {
                "id": "61572882214374",
                "count": 0
            },
            {
                "id": "100014581150066",
                "count": 0
            },
            {
                "id": "61550049507225",
                "count": 0
            },
            {
                "id": "61573379452256",
                "count": 0
            },
            {
                "id": "61573930222093",
                "count": 0
            },
            {
                "id": "61561134209003",
                "count": 0
            },
            {
                "id": "61573736643375",
                "count": 0
            },
            {
                "id": "61573472566696",
                "count": 0
            },
            {
                "id": "61572911873955",
                "count": 0
            },
            {
                "id": "100011730998580",
                "count": 0
            },
            {
                "id": "100081652204496",
                "count": 0
            },
            {
                "id": "61553831397073",
                "count": 0
            },
            {
                "id": "61573508894407",
                "count": 0
            },
            {
                "id": "61559424358452",
                "count": 0
            },
            {
                "id": "61566455293535",
                "count": 0
            },
            {
                "id": "61573325562562",
                "count": 0
            },
            {
                "id": "61572766221287",
                "count": 0
            },
            {
                "id": "100092560951771",
                "count": 0
            },
            {
                "id": "61569853347872",
                "count": 0
            },
            {
                "id": "61567925545958",
                "count": 0
            },
            {
                "id": "61573840431463",
                "count": 0
            },
            {
                "id": "100004316100940",
                "count": 0
            },
            {
                "id": "61573818931981",
                "count": 0
            },
            {
                "id": "100004842968378",
                "count": 0
            },
            {
                "id": "61571791834910",
                "count": 0
            },
            {
                "id": "100030311586223",
                "count": 0
            },
            {
                "id": "61573550499291",
                "count": 0
            },
            {
                "id": "61572804631041",
                "count": 0
            },
            {
                "id": "61572416741729",
                "count": 0
            },
            {
                "id": "100074505790569",
                "count": 0
            },
            {
                "id": "61563888001789",
                "count": 0
            },
            {
                "id": "61572997007731",
                "count": 0
            },
            {
                "id": "100091307446702",
                "count": 0
            },
            {
                "id": "61570290091477",
                "count": 0
            },
            {
                "id": "61573484137350",
                "count": 0
            },
            {
                "id": "100003627771344",
                "count": 0
            },
            {
                "id": "61573712164707",
                "count": 0
            },
            {
                "id": "61568301481367",
                "count": 0
            },
            {
                "id": "100090282378847",
                "count": 0
            },
            {
                "id": "61573889755984",
                "count": 0
            },
            {
                "id": "61572140202920",
                "count": 0
            },
            {
                "id": "61557368485434",
                "count": 0
            },
            {
                "id": "61568313373770",
                "count": 0
            },
            {
                "id": "61572374528461",
                "count": 0
            },
            {
                "id": "61573906257603",
                "count": 0
            },
            {
                "id": "61573654386121",
                "count": 0
            },
            {
                "id": "61553770684743",
                "count": 0
            },
            {
                "id": "61573860719716",
                "count": 0
            },
            {
                "id": "61573844283156",
                "count": 0
            },
            {
                "id": "61566031753134",
                "count": 0
            },
            {
                "id": "61573331391538",
                "count": 0
            },
            {
                "id": "100093932478812",
                "count": 0
            },
            {
                "id": "61573648208565",
                "count": 0
            },
            {
                "id": "61570631626344",
                "count": 0
            },
            {
                "id": "61557360522410",
                "count": 0
            },
            {
                "id": "100013940223896",
                "count": 0
            },
            {
                "id": "61570703502916",
                "count": 0
            },
            {
                "id": "100003532127581",
                "count": 0
            },
            {
                "id": "61573991451998",
                "count": 0
            },
            {
                "id": "61573762146631",
                "count": 0
            },
            {
                "id": "100007836526184",
                "count": 0
            },
            {
                "id": "100000653433378",
                "count": 0
            },
            {
                "id": "61571499525425",
                "count": 0
            },
            {
                "id": "61573494041964",
                "count": 0
            },
            {
                "id": "100028593907187",
                "count": 0
            },
            {
                "id": "100089299174917",
                "count": 0
            },
            {
                "id": "61571382785526",
                "count": 0
            },
            {
                "id": "100080422912667",
                "count": 0
            },
            {
                "id": "61562885711242",
                "count": 0
            },
            {
                "id": "61572927983503",
                "count": 0
            },
            {
                "id": "61550853005450",
                "count": 0
            },
            {
                "id": "100005396597155",
                "count": 0
            },
            {
                "id": "61574059341605",
                "count": 0
            },
            {
                "id": "61573483084953",
                "count": 0
            },
            {
                "id": "61574016625165",
                "count": 0
            },
            {
                "id": "61573878273699",
                "count": 0
            },
            {
                "id": "100094209936267",
                "count": 0
            },
            {
                "id": "100094094199945",
                "count": 0
            },
            {
                "id": "100000595230419",
                "count": 0
            },
            {
                "id": "100006009346617",
                "count": 0
            },
            {
                "id": "100000973480501",
                "count": 0
            },
            {
                "id": "61573683988158",
                "count": 0
            },
            {
                "id": "61572053468155",
                "count": 0
            },
            {
                "id": "100005514885702",
                "count": 0
            },
            {
                "id": "61559233054702",
                "count": 0
            },
            {
                "id": "100024588097804",
                "count": 0
            },
            {
                "id": "61573780658671",
                "count": 0
            },
            {
                "id": "61573642388668",
                "count": 0
            },
            {
                "id": "61573777623188",
                "count": 0
            },
            {
                "id": "61573563856915",
                "count": 0
            },
            {
                "id": "61573348146414",
                "count": 0
            },
            {
                "id": "61569409820934",
                "count": 0
            },
            {
                "id": "61550670055202",
                "count": 0
            },
            {
                "id": "61573515249279",
                "count": 0
            },
            {
                "id": "61573712854709",
                "count": 0
            },
            {
                "id": "61573292516016",
                "count": 0
            },
            {
                "id": "61574133200166",
                "count": 0
            },
            {
                "id": "61573976579666",
                "count": 0
            },
            {
                "id": "61561317852269",
                "count": 0
            },
            {
                "id": "61573569782145",
                "count": 0
            },
            {
                "id": "61572980556321",
                "count": 0
            },
            {
                "id": "100000601963973",
                "count": 0
            },
            {
                "id": "100043699907738",
                "count": 0
            },
            {
                "id": "61573724972455",
                "count": 0
            },
            {
                "id": "61565931981764",
                "count": 0
            },
            {
                "id": "61553370418389",
                "count": 0
            },
            {
                "id": "61561335392561",
                "count": 0
            },
            {
                "id": "61573838288146",
                "count": 0
            },
            {
                "id": "61571061207868",
                "count": 0
            },
            {
                "id": "61573342088104",
                "count": 0
            },
            {
                "id": "100002884398544",
                "count": 0
            },
            {
                "id": "100004242434996",
                "count": 0
            },
            {
                "id": "61571044544675",
                "count": 0
            },
            {
                "id": "61573168966175",
                "count": 0
            },
            {
                "id": "61573503437309",
                "count": 0
            },
            {
                "id": "100002506698251",
                "count": 0
            },
            {
                "id": "61573461693229",
                "count": 0
            },
            {
                "id": "100000962828776",
                "count": 0
            },
            {
                "id": "61574068047663",
                "count": 0
            },
            {
                "id": "61571925701382",
                "count": 0
            },
            {
                "id": "61558565214502",
                "count": 0
            },
            {
                "id": "100000338016091",
                "count": 0
            },
            {
                "id": "61573821550450",
                "count": 0
            },
            {
                "id": "100023861407403",
                "count": 0
            },
            {
                "id": "61573990976908",
                "count": 0
            },
            {
                "id": "100003798743017",
                "count": 0
            },
            {
                "id": "61573688777087",
                "count": 0
            },
            {
                "id": "61574077011857",
                "count": 0
            },
            {
                "id": "61573666782015",
                "count": 0
            },
            {
                "id": "100003099664858",
                "count": 0
            },
            {
                "id": "61573804503743",
                "count": 0
            },
            {
                "id": "100022317603722",
                "count": 0
            },
            {
                "id": "100094425919145",
                "count": 0
            },
            {
                "id": "61552094592990",
                "count": 0
            },
            {
                "id": "61572823977977",
                "count": 0
            },
            {
                "id": "100003047286816",
                "count": 0
            },
            {
                "id": "61572736709988",
                "count": 0
            },
            {
                "id": "61573788642020",
                "count": 0
            },
            {
                "id": "61571625628687",
                "count": 0
            },
            {
                "id": "61573495487536",
                "count": 0
            },
            {
                "id": "61573134820283",
                "count": 0
            },
            {
                "id": "61574050436833",
                "count": 0
            },
            {
                "id": "100021212135796",
                "count": 0
            },
            {
                "id": "61573610681410",
                "count": 0
            },
            {
                "id": "61573886396879",
                "count": 0
            },
            {
                "id": "100004292324061",
                "count": 0
            },
            {
                "id": "61573487476994",
                "count": 0
            },
            {
                "id": "100007042398394",
                "count": 0
            },
            {
                "id": "61572523201515",
                "count": 0
            },
            {
                "id": "61571027214825",
                "count": 0
            },
            {
                "id": "61573834564505",
                "count": 0
            },
            {
                "id": "61573763403614",
                "count": 0
            },
            {
                "id": "61564964218341",
                "count": 0
            },
            {
                "id": "61567533321767",
                "count": 0
            },
            {
                "id": "61569586134938",
                "count": 0
            },
            {
                "id": "61560470755096",
                "count": 0
            },
            {
                "id": "61559104836021",
                "count": 0
            },
            {
                "id": "61573718104564",
                "count": 0
            },
            {
                "id": "61559131156856",
                "count": 0
            },
            {
                "id": "100004142413528",
                "count": 0
            },
            {
                "id": "61572896502420",
                "count": 0
            },
            {
                "id": "61573822851168",
                "count": 0
            },
            {
                "id": "61574041526619",
                "count": 0
            },
            {
                "id": "61574070238611",
                "count": 0
            },
            {
                "id": "100079165308274",
                "count": 0
            },
            {
                "id": "61571821370693",
                "count": 0
            },
            {
                "id": "61567829597314",
                "count": 0
            },
            {
                "id": "61571630683006",
                "count": 0
            },
            {
                "id": "100004375356398",
                "count": 0
            },
            {
                "id": "100002294657627",
                "count": 0
            },
            {
                "id": "61573955610004",
                "count": 0
            },
            {
                "id": "61573735094511",
                "count": 0
            },
            {
                "id": "100000462246632",
                "count": 0
            },
            {
                "id": "61574192842865",
                "count": 0
            },
            {
                "id": "61571282747465",
                "count": 0
            },
            {
                "id": "100000271383071",
                "count": 0
            },
            {
                "id": "100002514163694",
                "count": 0
            },
            {
                "id": "61573812275901",
                "count": 0
            },
            {
                "id": "100085317660711",
                "count": 0
            },
            {
                "id": "61571354030369",
                "count": 0
            },
            {
                "id": "100068446932744",
                "count": 0
            },
            {
                "id": "100090068132401",
                "count": 0
            },
            {
                "id": "61574094988169",
                "count": 0
            },
            {
                "id": "100082550240081",
                "count": 0
            },
            {
                "id": "100025508477897",
                "count": 0
            },
            {
                "id": "100004802040004",
                "count": 0
            },
            {
                "id": "61573859860171",
                "count": 0
            },
            {
                "id": "61563493975933",
                "count": 0
            },
            {
                "id": "61573767972860",
                "count": 0
            },
            {
                "id": "61561004049824",
                "count": 0
            },
            {
                "id": "100094434542022",
                "count": 0
            },
            {
                "id": "61573922166659",
                "count": 0
            },
            {
                "id": "61573609094740",
                "count": 0
            },
            {
                "id": "61574209130699",
                "count": 0
            },
            {
                "id": "61573647969842",
                "count": 0
            },
            {
                "id": "61559438704529",
                "count": 0
            },
            {
                "id": "100054047529649",
                "count": 0
            },
            {
                "id": "61573549014752",
                "count": 0
            },
            {
                "id": "100005335906850",
                "count": 0
            },
            {
                "id": "61574152254699",
                "count": 0
            },
            {
                "id": "100008101631165",
                "count": 0
            },
            {
                "id": "61574006910845",
                "count": 0
            },
            {
                "id": "61568219285214",
                "count": 0
            },
            {
                "id": "61573592385914",
                "count": 0
            }
        ]
    }
}