{
    "total": [
        {
            "id": "61558704265955",
            "count": 0
        },
        {
            "id": "61573201553302",
            "count": 0
        },
        {
            "id": "61570862527176",
            "count": 0
        },
        {
            "id": "100004924187594",
            "count": 0
        },
        {
            "id": "100049326532221",
            "count": 0
        },
        {
            "id": "61555671868915",
            "count": 0
        },
        {
            "id": "61553624631919",
            "count": 0
        },
        {
            "id": "61569875164385",
            "count": 0
        },
        {
            "id": "61571534683988",
            "count": 0
        },
        {
            "id": "61562886031089",
            "count": 0
        },
        {
            "id": "61551900723389",
            "count": 0
        },
        {
            "id": "100085666955529",
            "count": 0
        },
        {
            "id": "61572792102415",
            "count": 0
        },
        {
            "id": "100091710202364",
            "count": 0
        },
        {
            "id": "61566337121356",
            "count": 0
        },
        {
            "id": "100084192500536",
            "count": 0
        },
        {
            "id": "61573016861500",
            "count": 0
        },
        {
            "id": "61573416864350",
            "count": 0
        },
        {
            "id": "61572723522328",
            "count": 0
        },
        {
            "id": "100093442343675",
            "count": 0
        },
        {
            "id": "61572889126681",
            "count": 0
        },
        {
            "id": "61573068724815",
            "count": 0
        },
        {
            "id": "61572701103298",
            "count": 0
        },
        {
            "id": "100090580113154",
            "count": 0
        },
        {
            "id": "100087379663850",
            "count": 0
        },
        {
            "id": "61572974740732",
            "count": 0
        },
        {
            "id": "100074717033375",
            "count": 0
        },
        {
            "id": "61572617891963",
            "count": 0
        },
        {
            "id": "61572701558746",
            "count": 0
        },
        {
            "id": "61572303728083",
            "count": 0
        },
        {
            "id": "100005459685295",
            "count": 0
        },
        {
            "id": "100007680794780",
            "count": 0
        },
        {
            "id": "100055814300616",
            "count": 0
        },
        {
            "id": "100003010961706",
            "count": 0
        },
        {
            "id": "61555912452845",
            "count": 0
        },
        {
            "id": "61573429072634",
            "count": 0
        },
        {
            "id": "61573404150476",
            "count": 0
        },
        {
            "id": "61572642020647",
            "count": 0
        },
        {
            "id": "100004097349023",
            "count": 0
        },
        {
            "id": "61573639051354",
            "count": 0
        },
        {
            "id": "61573102081752",
            "count": 0
        },
        {
            "id": "61573558680778",
            "count": 0
        },
        {
            "id": "61573434697243",
            "count": 0
        },
        {
            "id": "61573596212054",
            "count": 0
        },
        {
            "id": "61573394683669",
            "count": 0
        },
        {
            "id": "61573400055349",
            "count": 0
        },
        {
            "id": "61573373335565",
            "count": 0
        },
        {
            "id": "100003272598601",
            "count": 0
        },
        {
            "id": "61573549014752",
            "count": 0
        },
        {
            "id": "100026244009179",
            "count": 0
        },
        {
            "id": "61562408587729",
            "count": 0
        },
        {
            "id": "61572984185009",
            "count": 0
        },
        {
            "id": "61573799008249",
            "count": 0
        },
        {
            "id": "61571160765784",
            "count": 0
        },
        {
            "id": "100003532127581",
            "count": 0
        },
        {
            "id": "61573277657669",
            "count": 0
        },
        {
            "id": "100004714873206",
            "count": 0
        },
        {
            "id": "61573702954807",
            "count": 0
        },
        {
            "id": "61566031753134",
            "count": 0
        },
        {
            "id": "100000430584776",
            "count": 0
        },
        {
            "id": "61573137209976",
            "count": 0
        },
        {
            "id": "100002404624756",
            "count": 0
        },
        {
            "id": "61573972193774",
            "count": 0
        },
        {
            "id": "61573647969842",
            "count": 0
        },
        {
            "id": "61573830840989",
            "count": 0
        },
        {
            "id": "100002514163694",
            "count": 0
        },
        {
            "id": "100002053380446",
            "count": 0
        },
        {
            "id": "61566794587338",
            "count": 0
        },
        {
            "id": "61573793372866",
            "count": 0
        },
        {
            "id": "100088488834383",
            "count": 0
        },
        {
            "id": "61573867557333",
            "count": 0
        },
        {
            "id": "61573777054546",
            "count": 0
        },
        {
            "id": "61573748466935",
            "count": 0
        },
        {
            "id": "61573529145713",
            "count": 0
        },
        {
            "id": "100004208084291",
            "count": 8
        },
        {
            "id": "61573804503743",
            "count": 10
        },
        {
            "id": "61573565296002",
            "count": 0
        },
        {
            "id": "61573867048528",
            "count": 0
        },
        {
            "id": "61573659100790",
            "count": 0
        },
        {
            "id": "61573732417461",
            "count": 0
        },
        {
            "id": "61573916759463",
            "count": 0
        },
        {
            "id": "61573686251419",
            "count": 0
        },
        {
            "id": "61573622383814",
            "count": 0
        },
        {
            "id": "61573521617524",
            "count": 82
        },
        {
            "id": "61573592385914",
            "count": 0
        },
        {
            "id": "61573812275901",
            "count": 70
        },
        {
            "id": "61573512192946",
            "count": 4
        }
    ],
    "week": [
        {
            "id": "61558704265955",
            "count": 0
        },
        {
            "id": "61573201553302",
            "count": 0
        },
        {
            "id": "61570862527176",
            "count": 0
        },
        {
            "id": "100004924187594",
            "count": 0
        },
        {
            "id": "100049326532221",
            "count": 0
        },
        {
            "id": "61555671868915",
            "count": 0
        },
        {
            "id": "61553624631919",
            "count": 0
        },
        {
            "id": "61569875164385",
            "count": 0
        },
        {
            "id": "61571534683988",
            "count": 0
        },
        {
            "id": "61562886031089",
            "count": 0
        },
        {
            "id": "61551900723389",
            "count": 0
        },
        {
            "id": "100085666955529",
            "count": 0
        },
        {
            "id": "61572792102415",
            "count": 0
        },
        {
            "id": "100091710202364",
            "count": 0
        },
        {
            "id": "61566337121356",
            "count": 0
        },
        {
            "id": "100084192500536",
            "count": 0
        },
        {
            "id": "61573016861500",
            "count": 0
        },
        {
            "id": "61573416864350",
            "count": 0
        },
        {
            "id": "61572723522328",
            "count": 0
        },
        {
            "id": "100093442343675",
            "count": 0
        },
        {
            "id": "61572889126681",
            "count": 0
        },
        {
            "id": "61573068724815",
            "count": 0
        },
        {
            "id": "61572701103298",
            "count": 0
        },
        {
            "id": "100090580113154",
            "count": 0
        },
        {
            "id": "100087379663850",
            "count": 0
        },
        {
            "id": "61572974740732",
            "count": 0
        },
        {
            "id": "100074717033375",
            "count": 0
        },
        {
            "id": "61572617891963",
            "count": 0
        },
        {
            "id": "61572701558746",
            "count": 0
        },
        {
            "id": "61572303728083",
            "count": 0
        },
        {
            "id": "100005459685295",
            "count": 0
        },
        {
            "id": "100007680794780",
            "count": 0
        },
        {
            "id": "100055814300616",
            "count": 0
        },
        {
            "id": "100003010961706",
            "count": 0
        },
        {
            "id": "61555912452845",
            "count": 0
        },
        {
            "id": "61573429072634",
            "count": 0
        },
        {
            "id": "61573404150476",
            "count": 0
        },
        {
            "id": "61572642020647",
            "count": 0
        },
        {
            "id": "100004097349023",
            "count": 0
        },
        {
            "id": "61573639051354",
            "count": 0
        },
        {
            "id": "61573102081752",
            "count": 0
        },
        {
            "id": "61573558680778",
            "count": 0
        },
        {
            "id": "61573434697243",
            "count": 0
        },
        {
            "id": "61573596212054",
            "count": 0
        },
        {
            "id": "61573394683669",
            "count": 0
        },
        {
            "id": "61573400055349",
            "count": 0
        },
        {
            "id": "61573373335565",
            "count": 0
        },
        {
            "id": "100003272598601",
            "count": 0
        },
        {
            "id": "61573549014752",
            "count": 0
        },
        {
            "id": "100026244009179",
            "count": 0
        },
        {
            "id": "61562408587729",
            "count": 0
        },
        {
            "id": "61572984185009",
            "count": 0
        },
        {
            "id": "61573799008249",
            "count": 0
        },
        {
            "id": "61571160765784",
            "count": 0
        },
        {
            "id": "100003532127581",
            "count": 0
        },
        {
            "id": "61573277657669",
            "count": 0
        },
        {
            "id": "100004714873206",
            "count": 0
        },
        {
            "id": "61573702954807",
            "count": 0
        },
        {
            "id": "61566031753134",
            "count": 0
        },
        {
            "id": "100000430584776",
            "count": 0
        },
        {
            "id": "61573137209976",
            "count": 0
        },
        {
            "id": "100002404624756",
            "count": 0
        },
        {
            "id": "61573972193774",
            "count": 0
        },
        {
            "id": "61573647969842",
            "count": 0
        },
        {
            "id": "61573830840989",
            "count": 0
        },
        {
            "id": "100002514163694",
            "count": 0
        },
        {
            "id": "100002053380446",
            "count": 0
        },
        {
            "id": "61566794587338",
            "count": 0
        },
        {
            "id": "61573793372866",
            "count": 0
        },
        {
            "id": "100088488834383",
            "count": 0
        },
        {
            "id": "61573867557333",
            "count": 0
        },
        {
            "id": "61573777054546",
            "count": 0
        },
        {
            "id": "61573748466935",
            "count": 0
        },
        {
            "id": "61573529145713",
            "count": 0
        },
        {
            "id": "100004208084291",
            "count": 8
        },
        {
            "id": "61573804503743",
            "count": 10
        },
        {
            "id": "61573565296002",
            "count": 0
        },
        {
            "id": "61573867048528",
            "count": 0
        },
        {
            "id": "61573659100790",
            "count": 0
        },
        {
            "id": "61573732417461",
            "count": 0
        },
        {
            "id": "61573916759463",
            "count": 0
        },
        {
            "id": "61573686251419",
            "count": 0
        },
        {
            "id": "61573622383814",
            "count": 0
        },
        {
            "id": "61573521617524",
            "count": 82
        },
        {
            "id": "61573592385914",
            "count": 0
        },
        {
            "id": "61573812275901",
            "count": 70
        },
        {
            "id": "61573512192946",
            "count": 4
        }
    ],
    "day": [
        {
            "id": "61558704265955",
            "count": 0,
            "name": "命ටි Šïmø命 ꜝꜝく【図"
        },
        {
            "id": "61573201553302",
            "count": 0,
            "name": "Người dùng facebook"
        },
        {
            "id": "61570862527176",
            "count": 0,
            "name": "Người dùng facebook"
        },
        {
            "id": "100004924187594",
            "count": 0,
            "name": "هہٰيما ۦٰ٭ۦٰ"
        },
        {
            "id": "100049326532221",
            "count": 0,
            "name": "معٱڪ-جمهڕية-خݪيݪ- دفلاوي-تعوي-نڪلڰ-سوتعمڪ ڪعب"
        },
        {
            "id": "61555671868915",
            "count": 0,
            "name": "CHikorkom Moh Whrani Ane"
        },
        {
            "id": "61553624631919",
            "count": 0,
            "name": "وحشةة مرووڪيةة دينمڪ"
        },
        {
            "id": "61569875164385",
            "count": 0,
            "name": "Người dùng facebook"
        },
        {
            "id": "61571534683988",
            "count": 0,
            "name": "ꕥヾ. REDWANE ꜝ仒"
        },
        {
            "id": "61562886031089",
            "count": 0,
            "name": "ﭑﺂٕݪبۧٱﺂݛۢۅٚڼ ۦٰ۪ﮧۧۦ"
        },
        {
            "id": "61551900723389",
            "count": 0,
            "name": "Người dùng facebook"
        },
        {
            "id": "100085666955529",
            "count": 0,
            "name": "   souhaib Jr🦢🪼🪽🫎󱢏"
        },
        {
            "id": "61572792102415",
            "count": 0,
            "name": "Người dùng facebook"
        },
        {
            "id": "100091710202364",
            "count": 0,
            "name": "X-Møh Q. Mdayni"
        },
        {
            "id": "61566337121356",
            "count": 0,
            "name": "Ayoub El"
        },
        {
            "id": "100084192500536",
            "count": 0,
            "name": "Người dùng facebook"
        },
        {
            "id": "61573016861500",
            "count": 0,
            "name": "ꪶʌꪶ拿ニ ȡσυȡσυ ニ『仒』"
        },
        {
            "id": "61573416864350",
            "count": 0,
            "name": "Người dùng facebook"
        },
        {
            "id": "61572723522328",
            "count": 0,
            "name": "Người dùng facebook"
        },
        {
            "id": "100093442343675",
            "count": 0,
            "name": "やꜝɯaro 〼ϰɭā.ꜛ"
        },
        {
            "id": "61572889126681",
            "count": 0,
            "name": "Người dùng facebook"
        },
        {
            "id": "61573068724815",
            "count": 0,
            "name": "Người dùng facebook"
        },
        {
            "id": "61572701103298",
            "count": 0,
            "name": "Người dùng facebook"
        },
        {
            "id": "100090580113154",
            "count": 0,
            "name": "Ami Nø"
        },
        {
            "id": "100087379663850",
            "count": 0,
            "name": "Mohamed Bl"
        },
        {
            "id": "61572974740732",
            "count": 0,
            "name": "Người dùng facebook"
        },
        {
            "id": "100074717033375",
            "count": 0,
            "name": "ᏚᎥ ᎷᏫ"
        },
        {
            "id": "61572617891963",
            "count": 0,
            "name": "Justcallme X. Malak"
        },
        {
            "id": "61572701558746",
            "count": 0,
            "name": "Người dùng facebook"
        },
        {
            "id": "61572303728083",
            "count": 0,
            "name": "Người dùng facebook"
        },
        {
            "id": "100005459685295",
            "count": 0,
            "name": "Người dùng facebook"
        },
        {
            "id": "100007680794780",
            "count": 0,
            "name": "ひ꯭遊. ΑყσυႦ くxɇ.ꜝ谷"
        },
        {
            "id": "100055814300616",
            "count": 0,
            "name": "Người dùng facebook"
        },
        {
            "id": "100003010961706",
            "count": 0,
            "name": "Người dùng facebook"
        },
        {
            "id": "61555912452845",
            "count": 0,
            "name": "You Cef"
        },
        {
            "id": "61573429072634",
            "count": 0,
            "name": "Người dùng facebook"
        },
        {
            "id": "61573404150476",
            "count": 0,
            "name": "命М. Αвɒυσ ヾꜝ.ቶ〔圖"
        },
        {
            "id": "61572642020647",
            "count": 0,
            "name": "ꕥヾ Milane ぐ〘ՁՕՁち〙"
        },
        {
            "id": "100004097349023",
            "count": 0,
            "name": "ﹾ٭ﹾ مہٰٖافہٰٖيةۦ بہٰٖوسہٰٖعاديۦٰﹾ٭"
        },
        {
            "id": "61573639051354",
            "count": 0,
            "name": "Người dùng facebook"
        },
        {
            "id": "61573102081752",
            "count": 0,
            "name": "Người dùng facebook"
        },
        {
            "id": "61573558680778",
            "count": 0,
            "name": "Người dùng facebook"
        },
        {
            "id": "61573434697243",
            "count": 0,
            "name": "Người dùng facebook"
        },
        {
            "id": "61573596212054",
            "count": 0,
            "name": "Người dùng facebook"
        },
        {
            "id": "61573394683669",
            "count": 0,
            "name": "Người dùng facebook"
        },
        {
            "id": "61573400055349",
            "count": 0,
            "name": "Người dùng facebook"
        },
        {
            "id": "61573373335565",
            "count": 0,
            "name": "彡『O』OUS AMA ꔮぐ囚﹆"
        },
        {
            "id": "100003272598601",
            "count": 0,
            "name": "Người dùng facebook"
        },
        {
            "id": "61573549014752",
            "count": 0,
            "name": "اسامة تيبازي"
        },
        {
            "id": "100026244009179",
            "count": 0,
            "name": "Người dùng facebook"
        },
        {
            "id": "61562408587729",
            "count": 0,
            "name": "Người dùng facebook"
        },
        {
            "id": "61572984185009",
            "count": 0,
            "name": "Người dùng facebook"
        },
        {
            "id": "61573799008249",
            "count": 0,
            "name": "Người dùng facebook"
        },
        {
            "id": "61571160765784",
            "count": 0,
            "name": "X- Ⴝiოσ ぐ〖ՅՅՅ豪〗"
        },
        {
            "id": "100003532127581",
            "count": 0,
            "name": "一 ᏂᎥፈᏂᏋᎷ ː-Ꮗ T.T　o.O"
        },
        {
            "id": "61573277657669",
            "count": 0,
            "name": "Người dùng facebook"
        },
        {
            "id": "100004714873206",
            "count": 0,
            "name": "Người dùng facebook"
        },
        {
            "id": "61573702954807",
            "count": 0,
            "name": "وحش موح وهراني"
        },
        {
            "id": "61566031753134",
            "count": 0,
            "name": "ﷻمعٱڪ-جمهڕية-اكرم تعوي نڪلڰ-سوتعمڪ ڪعبﷻ"
        },
        {
            "id": "100000430584776",
            "count": 0,
            "name": "Rayan Rayan"
        },
        {
            "id": "61573137209976",
            "count": 0,
            "name": "ٱ.ڪ.م فارس ڪوشي نيڪسوتاعمڪ"
        },
        {
            "id": "100002404624756",
            "count": 0,
            "name": "Fares Mostik"
        },
        {
            "id": "61573972193774",
            "count": 0,
            "name": "Người dùng facebook"
        },
        {
            "id": "61573647969842",
            "count": 0,
            "name": "Gika Tom"
        },
        {
            "id": "61573830840989",
            "count": 0,
            "name": "Người dùng facebook"
        },
        {
            "id": "100002514163694",
            "count": 0,
            "name": "ﷻمعٱڪ-جمهڕية-ٱدم-ݪعبٱسي تعوي-نڪݪڪ-سوتعمڪ ڪعبﷻ"
        },
        {
            "id": "100002053380446",
            "count": 0,
            "name": "عپدو- ﭑݪبليديۦ ۦۧۦ،ٰۧۦ،ٰۧۦۦ؍ﹻٛﹻۧﹻﮱۦۦﮩﮩ"
        },
        {
            "id": "61566794587338",
            "count": 0,
            "name": "ٱٱ.ڪ.م رب-تشريد- ادم-لعباسي ٱٱ-نڪمڪ-رڪوع"
        },
        {
            "id": "61573793372866",
            "count": 0,
            "name": "Người dùng facebook"
        },
        {
            "id": "100088488834383",
            "count": 0,
            "name": "ٱٱ.ڪ.م رب-تشريد- ادم-لعباسي ٱٱ-نڪمڪ-رڪوع"
        },
        {
            "id": "61573867557333",
            "count": 0,
            "name": "Người dùng facebook"
        },
        {
            "id": "61573777054546",
            "count": 0,
            "name": "Người dùng facebook"
        },
        {
            "id": "61573748466935",
            "count": 0,
            "name": "Adam Abbasy"
        },
        {
            "id": "61573529145713",
            "count": 0,
            "name": "Người dùng facebook"
        },
        {
            "id": "100004208084291",
            "count": 0,
            "name": "ꜝャ S"
        },
        {
            "id": "61573804503743",
            "count": 0,
            "name": "ꜝ　٭　 ぬ 一︒ABDOU.EXE"
        },
        {
            "id": "61573565296002",
            "count": 0,
            "name": "Người dùng facebook"
        },
        {
            "id": "61573867048528",
            "count": 0,
            "name": "Oussama Tipazi"
        },
        {
            "id": "61573659100790",
            "count": 0,
            "name": "اسامة ڪيوت"
        },
        {
            "id": "61573732417461",
            "count": 0,
            "name": "ٱٱ.ڪ.م رب-تشريد- اسامة-تيبازي- ٱٱ-نڪمڪ-رڪوع"
        },
        {
            "id": "61573916759463",
            "count": 0,
            "name": "تيبازي هربڪ"
        },
        {
            "id": "61573686251419",
            "count": 0,
            "name": "Người dùng facebook"
        },
        {
            "id": "61573622383814",
            "count": 0,
            "name": "Người dùng facebook"
        },
        {
            "id": "61573521617524",
            "count": 0,
            "name": "عپدو ﭑݪبليديۦ ۦۧۦ،ٰۧۦ"
        },
        {
            "id": "61573592385914",
            "count": 0,
            "name": "شيڪور سسسسسسسسسسسسسسسوتاعموك"
        },
        {
            "id": "61573812275901",
            "count": 0,
            "name": "كلبكم موح وهراني"
        },
        {
            "id": "61573512192946",
            "count": 0,
            "name": "وحش موح وهراني"
        }
    ],
    "time": 3,
    "last": {
        "time": 5,
        "day": [
            {
                "id": "61558704265955",
                "count": 0
            },
            {
                "id": "61573201553302",
                "count": 0
            },
            {
                "id": "61570862527176",
                "count": 0
            },
            {
                "id": "100004924187594",
                "count": 0
            },
            {
                "id": "100049326532221",
                "count": 0
            },
            {
                "id": "61555671868915",
                "count": 0
            },
            {
                "id": "61553624631919",
                "count": 0
            },
            {
                "id": "61569875164385",
                "count": 0
            },
            {
                "id": "61571534683988",
                "count": 0
            },
            {
                "id": "61562886031089",
                "count": 0
            },
            {
                "id": "61551900723389",
                "count": 0
            },
            {
                "id": "100085666955529",
                "count": 0
            },
            {
                "id": "61572792102415",
                "count": 0
            },
            {
                "id": "100091710202364",
                "count": 0
            },
            {
                "id": "61566337121356",
                "count": 0
            },
            {
                "id": "100084192500536",
                "count": 0
            },
            {
                "id": "61573016861500",
                "count": 0
            },
            {
                "id": "61573416864350",
                "count": 0
            },
            {
                "id": "61572723522328",
                "count": 0
            },
            {
                "id": "100093442343675",
                "count": 0
            },
            {
                "id": "61572889126681",
                "count": 0
            },
            {
                "id": "61573068724815",
                "count": 0
            },
            {
                "id": "61572701103298",
                "count": 0
            },
            {
                "id": "100090580113154",
                "count": 0
            },
            {
                "id": "100087379663850",
                "count": 0
            },
            {
                "id": "61572974740732",
                "count": 0
            },
            {
                "id": "100074717033375",
                "count": 0
            },
            {
                "id": "61572617891963",
                "count": 0
            },
            {
                "id": "61572701558746",
                "count": 0
            },
            {
                "id": "61572303728083",
                "count": 0
            },
            {
                "id": "100005459685295",
                "count": 0
            },
            {
                "id": "100007680794780",
                "count": 0
            },
            {
                "id": "100055814300616",
                "count": 0
            },
            {
                "id": "100003010961706",
                "count": 0
            },
            {
                "id": "61555912452845",
                "count": 0
            },
            {
                "id": "61573429072634",
                "count": 0
            },
            {
                "id": "61573404150476",
                "count": 0
            },
            {
                "id": "61572642020647",
                "count": 0
            },
            {
                "id": "100004097349023",
                "count": 0
            },
            {
                "id": "61573639051354",
                "count": 0
            },
            {
                "id": "61573102081752",
                "count": 0
            },
            {
                "id": "61573558680778",
                "count": 0
            },
            {
                "id": "61573434697243",
                "count": 0
            },
            {
                "id": "61573596212054",
                "count": 0
            },
            {
                "id": "61573394683669",
                "count": 0
            },
            {
                "id": "61573400055349",
                "count": 0
            },
            {
                "id": "61573373335565",
                "count": 0
            },
            {
                "id": "100003272598601",
                "count": 0
            },
            {
                "id": "61573549014752",
                "count": 0
            },
            {
                "id": "100026244009179",
                "count": 0
            },
            {
                "id": "61562408587729",
                "count": 0
            },
            {
                "id": "61572984185009",
                "count": 0
            },
            {
                "id": "61573799008249",
                "count": 0
            },
            {
                "id": "61571160765784",
                "count": 0
            },
            {
                "id": "100003532127581",
                "count": 0
            },
            {
                "id": "61573277657669",
                "count": 0
            },
            {
                "id": "100004714873206",
                "count": 0
            },
            {
                "id": "61573702954807",
                "count": 0
            },
            {
                "id": "61566031753134",
                "count": 0
            },
            {
                "id": "100000430584776",
                "count": 0
            },
            {
                "id": "61573137209976",
                "count": 0
            },
            {
                "id": "100002404624756",
                "count": 0
            },
            {
                "id": "61573972193774",
                "count": 0
            },
            {
                "id": "61573647969842",
                "count": 0
            },
            {
                "id": "61573830840989",
                "count": 0
            },
            {
                "id": "100002514163694",
                "count": 0
            },
            {
                "id": "100002053380446",
                "count": 0
            },
            {
                "id": "61566794587338",
                "count": 0
            },
            {
                "id": "61573793372866",
                "count": 0
            },
            {
                "id": "100088488834383",
                "count": 0
            },
            {
                "id": "61573867557333",
                "count": 0
            },
            {
                "id": "61573777054546",
                "count": 0
            },
            {
                "id": "61573748466935",
                "count": 0
            },
            {
                "id": "61573529145713",
                "count": 0
            },
            {
                "id": "100004208084291",
                "count": 0
            },
            {
                "id": "61573804503743",
                "count": 0
            },
            {
                "id": "61573565296002",
                "count": 0
            },
            {
                "id": "61573867048528",
                "count": 0
            },
            {
                "id": "61573659100790",
                "count": 0
            },
            {
                "id": "61573732417461",
                "count": 0
            },
            {
                "id": "61573916759463",
                "count": 0
            },
            {
                "id": "61573686251419",
                "count": 0
            },
            {
                "id": "61573622383814",
                "count": 0
            },
            {
                "id": "61573521617524",
                "count": 0
            },
            {
                "id": "61573592385914",
                "count": 0
            },
            {
                "id": "61573812275901",
                "count": 0
            },
            {
                "id": "61573512192946",
                "count": 0
            }
        ],
        "week": [
            {
                "id": "61558704265955",
                "count": 0
            },
            {
                "id": "61573201553302",
                "count": 0
            },
            {
                "id": "61570862527176",
                "count": 0
            },
            {
                "id": "100004924187594",
                "count": 0
            },
            {
                "id": "100049326532221",
                "count": 0
            },
            {
                "id": "61555671868915",
                "count": 0
            },
            {
                "id": "61553624631919",
                "count": 0
            },
            {
                "id": "61569875164385",
                "count": 0
            },
            {
                "id": "61571534683988",
                "count": 0
            },
            {
                "id": "61562886031089",
                "count": 0
            },
            {
                "id": "61551900723389",
                "count": 0
            },
            {
                "id": "100085666955529",
                "count": 0
            },
            {
                "id": "61572792102415",
                "count": 0
            },
            {
                "id": "100091710202364",
                "count": 0
            },
            {
                "id": "61566337121356",
                "count": 0
            },
            {
                "id": "100084192500536",
                "count": 0
            },
            {
                "id": "61573016861500",
                "count": 0
            },
            {
                "id": "61573416864350",
                "count": 0
            },
            {
                "id": "61572723522328",
                "count": 0
            },
            {
                "id": "100093442343675",
                "count": 0
            },
            {
                "id": "61572889126681",
                "count": 0
            },
            {
                "id": "61573068724815",
                "count": 0
            },
            {
                "id": "61572701103298",
                "count": 0
            },
            {
                "id": "100090580113154",
                "count": 0
            },
            {
                "id": "100087379663850",
                "count": 0
            },
            {
                "id": "61572974740732",
                "count": 0
            },
            {
                "id": "100074717033375",
                "count": 0
            },
            {
                "id": "61572617891963",
                "count": 0
            },
            {
                "id": "61572701558746",
                "count": 0
            },
            {
                "id": "61572303728083",
                "count": 0
            },
            {
                "id": "100005459685295",
                "count": 0
            },
            {
                "id": "100007680794780",
                "count": 0
            },
            {
                "id": "100055814300616",
                "count": 0
            },
            {
                "id": "100003010961706",
                "count": 0
            },
            {
                "id": "61555912452845",
                "count": 0
            },
            {
                "id": "61573429072634",
                "count": 0
            },
            {
                "id": "61573404150476",
                "count": 0
            },
            {
                "id": "61572642020647",
                "count": 0
            },
            {
                "id": "100004097349023",
                "count": 0
            },
            {
                "id": "61573639051354",
                "count": 0
            },
            {
                "id": "61573102081752",
                "count": 0
            },
            {
                "id": "61573558680778",
                "count": 0
            },
            {
                "id": "61573434697243",
                "count": 0
            },
            {
                "id": "61573596212054",
                "count": 0
            },
            {
                "id": "61573394683669",
                "count": 0
            },
            {
                "id": "61573400055349",
                "count": 0
            },
            {
                "id": "61573373335565",
                "count": 0
            },
            {
                "id": "100003272598601",
                "count": 0
            },
            {
                "id": "61573549014752",
                "count": 0
            },
            {
                "id": "100026244009179",
                "count": 0
            },
            {
                "id": "61562408587729",
                "count": 0
            },
            {
                "id": "61572984185009",
                "count": 0
            },
            {
                "id": "61573799008249",
                "count": 0
            },
            {
                "id": "61571160765784",
                "count": 0
            },
            {
                "id": "100003532127581",
                "count": 0
            },
            {
                "id": "61573277657669",
                "count": 0
            },
            {
                "id": "100004714873206",
                "count": 0
            },
            {
                "id": "61573702954807",
                "count": 0
            },
            {
                "id": "61566031753134",
                "count": 0
            },
            {
                "id": "100000430584776",
                "count": 0
            },
            {
                "id": "61573137209976",
                "count": 0
            },
            {
                "id": "100002404624756",
                "count": 0
            },
            {
                "id": "61573972193774",
                "count": 0
            },
            {
                "id": "61573647969842",
                "count": 0
            },
            {
                "id": "61573830840989",
                "count": 0
            },
            {
                "id": "100002514163694",
                "count": 0
            },
            {
                "id": "100002053380446",
                "count": 0
            },
            {
                "id": "61566794587338",
                "count": 0
            },
            {
                "id": "61573793372866",
                "count": 0
            },
            {
                "id": "100088488834383",
                "count": 0
            },
            {
                "id": "61573867557333",
                "count": 0
            },
            {
                "id": "61573777054546",
                "count": 0
            },
            {
                "id": "61573748466935",
                "count": 0
            },
            {
                "id": "61573529145713",
                "count": 0
            },
            {
                "id": "100004208084291",
                "count": 0
            },
            {
                "id": "61573804503743",
                "count": 0
            },
            {
                "id": "61573565296002",
                "count": 0
            },
            {
                "id": "61573867048528",
                "count": 0
            },
            {
                "id": "61573659100790",
                "count": 0
            },
            {
                "id": "61573732417461",
                "count": 0
            },
            {
                "id": "61573916759463",
                "count": 0
            },
            {
                "id": "61573686251419",
                "count": 0
            },
            {
                "id": "61573622383814",
                "count": 0
            },
            {
                "id": "61573521617524",
                "count": 0
            },
            {
                "id": "61573592385914",
                "count": 0
            },
            {
                "id": "61573812275901",
                "count": 0
            },
            {
                "id": "61573512192946",
                "count": 0
            }
        ]
    }
}