{
    "total": [
        {
            "id": "61553353707139",
            "count": 0
        },
        {
            "id": "61566176627546",
            "count": 0
        },
        {
            "id": "100080923573979",
            "count": 0
        },
        {
            "id": "100070327787967",
            "count": 0
        },
        {
            "id": "61565591840384",
            "count": 0
        },
        {
            "id": "61559909882022",
            "count": 0
        },
        {
            "id": "61554326336923",
            "count": 0
        },
        {
            "id": "61564395095921",
            "count": 0
        },
        {
            "id": "100095595780784",
            "count": 0
        },
        {
            "id": "61561636125077",
            "count": 0
        },
        {
            "id": "100074596123496",
            "count": 0
        },
        {
            "id": "61550508042723",
            "count": 0
        },
        {
            "id": "61553246618424",
            "count": 0
        },
        {
            "id": "100017204712314",
            "count": 0
        },
        {
            "id": "100074588182924",
            "count": 0
        },
        {
            "id": "61567360577072",
            "count": 0
        },
        {
            "id": "100087074409089",
            "count": 0
        },
        {
            "id": "61566618646797",
            "count": 0
        },
        {
            "id": "100088844209758",
            "count": 0
        },
        {
            "id": "61564312023328",
            "count": 0
        },
        {
            "id": "61557003849928",
            "count": 0
        },
        {
            "id": "61555648651626",
            "count": 0
        },
        {
            "id": "61562687563795",
            "count": 0
        },
        {
            "id": "61565581573731",
            "count": 0
        },
        {
            "id": "61552522816750",
            "count": 0
        },
        {
            "id": "61566941923037",
            "count": 0
        },
        {
            "id": "61565983217684",
            "count": 0
        },
        {
            "id": "61567193416998",
            "count": 0
        },
        {
            "id": "61567779457954",
            "count": 0
        },
        {
            "id": "61565462954306",
            "count": 0
        },
        {
            "id": "100031435867541",
            "count": 0
        },
        {
            "id": "61567268835791",
            "count": 0
        },
        {
            "id": "61567208487814",
            "count": 0
        },
        {
            "id": "100042177933811",
            "count": 0
        },
        {
            "id": "100010031296783",
            "count": 0
        },
        {
            "id": "61556656798674",
            "count": 0
        },
        {
            "id": "61561470294531",
            "count": 0
        },
        {
            "id": "100094147870997",
            "count": 0
        },
        {
            "id": "61567744582207",
            "count": 0
        },
        {
            "id": "61566047192183",
            "count": 0
        },
        {
            "id": "100083721032974",
            "count": 0
        },
        {
            "id": "61568009464787",
            "count": 0
        },
        {
            "id": "61567057941459",
            "count": 0
        },
        {
            "id": "61567677333619",
            "count": 0
        },
        {
            "id": "61566439032580",
            "count": 0
        },
        {
            "id": "61562580917045",
            "count": 0
        },
        {
            "id": "61559407059878",
            "count": 0
        },
        {
            "id": "61554672196555",
            "count": 0
        },
        {
            "id": "61562464421871",
            "count": 0
        },
        {
            "id": "61556534686958",
            "count": 0
        },
        {
            "id": "61553878978501",
            "count": 0
        },
        {
            "id": "100090666382919",
            "count": 0
        },
        {
            "id": "61568234393956",
            "count": 0
        },
        {
            "id": "61567434314387",
            "count": 0
        },
        {
            "id": "100085115893744",
            "count": 0
        },
        {
            "id": "61567756235997",
            "count": 0
        },
        {
            "id": "61567837895551",
            "count": 0
        },
        {
            "id": "61564158368349",
            "count": 0
        },
        {
            "id": "61561618650734",
            "count": 0
        },
        {
            "id": "61552675094476",
            "count": 0
        },
        {
            "id": "61560575147241",
            "count": 0
        },
        {
            "id": "100090868298593",
            "count": 0
        },
        {
            "id": "100094362387386",
            "count": 0
        },
        {
            "id": "61552087029110",
            "count": 0
        },
        {
            "id": "61568953733598",
            "count": 0
        },
        {
            "id": "61555724645314",
            "count": 0
        },
        {
            "id": "61566478839608",
            "count": 0
        },
        {
            "id": "61567181534563",
            "count": 0
        },
        {
            "id": "100087406992387",
            "count": 0
        },
        {
            "id": "61553050213562",
            "count": 0
        },
        {
            "id": "61564304720634",
            "count": 0
        },
        {
            "id": "61565063093084",
            "count": 0
        },
        {
            "id": "100076212258819",
            "count": 0
        },
        {
            "id": "100091830364046",
            "count": 0
        },
        {
            "id": "61561601202051",
            "count": 0
        },
        {
            "id": "61560768860358",
            "count": 0
        },
        {
            "id": "61570070242709",
            "count": 0
        },
        {
            "id": "61565495819140",
            "count": 0
        },
        {
            "id": "100090233870047",
            "count": 0
        },
        {
            "id": "61567478041597",
            "count": 0
        },
        {
            "id": "61550796310469",
            "count": 0
        },
        {
            "id": "61554154904958",
            "count": 0
        },
        {
            "id": "100037204920195",
            "count": 0
        },
        {
            "id": "61569286562755",
            "count": 0
        },
        {
            "id": "100094150745339",
            "count": 0
        },
        {
            "id": "61568182443311",
            "count": 0
        },
        {
            "id": "100090522883957",
            "count": 0
        },
        {
            "id": "61556470846830",
            "count": 0
        },
        {
            "id": "61570354656955",
            "count": 0
        },
        {
            "id": "61565458096923",
            "count": 0
        },
        {
            "id": "61550258605032",
            "count": 0
        },
        {
            "id": "61561582529546",
            "count": 0
        },
        {
            "id": "61557868721705",
            "count": 0
        },
        {
            "id": "61559839604234",
            "count": 0
        },
        {
            "id": "61565870725898",
            "count": 0
        },
        {
            "id": "61559341300543",
            "count": 0
        },
        {
            "id": "61568651411461",
            "count": 0
        },
        {
            "id": "100091824074509",
            "count": 0
        },
        {
            "id": "100077304324458",
            "count": 0
        },
        {
            "id": "61570836712877",
            "count": 0
        },
        {
            "id": "61570643372077",
            "count": 0
        },
        {
            "id": "61571207451640",
            "count": 0
        },
        {
            "id": "61570122735983",
            "count": 0
        },
        {
            "id": "61569248221545",
            "count": 0
        },
        {
            "id": "61560907782296",
            "count": 0
        },
        {
            "id": "100089607120674",
            "count": 0
        },
        {
            "id": "61567708169503",
            "count": 0
        },
        {
            "id": "61564647432868",
            "count": 0
        },
        {
            "id": "61568265004432",
            "count": 0
        },
        {
            "id": "61558997132023",
            "count": 0
        },
        {
            "id": "100088889685641",
            "count": 0
        },
        {
            "id": "61557414328263",
            "count": 0
        },
        {
            "id": "61570880256951",
            "count": 0
        },
        {
            "id": "61569521255174",
            "count": 0
        },
        {
            "id": "61570920789031",
            "count": 0
        },
        {
            "id": "61554239283164",
            "count": 0
        },
        {
            "id": "61570847654067",
            "count": 0
        },
        {
            "id": "61551048383488",
            "count": 0
        },
        {
            "id": "100057981397012",
            "count": 0
        },
        {
            "id": "61570564694339",
            "count": 0
        },
        {
            "id": "61556254106946",
            "count": 0
        },
        {
            "id": "100040093401034",
            "count": 0
        },
        {
            "id": "100088427544710",
            "count": 0
        },
        {
            "id": "61571878424760",
            "count": 0
        },
        {
            "id": "100088205731279",
            "count": 0
        },
        {
            "id": "100039761686174",
            "count": 0
        },
        {
            "id": "61550283377501",
            "count": 0
        },
        {
            "id": "61565398902784",
            "count": 0
        },
        {
            "id": "61572385285305",
            "count": 0
        },
        {
            "id": "61569369361998",
            "count": 0
        },
        {
            "id": "61557073373483",
            "count": 0
        },
        {
            "id": "61550478086667",
            "count": 0
        },
        {
            "id": "61572315364711",
            "count": 0
        },
        {
            "id": "100075197007707",
            "count": 0
        },
        {
            "id": "61559356264118",
            "count": 0
        },
        {
            "id": "100014677356938",
            "count": 0
        },
        {
            "id": "61564170714200",
            "count": 0
        },
        {
            "id": "100084644836725",
            "count": 0
        },
        {
            "id": "100037784051862",
            "count": 0
        },
        {
            "id": "100064422526901",
            "count": 0
        },
        {
            "id": "61553579626074",
            "count": 0
        },
        {
            "id": "100088313552685",
            "count": 0
        },
        {
            "id": "61567055186717",
            "count": 0
        },
        {
            "id": "100075504014948",
            "count": 0
        },
        {
            "id": "61551222180245",
            "count": 0
        },
        {
            "id": "100050898393849",
            "count": 0
        },
        {
            "id": "61563959182842",
            "count": 0
        },
        {
            "id": "100040263067667",
            "count": 0
        },
        {
            "id": "61557534750765",
            "count": 0
        },
        {
            "id": "100063511032096",
            "count": 0
        },
        {
            "id": "61560300021646",
            "count": 0
        },
        {
            "id": "61572817135555",
            "count": 0
        },
        {
            "id": "100077428692512",
            "count": 0
        },
        {
            "id": "61572610322703",
            "count": 0
        },
        {
            "id": "61572150957020",
            "count": 0
        },
        {
            "id": "100006157425232",
            "count": 0
        },
        {
            "id": "61552751972354",
            "count": 0
        },
        {
            "id": "61572388013734",
            "count": 0
        },
        {
            "id": "100078197741838",
            "count": 0
        },
        {
            "id": "61555832623995",
            "count": 0
        },
        {
            "id": "100071508890680",
            "count": 0
        },
        {
            "id": "100058021502183",
            "count": 0
        },
        {
            "id": "61563811419935",
            "count": 0
        },
        {
            "id": "100018982819932",
            "count": 0
        },
        {
            "id": "61572889216979",
            "count": 0
        },
        {
            "id": "61569451287233",
            "count": 0
        },
        {
            "id": "61553916992987",
            "count": 0
        },
        {
            "id": "100060685669357",
            "count": 0
        },
        {
            "id": "100089803645365",
            "count": 0
        },
        {
            "id": "61555640276513",
            "count": 4
        },
        {
            "id": "61551228700017",
            "count": 0
        },
        {
            "id": "61573116412404",
            "count": 0
        },
        {
            "id": "100089105814831",
            "count": 0
        },
        {
            "id": "61571839761903",
            "count": 0
        },
        {
            "id": "100081974272661",
            "count": 0
        },
        {
            "id": "61559143277589",
            "count": 0
        },
        {
            "id": "61559055996365",
            "count": 0
        },
        {
            "id": "61570980742587",
            "count": 0
        },
        {
            "id": "61569937567889",
            "count": 0
        },
        {
            "id": "100086186860455",
            "count": 0
        },
        {
            "id": "61552589004515",
            "count": 0
        },
        {
            "id": "61573543823695",
            "count": 0
        },
        {
            "id": "100065276244818",
            "count": 0
        },
        {
            "id": "61554405744930",
            "count": 0
        },
        {
            "id": "61573135149470",
            "count": 0
        },
        {
            "id": "61561665701641",
            "count": 0
        },
        {
            "id": "61560119453648",
            "count": 0
        },
        {
            "id": "61572759857542",
            "count": 0
        },
        {
            "id": "61572410670263",
            "count": 0
        },
        {
            "id": "61563573257365",
            "count": 0
        },
        {
            "id": "61568271661884",
            "count": 0
        },
        {
            "id": "61564653104054",
            "count": 0
        },
        {
            "id": "61572994894472",
            "count": 0
        },
        {
            "id": "61571956041905",
            "count": 0
        },
        {
            "id": "61566345352029",
            "count": 0
        },
        {
            "id": "100075842734027",
            "count": 0
        },
        {
            "id": "61566606142653",
            "count": 0
        },
        {
            "id": "61573641869902",
            "count": 0
        },
        {
            "id": "100090660133378",
            "count": 0
        },
        {
            "id": "100090220116264",
            "count": 0
        },
        {
            "id": "61552551777000",
            "count": 0
        },
        {
            "id": "100002884398544",
            "count": 0
        },
        {
            "id": "100032006529041",
            "count": 0
        },
        {
            "id": "100090712969072",
            "count": 0
        },
        {
            "id": "61550636321183",
            "count": 0
        },
        {
            "id": "61566179691896",
            "count": 0
        },
        {
            "id": "61564603907846",
            "count": 0
        },
        {
            "id": "100079587241074",
            "count": 0
        },
        {
            "id": "100093193570976",
            "count": 0
        },
        {
            "id": "61566330146135",
            "count": 0
        },
        {
            "id": "100095357392833",
            "count": 0
        },
        {
            "id": "61573547907048",
            "count": 0
        },
        {
            "id": "61571872708481",
            "count": 0
        },
        {
            "id": "61550501894058",
            "count": 0
        },
        {
            "id": "100062436901521",
            "count": 0
        },
        {
            "id": "61554877897258",
            "count": 0
        },
        {
            "id": "61562957326543",
            "count": 0
        },
        {
            "id": "61562861803564",
            "count": 0
        },
        {
            "id": "61552321383021",
            "count": 0
        },
        {
            "id": "61557068924949",
            "count": 0
        },
        {
            "id": "61572198330805",
            "count": 0
        },
        {
            "id": "61558131901635",
            "count": 0
        },
        {
            "id": "61573003905209",
            "count": 0
        },
        {
            "id": "61552323938344",
            "count": 0
        },
        {
            "id": "61567323083948",
            "count": 0
        },
        {
            "id": "100088432909482",
            "count": 4
        },
        {
            "id": "61573916759463",
            "count": 0
        }
    ],
    "week": [
        {
            "id": "61553353707139",
            "count": 0
        },
        {
            "id": "61566176627546",
            "count": 0
        },
        {
            "id": "100080923573979",
            "count": 0
        },
        {
            "id": "100070327787967",
            "count": 0
        },
        {
            "id": "61565591840384",
            "count": 0
        },
        {
            "id": "61559909882022",
            "count": 0
        },
        {
            "id": "61554326336923",
            "count": 0
        },
        {
            "id": "61564395095921",
            "count": 0
        },
        {
            "id": "100095595780784",
            "count": 0
        },
        {
            "id": "61561636125077",
            "count": 0
        },
        {
            "id": "100074596123496",
            "count": 0
        },
        {
            "id": "61550508042723",
            "count": 0
        },
        {
            "id": "61553246618424",
            "count": 0
        },
        {
            "id": "100017204712314",
            "count": 0
        },
        {
            "id": "100074588182924",
            "count": 0
        },
        {
            "id": "61567360577072",
            "count": 0
        },
        {
            "id": "100087074409089",
            "count": 0
        },
        {
            "id": "61566618646797",
            "count": 0
        },
        {
            "id": "100088844209758",
            "count": 0
        },
        {
            "id": "61564312023328",
            "count": 0
        },
        {
            "id": "61557003849928",
            "count": 0
        },
        {
            "id": "61555648651626",
            "count": 0
        },
        {
            "id": "61562687563795",
            "count": 0
        },
        {
            "id": "61565581573731",
            "count": 0
        },
        {
            "id": "61552522816750",
            "count": 0
        },
        {
            "id": "61566941923037",
            "count": 0
        },
        {
            "id": "61565983217684",
            "count": 0
        },
        {
            "id": "61567193416998",
            "count": 0
        },
        {
            "id": "61567779457954",
            "count": 0
        },
        {
            "id": "61565462954306",
            "count": 0
        },
        {
            "id": "100031435867541",
            "count": 0
        },
        {
            "id": "61567268835791",
            "count": 0
        },
        {
            "id": "61567208487814",
            "count": 0
        },
        {
            "id": "100042177933811",
            "count": 0
        },
        {
            "id": "100010031296783",
            "count": 0
        },
        {
            "id": "61556656798674",
            "count": 0
        },
        {
            "id": "61561470294531",
            "count": 0
        },
        {
            "id": "100094147870997",
            "count": 0
        },
        {
            "id": "61567744582207",
            "count": 0
        },
        {
            "id": "61566047192183",
            "count": 0
        },
        {
            "id": "100083721032974",
            "count": 0
        },
        {
            "id": "61568009464787",
            "count": 0
        },
        {
            "id": "61567057941459",
            "count": 0
        },
        {
            "id": "61567677333619",
            "count": 0
        },
        {
            "id": "61566439032580",
            "count": 0
        },
        {
            "id": "61562580917045",
            "count": 0
        },
        {
            "id": "61559407059878",
            "count": 0
        },
        {
            "id": "61554672196555",
            "count": 0
        },
        {
            "id": "61562464421871",
            "count": 0
        },
        {
            "id": "61556534686958",
            "count": 0
        },
        {
            "id": "61553878978501",
            "count": 0
        },
        {
            "id": "100090666382919",
            "count": 0
        },
        {
            "id": "61568234393956",
            "count": 0
        },
        {
            "id": "61567434314387",
            "count": 0
        },
        {
            "id": "100085115893744",
            "count": 0
        },
        {
            "id": "61567756235997",
            "count": 0
        },
        {
            "id": "61567837895551",
            "count": 0
        },
        {
            "id": "61564158368349",
            "count": 0
        },
        {
            "id": "61561618650734",
            "count": 0
        },
        {
            "id": "61552675094476",
            "count": 0
        },
        {
            "id": "61560575147241",
            "count": 0
        },
        {
            "id": "100090868298593",
            "count": 0
        },
        {
            "id": "100094362387386",
            "count": 0
        },
        {
            "id": "61552087029110",
            "count": 0
        },
        {
            "id": "61568953733598",
            "count": 0
        },
        {
            "id": "61555724645314",
            "count": 0
        },
        {
            "id": "61566478839608",
            "count": 0
        },
        {
            "id": "61567181534563",
            "count": 0
        },
        {
            "id": "100087406992387",
            "count": 0
        },
        {
            "id": "61553050213562",
            "count": 0
        },
        {
            "id": "61564304720634",
            "count": 0
        },
        {
            "id": "61565063093084",
            "count": 0
        },
        {
            "id": "100076212258819",
            "count": 0
        },
        {
            "id": "100091830364046",
            "count": 0
        },
        {
            "id": "61561601202051",
            "count": 0
        },
        {
            "id": "61560768860358",
            "count": 0
        },
        {
            "id": "61570070242709",
            "count": 0
        },
        {
            "id": "61565495819140",
            "count": 0
        },
        {
            "id": "100090233870047",
            "count": 0
        },
        {
            "id": "61567478041597",
            "count": 0
        },
        {
            "id": "61550796310469",
            "count": 0
        },
        {
            "id": "61554154904958",
            "count": 0
        },
        {
            "id": "100037204920195",
            "count": 0
        },
        {
            "id": "61569286562755",
            "count": 0
        },
        {
            "id": "100094150745339",
            "count": 0
        },
        {
            "id": "61568182443311",
            "count": 0
        },
        {
            "id": "100090522883957",
            "count": 0
        },
        {
            "id": "61556470846830",
            "count": 0
        },
        {
            "id": "61570354656955",
            "count": 0
        },
        {
            "id": "61565458096923",
            "count": 0
        },
        {
            "id": "61550258605032",
            "count": 0
        },
        {
            "id": "61561582529546",
            "count": 0
        },
        {
            "id": "61557868721705",
            "count": 0
        },
        {
            "id": "61559839604234",
            "count": 0
        },
        {
            "id": "61565870725898",
            "count": 0
        },
        {
            "id": "61559341300543",
            "count": 0
        },
        {
            "id": "61568651411461",
            "count": 0
        },
        {
            "id": "100091824074509",
            "count": 0
        },
        {
            "id": "100077304324458",
            "count": 0
        },
        {
            "id": "61570836712877",
            "count": 0
        },
        {
            "id": "61570643372077",
            "count": 0
        },
        {
            "id": "61571207451640",
            "count": 0
        },
        {
            "id": "61570122735983",
            "count": 0
        },
        {
            "id": "61569248221545",
            "count": 0
        },
        {
            "id": "61560907782296",
            "count": 0
        },
        {
            "id": "100089607120674",
            "count": 0
        },
        {
            "id": "61567708169503",
            "count": 0
        },
        {
            "id": "61564647432868",
            "count": 0
        },
        {
            "id": "61568265004432",
            "count": 0
        },
        {
            "id": "61558997132023",
            "count": 0
        },
        {
            "id": "100088889685641",
            "count": 0
        },
        {
            "id": "61557414328263",
            "count": 0
        },
        {
            "id": "61570880256951",
            "count": 0
        },
        {
            "id": "61569521255174",
            "count": 0
        },
        {
            "id": "61570920789031",
            "count": 0
        },
        {
            "id": "61554239283164",
            "count": 0
        },
        {
            "id": "61570847654067",
            "count": 0
        },
        {
            "id": "61551048383488",
            "count": 0
        },
        {
            "id": "100057981397012",
            "count": 0
        },
        {
            "id": "61570564694339",
            "count": 0
        },
        {
            "id": "61556254106946",
            "count": 0
        },
        {
            "id": "100040093401034",
            "count": 0
        },
        {
            "id": "100088427544710",
            "count": 0
        },
        {
            "id": "61571878424760",
            "count": 0
        },
        {
            "id": "100088205731279",
            "count": 0
        },
        {
            "id": "100039761686174",
            "count": 0
        },
        {
            "id": "61550283377501",
            "count": 0
        },
        {
            "id": "61565398902784",
            "count": 0
        },
        {
            "id": "61572385285305",
            "count": 0
        },
        {
            "id": "61569369361998",
            "count": 0
        },
        {
            "id": "61557073373483",
            "count": 0
        },
        {
            "id": "61550478086667",
            "count": 0
        },
        {
            "id": "61572315364711",
            "count": 0
        },
        {
            "id": "100075197007707",
            "count": 0
        },
        {
            "id": "61559356264118",
            "count": 0
        },
        {
            "id": "100014677356938",
            "count": 0
        },
        {
            "id": "61564170714200",
            "count": 0
        },
        {
            "id": "100084644836725",
            "count": 0
        },
        {
            "id": "100037784051862",
            "count": 0
        },
        {
            "id": "100064422526901",
            "count": 0
        },
        {
            "id": "61553579626074",
            "count": 0
        },
        {
            "id": "100088313552685",
            "count": 0
        },
        {
            "id": "61567055186717",
            "count": 0
        },
        {
            "id": "100075504014948",
            "count": 0
        },
        {
            "id": "61551222180245",
            "count": 0
        },
        {
            "id": "100050898393849",
            "count": 0
        },
        {
            "id": "61563959182842",
            "count": 0
        },
        {
            "id": "100040263067667",
            "count": 0
        },
        {
            "id": "61557534750765",
            "count": 0
        },
        {
            "id": "100063511032096",
            "count": 0
        },
        {
            "id": "61560300021646",
            "count": 0
        },
        {
            "id": "61572817135555",
            "count": 0
        },
        {
            "id": "100077428692512",
            "count": 0
        },
        {
            "id": "61572610322703",
            "count": 0
        },
        {
            "id": "61572150957020",
            "count": 0
        },
        {
            "id": "100006157425232",
            "count": 0
        },
        {
            "id": "61552751972354",
            "count": 0
        },
        {
            "id": "61572388013734",
            "count": 0
        },
        {
            "id": "100078197741838",
            "count": 0
        },
        {
            "id": "61555832623995",
            "count": 0
        },
        {
            "id": "100071508890680",
            "count": 0
        },
        {
            "id": "100058021502183",
            "count": 0
        },
        {
            "id": "61563811419935",
            "count": 0
        },
        {
            "id": "100018982819932",
            "count": 0
        },
        {
            "id": "61572889216979",
            "count": 0
        },
        {
            "id": "61569451287233",
            "count": 0
        },
        {
            "id": "61553916992987",
            "count": 0
        },
        {
            "id": "100060685669357",
            "count": 0
        },
        {
            "id": "100089803645365",
            "count": 0
        },
        {
            "id": "61555640276513",
            "count": 4
        },
        {
            "id": "61551228700017",
            "count": 0
        },
        {
            "id": "61573116412404",
            "count": 0
        },
        {
            "id": "100089105814831",
            "count": 0
        },
        {
            "id": "61571839761903",
            "count": 0
        },
        {
            "id": "100081974272661",
            "count": 0
        },
        {
            "id": "61559143277589",
            "count": 0
        },
        {
            "id": "61559055996365",
            "count": 0
        },
        {
            "id": "61570980742587",
            "count": 0
        },
        {
            "id": "61569937567889",
            "count": 0
        },
        {
            "id": "100086186860455",
            "count": 0
        },
        {
            "id": "61552589004515",
            "count": 0
        },
        {
            "id": "61573543823695",
            "count": 0
        },
        {
            "id": "100065276244818",
            "count": 0
        },
        {
            "id": "61554405744930",
            "count": 0
        },
        {
            "id": "61573135149470",
            "count": 0
        },
        {
            "id": "61561665701641",
            "count": 0
        },
        {
            "id": "61560119453648",
            "count": 0
        },
        {
            "id": "61572759857542",
            "count": 0
        },
        {
            "id": "61572410670263",
            "count": 0
        },
        {
            "id": "61563573257365",
            "count": 0
        },
        {
            "id": "61568271661884",
            "count": 0
        },
        {
            "id": "61564653104054",
            "count": 0
        },
        {
            "id": "61572994894472",
            "count": 0
        },
        {
            "id": "61571956041905",
            "count": 0
        },
        {
            "id": "61566345352029",
            "count": 0
        },
        {
            "id": "100075842734027",
            "count": 0
        },
        {
            "id": "61566606142653",
            "count": 0
        },
        {
            "id": "61573641869902",
            "count": 0
        },
        {
            "id": "100090660133378",
            "count": 0
        },
        {
            "id": "100090220116264",
            "count": 0
        },
        {
            "id": "61552551777000",
            "count": 0
        },
        {
            "id": "100002884398544",
            "count": 0
        },
        {
            "id": "100032006529041",
            "count": 0
        },
        {
            "id": "100090712969072",
            "count": 0
        },
        {
            "id": "61550636321183",
            "count": 0
        },
        {
            "id": "61566179691896",
            "count": 0
        },
        {
            "id": "61564603907846",
            "count": 0
        },
        {
            "id": "100079587241074",
            "count": 0
        },
        {
            "id": "100093193570976",
            "count": 0
        },
        {
            "id": "61566330146135",
            "count": 0
        },
        {
            "id": "100095357392833",
            "count": 0
        },
        {
            "id": "61573547907048",
            "count": 0
        },
        {
            "id": "61571872708481",
            "count": 0
        },
        {
            "id": "61550501894058",
            "count": 0
        },
        {
            "id": "100062436901521",
            "count": 0
        },
        {
            "id": "61554877897258",
            "count": 0
        },
        {
            "id": "61562957326543",
            "count": 0
        },
        {
            "id": "61562861803564",
            "count": 0
        },
        {
            "id": "61552321383021",
            "count": 0
        },
        {
            "id": "61557068924949",
            "count": 0
        },
        {
            "id": "61572198330805",
            "count": 0
        },
        {
            "id": "61558131901635",
            "count": 0
        },
        {
            "id": "61573003905209",
            "count": 0
        },
        {
            "id": "61552323938344",
            "count": 0
        },
        {
            "id": "61567323083948",
            "count": 0
        },
        {
            "id": "100088432909482",
            "count": 4
        },
        {
            "id": "61573916759463",
            "count": 0
        }
    ],
    "day": [
        {
            "id": "61553353707139",
            "count": 0
        },
        {
            "id": "61566176627546",
            "count": 0
        },
        {
            "id": "100080923573979",
            "count": 0
        },
        {
            "id": "100070327787967",
            "count": 0
        },
        {
            "id": "61565591840384",
            "count": 0
        },
        {
            "id": "61559909882022",
            "count": 0
        },
        {
            "id": "61554326336923",
            "count": 0
        },
        {
            "id": "61564395095921",
            "count": 0
        },
        {
            "id": "100095595780784",
            "count": 0
        },
        {
            "id": "61561636125077",
            "count": 0
        },
        {
            "id": "100074596123496",
            "count": 0
        },
        {
            "id": "61550508042723",
            "count": 0
        },
        {
            "id": "61553246618424",
            "count": 0
        },
        {
            "id": "100017204712314",
            "count": 0
        },
        {
            "id": "100074588182924",
            "count": 0
        },
        {
            "id": "61567360577072",
            "count": 0
        },
        {
            "id": "100087074409089",
            "count": 0
        },
        {
            "id": "61566618646797",
            "count": 0
        },
        {
            "id": "100088844209758",
            "count": 0
        },
        {
            "id": "61564312023328",
            "count": 0
        },
        {
            "id": "61557003849928",
            "count": 0
        },
        {
            "id": "61555648651626",
            "count": 0
        },
        {
            "id": "61562687563795",
            "count": 0
        },
        {
            "id": "61565581573731",
            "count": 0
        },
        {
            "id": "61552522816750",
            "count": 0
        },
        {
            "id": "61566941923037",
            "count": 0
        },
        {
            "id": "61565983217684",
            "count": 0
        },
        {
            "id": "61567193416998",
            "count": 0
        },
        {
            "id": "61567779457954",
            "count": 0
        },
        {
            "id": "61565462954306",
            "count": 0
        },
        {
            "id": "100031435867541",
            "count": 0
        },
        {
            "id": "61567268835791",
            "count": 0
        },
        {
            "id": "61567208487814",
            "count": 0
        },
        {
            "id": "100042177933811",
            "count": 0
        },
        {
            "id": "100010031296783",
            "count": 0
        },
        {
            "id": "61556656798674",
            "count": 0
        },
        {
            "id": "61561470294531",
            "count": 0
        },
        {
            "id": "100094147870997",
            "count": 0
        },
        {
            "id": "61567744582207",
            "count": 0
        },
        {
            "id": "61566047192183",
            "count": 0
        },
        {
            "id": "100083721032974",
            "count": 0
        },
        {
            "id": "61568009464787",
            "count": 0
        },
        {
            "id": "61567057941459",
            "count": 0
        },
        {
            "id": "61567677333619",
            "count": 0
        },
        {
            "id": "61566439032580",
            "count": 0
        },
        {
            "id": "61562580917045",
            "count": 0
        },
        {
            "id": "61559407059878",
            "count": 0
        },
        {
            "id": "61554672196555",
            "count": 0
        },
        {
            "id": "61562464421871",
            "count": 0
        },
        {
            "id": "61556534686958",
            "count": 0
        },
        {
            "id": "61553878978501",
            "count": 0
        },
        {
            "id": "100090666382919",
            "count": 0
        },
        {
            "id": "61568234393956",
            "count": 0
        },
        {
            "id": "61567434314387",
            "count": 0
        },
        {
            "id": "100085115893744",
            "count": 0
        },
        {
            "id": "61567756235997",
            "count": 0
        },
        {
            "id": "61567837895551",
            "count": 0
        },
        {
            "id": "61564158368349",
            "count": 0
        },
        {
            "id": "61561618650734",
            "count": 0
        },
        {
            "id": "61552675094476",
            "count": 0
        },
        {
            "id": "61560575147241",
            "count": 0
        },
        {
            "id": "100090868298593",
            "count": 0
        },
        {
            "id": "100094362387386",
            "count": 0
        },
        {
            "id": "61552087029110",
            "count": 0
        },
        {
            "id": "61568953733598",
            "count": 0
        },
        {
            "id": "61555724645314",
            "count": 0
        },
        {
            "id": "61566478839608",
            "count": 0
        },
        {
            "id": "61567181534563",
            "count": 0
        },
        {
            "id": "100087406992387",
            "count": 0
        },
        {
            "id": "61553050213562",
            "count": 0
        },
        {
            "id": "61564304720634",
            "count": 0
        },
        {
            "id": "61565063093084",
            "count": 0
        },
        {
            "id": "100076212258819",
            "count": 0
        },
        {
            "id": "100091830364046",
            "count": 0
        },
        {
            "id": "61561601202051",
            "count": 0
        },
        {
            "id": "61560768860358",
            "count": 0
        },
        {
            "id": "61570070242709",
            "count": 0
        },
        {
            "id": "61565495819140",
            "count": 0
        },
        {
            "id": "100090233870047",
            "count": 0
        },
        {
            "id": "61567478041597",
            "count": 0
        },
        {
            "id": "61550796310469",
            "count": 0
        },
        {
            "id": "61554154904958",
            "count": 0
        },
        {
            "id": "100037204920195",
            "count": 0
        },
        {
            "id": "61569286562755",
            "count": 0
        },
        {
            "id": "100094150745339",
            "count": 0
        },
        {
            "id": "61568182443311",
            "count": 0
        },
        {
            "id": "100090522883957",
            "count": 0
        },
        {
            "id": "61556470846830",
            "count": 0
        },
        {
            "id": "61570354656955",
            "count": 0
        },
        {
            "id": "61565458096923",
            "count": 0
        },
        {
            "id": "61550258605032",
            "count": 0
        },
        {
            "id": "61561582529546",
            "count": 0
        },
        {
            "id": "61557868721705",
            "count": 0
        },
        {
            "id": "61559839604234",
            "count": 0
        },
        {
            "id": "61565870725898",
            "count": 0
        },
        {
            "id": "61559341300543",
            "count": 0
        },
        {
            "id": "61568651411461",
            "count": 0
        },
        {
            "id": "100091824074509",
            "count": 0
        },
        {
            "id": "100077304324458",
            "count": 0
        },
        {
            "id": "61570836712877",
            "count": 0
        },
        {
            "id": "61570643372077",
            "count": 0
        },
        {
            "id": "61571207451640",
            "count": 0
        },
        {
            "id": "61570122735983",
            "count": 0
        },
        {
            "id": "61569248221545",
            "count": 0
        },
        {
            "id": "61560907782296",
            "count": 0
        },
        {
            "id": "100089607120674",
            "count": 0
        },
        {
            "id": "61567708169503",
            "count": 0
        },
        {
            "id": "61564647432868",
            "count": 0
        },
        {
            "id": "61568265004432",
            "count": 0
        },
        {
            "id": "61558997132023",
            "count": 0
        },
        {
            "id": "100088889685641",
            "count": 0
        },
        {
            "id": "61557414328263",
            "count": 0
        },
        {
            "id": "61570880256951",
            "count": 0
        },
        {
            "id": "61569521255174",
            "count": 0
        },
        {
            "id": "61570920789031",
            "count": 0
        },
        {
            "id": "61554239283164",
            "count": 0
        },
        {
            "id": "61570847654067",
            "count": 0
        },
        {
            "id": "61551048383488",
            "count": 0
        },
        {
            "id": "100057981397012",
            "count": 0
        },
        {
            "id": "61570564694339",
            "count": 0
        },
        {
            "id": "61556254106946",
            "count": 0
        },
        {
            "id": "100040093401034",
            "count": 0
        },
        {
            "id": "100088427544710",
            "count": 0
        },
        {
            "id": "61571878424760",
            "count": 0
        },
        {
            "id": "100088205731279",
            "count": 0
        },
        {
            "id": "100039761686174",
            "count": 0
        },
        {
            "id": "61550283377501",
            "count": 0
        },
        {
            "id": "61565398902784",
            "count": 0
        },
        {
            "id": "61572385285305",
            "count": 0
        },
        {
            "id": "61569369361998",
            "count": 0
        },
        {
            "id": "61557073373483",
            "count": 0
        },
        {
            "id": "61550478086667",
            "count": 0
        },
        {
            "id": "61572315364711",
            "count": 0
        },
        {
            "id": "100075197007707",
            "count": 0
        },
        {
            "id": "61559356264118",
            "count": 0
        },
        {
            "id": "100014677356938",
            "count": 0
        },
        {
            "id": "61564170714200",
            "count": 0
        },
        {
            "id": "100084644836725",
            "count": 0
        },
        {
            "id": "100037784051862",
            "count": 0
        },
        {
            "id": "100064422526901",
            "count": 0
        },
        {
            "id": "61553579626074",
            "count": 0
        },
        {
            "id": "100088313552685",
            "count": 0
        },
        {
            "id": "61567055186717",
            "count": 0
        },
        {
            "id": "100075504014948",
            "count": 0
        },
        {
            "id": "61551222180245",
            "count": 0
        },
        {
            "id": "100050898393849",
            "count": 0
        },
        {
            "id": "61563959182842",
            "count": 0
        },
        {
            "id": "100040263067667",
            "count": 0
        },
        {
            "id": "61557534750765",
            "count": 0
        },
        {
            "id": "100063511032096",
            "count": 0
        },
        {
            "id": "61560300021646",
            "count": 0
        },
        {
            "id": "61572817135555",
            "count": 0
        },
        {
            "id": "100077428692512",
            "count": 0
        },
        {
            "id": "61572610322703",
            "count": 0
        },
        {
            "id": "61572150957020",
            "count": 0
        },
        {
            "id": "100006157425232",
            "count": 0
        },
        {
            "id": "61552751972354",
            "count": 0
        },
        {
            "id": "61572388013734",
            "count": 0
        },
        {
            "id": "100078197741838",
            "count": 0
        },
        {
            "id": "61555832623995",
            "count": 0
        },
        {
            "id": "100071508890680",
            "count": 0
        },
        {
            "id": "100058021502183",
            "count": 0
        },
        {
            "id": "61563811419935",
            "count": 0
        },
        {
            "id": "100018982819932",
            "count": 0
        },
        {
            "id": "61572889216979",
            "count": 0
        },
        {
            "id": "61569451287233",
            "count": 0
        },
        {
            "id": "61553916992987",
            "count": 0
        },
        {
            "id": "100060685669357",
            "count": 0
        },
        {
            "id": "100089803645365",
            "count": 0
        },
        {
            "id": "61555640276513",
            "count": 4
        },
        {
            "id": "61551228700017",
            "count": 0
        },
        {
            "id": "61573116412404",
            "count": 0
        },
        {
            "id": "100089105814831",
            "count": 0
        },
        {
            "id": "61571839761903",
            "count": 0
        },
        {
            "id": "100081974272661",
            "count": 0
        },
        {
            "id": "61559143277589",
            "count": 0
        },
        {
            "id": "61559055996365",
            "count": 0
        },
        {
            "id": "61570980742587",
            "count": 0
        },
        {
            "id": "61569937567889",
            "count": 0
        },
        {
            "id": "100086186860455",
            "count": 0
        },
        {
            "id": "61552589004515",
            "count": 0
        },
        {
            "id": "61573543823695",
            "count": 0
        },
        {
            "id": "100065276244818",
            "count": 0
        },
        {
            "id": "61554405744930",
            "count": 0
        },
        {
            "id": "61573135149470",
            "count": 0
        },
        {
            "id": "61561665701641",
            "count": 0
        },
        {
            "id": "61560119453648",
            "count": 0
        },
        {
            "id": "61572759857542",
            "count": 0
        },
        {
            "id": "61572410670263",
            "count": 0
        },
        {
            "id": "61563573257365",
            "count": 0
        },
        {
            "id": "61568271661884",
            "count": 0
        },
        {
            "id": "61564653104054",
            "count": 0
        },
        {
            "id": "61572994894472",
            "count": 0
        },
        {
            "id": "61571956041905",
            "count": 0
        },
        {
            "id": "61566345352029",
            "count": 0
        },
        {
            "id": "100075842734027",
            "count": 0
        },
        {
            "id": "61566606142653",
            "count": 0
        },
        {
            "id": "61573641869902",
            "count": 0
        },
        {
            "id": "100090660133378",
            "count": 0
        },
        {
            "id": "100090220116264",
            "count": 0
        },
        {
            "id": "61552551777000",
            "count": 0
        },
        {
            "id": "100002884398544",
            "count": 0
        },
        {
            "id": "100032006529041",
            "count": 0
        },
        {
            "id": "100090712969072",
            "count": 0
        },
        {
            "id": "61550636321183",
            "count": 0
        },
        {
            "id": "61566179691896",
            "count": 0
        },
        {
            "id": "61564603907846",
            "count": 0
        },
        {
            "id": "100079587241074",
            "count": 0
        },
        {
            "id": "100093193570976",
            "count": 0
        },
        {
            "id": "61566330146135",
            "count": 0
        },
        {
            "id": "100095357392833",
            "count": 0
        },
        {
            "id": "61573547907048",
            "count": 0
        },
        {
            "id": "61571872708481",
            "count": 0
        },
        {
            "id": "61550501894058",
            "count": 0
        },
        {
            "id": "100062436901521",
            "count": 0
        },
        {
            "id": "61554877897258",
            "count": 0
        },
        {
            "id": "61562957326543",
            "count": 0
        },
        {
            "id": "61562861803564",
            "count": 0
        },
        {
            "id": "61552321383021",
            "count": 0
        },
        {
            "id": "61557068924949",
            "count": 0
        },
        {
            "id": "61572198330805",
            "count": 0
        },
        {
            "id": "61558131901635",
            "count": 0
        },
        {
            "id": "61573003905209",
            "count": 0
        },
        {
            "id": "61552323938344",
            "count": 0
        },
        {
            "id": "61567323083948",
            "count": 0
        },
        {
            "id": "100088432909482",
            "count": 4
        },
        {
            "id": "61573916759463",
            "count": 0
        }
    ],
    "time": 3,
    "last": {
        "time": 6,
        "day": [
            {
                "id": "61553353707139",
                "count": 0
            },
            {
                "id": "61566176627546",
                "count": 0
            },
            {
                "id": "100080923573979",
                "count": 0
            },
            {
                "id": "100070327787967",
                "count": 0
            },
            {
                "id": "61565591840384",
                "count": 0
            },
            {
                "id": "61559909882022",
                "count": 0
            },
            {
                "id": "61554326336923",
                "count": 0
            },
            {
                "id": "61564395095921",
                "count": 0
            },
            {
                "id": "100095595780784",
                "count": 0
            },
            {
                "id": "61561636125077",
                "count": 0
            },
            {
                "id": "100074596123496",
                "count": 0
            },
            {
                "id": "61550508042723",
                "count": 0
            },
            {
                "id": "61553246618424",
                "count": 0
            },
            {
                "id": "100017204712314",
                "count": 0
            },
            {
                "id": "100074588182924",
                "count": 0
            },
            {
                "id": "61567360577072",
                "count": 0
            },
            {
                "id": "100087074409089",
                "count": 0
            },
            {
                "id": "61566618646797",
                "count": 0
            },
            {
                "id": "100088844209758",
                "count": 0
            },
            {
                "id": "61564312023328",
                "count": 0
            },
            {
                "id": "61557003849928",
                "count": 0
            },
            {
                "id": "61555648651626",
                "count": 0
            },
            {
                "id": "61562687563795",
                "count": 0
            },
            {
                "id": "61565581573731",
                "count": 0
            },
            {
                "id": "61552522816750",
                "count": 0
            },
            {
                "id": "61566941923037",
                "count": 0
            },
            {
                "id": "61565983217684",
                "count": 0
            },
            {
                "id": "61567193416998",
                "count": 0
            },
            {
                "id": "61567779457954",
                "count": 0
            },
            {
                "id": "61565462954306",
                "count": 0
            },
            {
                "id": "100031435867541",
                "count": 0
            },
            {
                "id": "61567268835791",
                "count": 0
            },
            {
                "id": "61567208487814",
                "count": 0
            },
            {
                "id": "100042177933811",
                "count": 0
            },
            {
                "id": "100010031296783",
                "count": 0
            },
            {
                "id": "61556656798674",
                "count": 0
            },
            {
                "id": "61561470294531",
                "count": 0
            },
            {
                "id": "100094147870997",
                "count": 0
            },
            {
                "id": "61567744582207",
                "count": 0
            },
            {
                "id": "61566047192183",
                "count": 0
            },
            {
                "id": "100083721032974",
                "count": 0
            },
            {
                "id": "61568009464787",
                "count": 0
            },
            {
                "id": "61567057941459",
                "count": 0
            },
            {
                "id": "61567677333619",
                "count": 0
            },
            {
                "id": "61566439032580",
                "count": 0
            },
            {
                "id": "61562580917045",
                "count": 0
            },
            {
                "id": "61559407059878",
                "count": 0
            },
            {
                "id": "61554672196555",
                "count": 0
            },
            {
                "id": "61562464421871",
                "count": 0
            },
            {
                "id": "61556534686958",
                "count": 0
            },
            {
                "id": "61553878978501",
                "count": 0
            },
            {
                "id": "100090666382919",
                "count": 0
            },
            {
                "id": "61568234393956",
                "count": 0
            },
            {
                "id": "61567434314387",
                "count": 0
            },
            {
                "id": "100085115893744",
                "count": 0
            },
            {
                "id": "61567756235997",
                "count": 0
            },
            {
                "id": "61567837895551",
                "count": 0
            },
            {
                "id": "61564158368349",
                "count": 0
            },
            {
                "id": "61561618650734",
                "count": 0
            },
            {
                "id": "61552675094476",
                "count": 0
            },
            {
                "id": "61560575147241",
                "count": 0
            },
            {
                "id": "100090868298593",
                "count": 0
            },
            {
                "id": "100094362387386",
                "count": 0
            },
            {
                "id": "61552087029110",
                "count": 0
            },
            {
                "id": "61568953733598",
                "count": 0
            },
            {
                "id": "61555724645314",
                "count": 0
            },
            {
                "id": "61566478839608",
                "count": 0
            },
            {
                "id": "61567181534563",
                "count": 0
            },
            {
                "id": "100087406992387",
                "count": 0
            },
            {
                "id": "61553050213562",
                "count": 0
            },
            {
                "id": "61564304720634",
                "count": 0
            },
            {
                "id": "61565063093084",
                "count": 0
            },
            {
                "id": "100076212258819",
                "count": 0
            },
            {
                "id": "100091830364046",
                "count": 0
            },
            {
                "id": "61561601202051",
                "count": 0
            },
            {
                "id": "61560768860358",
                "count": 0
            },
            {
                "id": "61570070242709",
                "count": 0
            },
            {
                "id": "61565495819140",
                "count": 0
            },
            {
                "id": "100090233870047",
                "count": 0
            },
            {
                "id": "61567478041597",
                "count": 0
            },
            {
                "id": "61550796310469",
                "count": 0
            },
            {
                "id": "61554154904958",
                "count": 0
            },
            {
                "id": "100037204920195",
                "count": 0
            },
            {
                "id": "61569286562755",
                "count": 0
            },
            {
                "id": "100094150745339",
                "count": 0
            },
            {
                "id": "61568182443311",
                "count": 0
            },
            {
                "id": "100090522883957",
                "count": 0
            },
            {
                "id": "61556470846830",
                "count": 0
            },
            {
                "id": "61570354656955",
                "count": 0
            },
            {
                "id": "61565458096923",
                "count": 0
            },
            {
                "id": "61550258605032",
                "count": 0
            },
            {
                "id": "61561582529546",
                "count": 0
            },
            {
                "id": "61557868721705",
                "count": 0
            },
            {
                "id": "61559839604234",
                "count": 0
            },
            {
                "id": "61565870725898",
                "count": 0
            },
            {
                "id": "61559341300543",
                "count": 0
            },
            {
                "id": "61568651411461",
                "count": 0
            },
            {
                "id": "100091824074509",
                "count": 0
            },
            {
                "id": "100077304324458",
                "count": 0
            },
            {
                "id": "61570836712877",
                "count": 0
            },
            {
                "id": "61570643372077",
                "count": 0
            },
            {
                "id": "61571207451640",
                "count": 0
            },
            {
                "id": "61570122735983",
                "count": 0
            },
            {
                "id": "61569248221545",
                "count": 0
            },
            {
                "id": "61560907782296",
                "count": 0
            },
            {
                "id": "100089607120674",
                "count": 0
            },
            {
                "id": "61567708169503",
                "count": 0
            },
            {
                "id": "61564647432868",
                "count": 0
            },
            {
                "id": "61568265004432",
                "count": 0
            },
            {
                "id": "61558997132023",
                "count": 0
            },
            {
                "id": "100088889685641",
                "count": 0
            },
            {
                "id": "61557414328263",
                "count": 0
            },
            {
                "id": "61570880256951",
                "count": 0
            },
            {
                "id": "61569521255174",
                "count": 0
            },
            {
                "id": "61570920789031",
                "count": 0
            },
            {
                "id": "61554239283164",
                "count": 0
            },
            {
                "id": "61570847654067",
                "count": 0
            },
            {
                "id": "61551048383488",
                "count": 0
            },
            {
                "id": "100057981397012",
                "count": 0
            },
            {
                "id": "61570564694339",
                "count": 0
            },
            {
                "id": "61556254106946",
                "count": 0
            },
            {
                "id": "100040093401034",
                "count": 0
            },
            {
                "id": "100088427544710",
                "count": 0
            },
            {
                "id": "61571878424760",
                "count": 0
            },
            {
                "id": "100088205731279",
                "count": 0
            },
            {
                "id": "100039761686174",
                "count": 0
            },
            {
                "id": "61550283377501",
                "count": 0
            },
            {
                "id": "61565398902784",
                "count": 0
            },
            {
                "id": "61572385285305",
                "count": 0
            },
            {
                "id": "61569369361998",
                "count": 0
            },
            {
                "id": "61557073373483",
                "count": 0
            },
            {
                "id": "61550478086667",
                "count": 0
            },
            {
                "id": "61572315364711",
                "count": 0
            },
            {
                "id": "100075197007707",
                "count": 0
            },
            {
                "id": "61559356264118",
                "count": 0
            },
            {
                "id": "100014677356938",
                "count": 0
            },
            {
                "id": "61564170714200",
                "count": 0
            },
            {
                "id": "100084644836725",
                "count": 0
            },
            {
                "id": "100037784051862",
                "count": 0
            },
            {
                "id": "100064422526901",
                "count": 0
            },
            {
                "id": "61553579626074",
                "count": 0
            },
            {
                "id": "100088313552685",
                "count": 0
            },
            {
                "id": "61567055186717",
                "count": 0
            },
            {
                "id": "100075504014948",
                "count": 0
            },
            {
                "id": "61551222180245",
                "count": 0
            },
            {
                "id": "100050898393849",
                "count": 0
            },
            {
                "id": "61563959182842",
                "count": 0
            },
            {
                "id": "100040263067667",
                "count": 0
            },
            {
                "id": "61557534750765",
                "count": 0
            },
            {
                "id": "100063511032096",
                "count": 0
            },
            {
                "id": "61560300021646",
                "count": 0
            },
            {
                "id": "61572817135555",
                "count": 0
            },
            {
                "id": "100077428692512",
                "count": 0
            },
            {
                "id": "61572610322703",
                "count": 0
            },
            {
                "id": "61572150957020",
                "count": 0
            },
            {
                "id": "100006157425232",
                "count": 0
            },
            {
                "id": "61552751972354",
                "count": 0
            },
            {
                "id": "61572388013734",
                "count": 0
            },
            {
                "id": "100078197741838",
                "count": 0
            },
            {
                "id": "61555832623995",
                "count": 0
            },
            {
                "id": "100071508890680",
                "count": 0
            },
            {
                "id": "100058021502183",
                "count": 0
            },
            {
                "id": "61563811419935",
                "count": 0
            },
            {
                "id": "100018982819932",
                "count": 0
            },
            {
                "id": "61572889216979",
                "count": 0
            },
            {
                "id": "61569451287233",
                "count": 0
            },
            {
                "id": "61553916992987",
                "count": 0
            },
            {
                "id": "100060685669357",
                "count": 0
            },
            {
                "id": "100089803645365",
                "count": 0
            },
            {
                "id": "61555640276513",
                "count": 0
            },
            {
                "id": "61551228700017",
                "count": 0
            },
            {
                "id": "61573116412404",
                "count": 0
            },
            {
                "id": "100089105814831",
                "count": 0
            },
            {
                "id": "61571839761903",
                "count": 0
            },
            {
                "id": "100081974272661",
                "count": 0
            },
            {
                "id": "61559143277589",
                "count": 0
            },
            {
                "id": "61559055996365",
                "count": 0
            },
            {
                "id": "61570980742587",
                "count": 0
            },
            {
                "id": "61569937567889",
                "count": 0
            },
            {
                "id": "100086186860455",
                "count": 0
            },
            {
                "id": "61552589004515",
                "count": 0
            },
            {
                "id": "61573543823695",
                "count": 0
            },
            {
                "id": "100065276244818",
                "count": 0
            },
            {
                "id": "61554405744930",
                "count": 0
            },
            {
                "id": "61573135149470",
                "count": 0
            },
            {
                "id": "61561665701641",
                "count": 0
            },
            {
                "id": "61560119453648",
                "count": 0
            },
            {
                "id": "61572759857542",
                "count": 0
            },
            {
                "id": "61572410670263",
                "count": 0
            },
            {
                "id": "61563573257365",
                "count": 0
            },
            {
                "id": "61568271661884",
                "count": 0
            },
            {
                "id": "61564653104054",
                "count": 0
            },
            {
                "id": "61572994894472",
                "count": 0
            },
            {
                "id": "61571956041905",
                "count": 0
            },
            {
                "id": "61566345352029",
                "count": 0
            },
            {
                "id": "100075842734027",
                "count": 0
            },
            {
                "id": "61566606142653",
                "count": 0
            },
            {
                "id": "61573641869902",
                "count": 0
            },
            {
                "id": "100090660133378",
                "count": 0
            },
            {
                "id": "100090220116264",
                "count": 0
            },
            {
                "id": "61552551777000",
                "count": 0
            },
            {
                "id": "100002884398544",
                "count": 0
            },
            {
                "id": "100032006529041",
                "count": 0
            },
            {
                "id": "100090712969072",
                "count": 0
            },
            {
                "id": "61550636321183",
                "count": 0
            },
            {
                "id": "61566179691896",
                "count": 0
            },
            {
                "id": "61564603907846",
                "count": 0
            },
            {
                "id": "100079587241074",
                "count": 0
            },
            {
                "id": "100093193570976",
                "count": 0
            },
            {
                "id": "61566330146135",
                "count": 0
            },
            {
                "id": "100095357392833",
                "count": 0
            },
            {
                "id": "61573547907048",
                "count": 0
            },
            {
                "id": "61571872708481",
                "count": 0
            },
            {
                "id": "61550501894058",
                "count": 0
            },
            {
                "id": "100062436901521",
                "count": 0
            },
            {
                "id": "61554877897258",
                "count": 0
            },
            {
                "id": "61562957326543",
                "count": 0
            },
            {
                "id": "61562861803564",
                "count": 0
            },
            {
                "id": "61552321383021",
                "count": 0
            },
            {
                "id": "61557068924949",
                "count": 0
            },
            {
                "id": "61572198330805",
                "count": 0
            },
            {
                "id": "61558131901635",
                "count": 0
            },
            {
                "id": "61573003905209",
                "count": 0
            },
            {
                "id": "61552323938344",
                "count": 0
            },
            {
                "id": "61567323083948",
                "count": 0
            },
            {
                "id": "100088432909482",
                "count": 0
            },
            {
                "id": "61573916759463",
                "count": 0
            }
        ],
        "week": [
            {
                "id": "61553353707139",
                "count": 0
            },
            {
                "id": "61566176627546",
                "count": 0
            },
            {
                "id": "100080923573979",
                "count": 0
            },
            {
                "id": "100070327787967",
                "count": 0
            },
            {
                "id": "61565591840384",
                "count": 0
            },
            {
                "id": "61559909882022",
                "count": 0
            },
            {
                "id": "61554326336923",
                "count": 0
            },
            {
                "id": "61564395095921",
                "count": 0
            },
            {
                "id": "100095595780784",
                "count": 0
            },
            {
                "id": "61561636125077",
                "count": 0
            },
            {
                "id": "100074596123496",
                "count": 0
            },
            {
                "id": "61550508042723",
                "count": 0
            },
            {
                "id": "61553246618424",
                "count": 0
            },
            {
                "id": "100017204712314",
                "count": 0
            },
            {
                "id": "100074588182924",
                "count": 0
            },
            {
                "id": "61567360577072",
                "count": 0
            },
            {
                "id": "100087074409089",
                "count": 0
            },
            {
                "id": "61566618646797",
                "count": 0
            },
            {
                "id": "100088844209758",
                "count": 0
            },
            {
                "id": "61564312023328",
                "count": 0
            },
            {
                "id": "61557003849928",
                "count": 0
            },
            {
                "id": "61555648651626",
                "count": 0
            },
            {
                "id": "61562687563795",
                "count": 0
            },
            {
                "id": "61565581573731",
                "count": 0
            },
            {
                "id": "61552522816750",
                "count": 0
            },
            {
                "id": "61566941923037",
                "count": 0
            },
            {
                "id": "61565983217684",
                "count": 0
            },
            {
                "id": "61567193416998",
                "count": 0
            },
            {
                "id": "61567779457954",
                "count": 0
            },
            {
                "id": "61565462954306",
                "count": 0
            },
            {
                "id": "100031435867541",
                "count": 0
            },
            {
                "id": "61567268835791",
                "count": 0
            },
            {
                "id": "61567208487814",
                "count": 0
            },
            {
                "id": "100042177933811",
                "count": 0
            },
            {
                "id": "100010031296783",
                "count": 0
            },
            {
                "id": "61556656798674",
                "count": 0
            },
            {
                "id": "61561470294531",
                "count": 0
            },
            {
                "id": "100094147870997",
                "count": 0
            },
            {
                "id": "61567744582207",
                "count": 0
            },
            {
                "id": "61566047192183",
                "count": 0
            },
            {
                "id": "100083721032974",
                "count": 0
            },
            {
                "id": "61568009464787",
                "count": 0
            },
            {
                "id": "61567057941459",
                "count": 0
            },
            {
                "id": "61567677333619",
                "count": 0
            },
            {
                "id": "61566439032580",
                "count": 0
            },
            {
                "id": "61562580917045",
                "count": 0
            },
            {
                "id": "61559407059878",
                "count": 0
            },
            {
                "id": "61554672196555",
                "count": 0
            },
            {
                "id": "61562464421871",
                "count": 0
            },
            {
                "id": "61556534686958",
                "count": 0
            },
            {
                "id": "61553878978501",
                "count": 0
            },
            {
                "id": "100090666382919",
                "count": 0
            },
            {
                "id": "61568234393956",
                "count": 0
            },
            {
                "id": "61567434314387",
                "count": 0
            },
            {
                "id": "100085115893744",
                "count": 0
            },
            {
                "id": "61567756235997",
                "count": 0
            },
            {
                "id": "61567837895551",
                "count": 0
            },
            {
                "id": "61564158368349",
                "count": 0
            },
            {
                "id": "61561618650734",
                "count": 0
            },
            {
                "id": "61552675094476",
                "count": 0
            },
            {
                "id": "61560575147241",
                "count": 0
            },
            {
                "id": "100090868298593",
                "count": 0
            },
            {
                "id": "100094362387386",
                "count": 0
            },
            {
                "id": "61552087029110",
                "count": 0
            },
            {
                "id": "61568953733598",
                "count": 0
            },
            {
                "id": "61555724645314",
                "count": 0
            },
            {
                "id": "61566478839608",
                "count": 0
            },
            {
                "id": "61567181534563",
                "count": 0
            },
            {
                "id": "100087406992387",
                "count": 0
            },
            {
                "id": "61553050213562",
                "count": 0
            },
            {
                "id": "61564304720634",
                "count": 0
            },
            {
                "id": "61565063093084",
                "count": 0
            },
            {
                "id": "100076212258819",
                "count": 0
            },
            {
                "id": "100091830364046",
                "count": 0
            },
            {
                "id": "61561601202051",
                "count": 0
            },
            {
                "id": "61560768860358",
                "count": 0
            },
            {
                "id": "61570070242709",
                "count": 0
            },
            {
                "id": "61565495819140",
                "count": 0
            },
            {
                "id": "100090233870047",
                "count": 0
            },
            {
                "id": "61567478041597",
                "count": 0
            },
            {
                "id": "61550796310469",
                "count": 0
            },
            {
                "id": "61554154904958",
                "count": 0
            },
            {
                "id": "100037204920195",
                "count": 0
            },
            {
                "id": "61569286562755",
                "count": 0
            },
            {
                "id": "100094150745339",
                "count": 0
            },
            {
                "id": "61568182443311",
                "count": 0
            },
            {
                "id": "100090522883957",
                "count": 0
            },
            {
                "id": "61556470846830",
                "count": 0
            },
            {
                "id": "61570354656955",
                "count": 0
            },
            {
                "id": "61565458096923",
                "count": 0
            },
            {
                "id": "61550258605032",
                "count": 0
            },
            {
                "id": "61561582529546",
                "count": 0
            },
            {
                "id": "61557868721705",
                "count": 0
            },
            {
                "id": "61559839604234",
                "count": 0
            },
            {
                "id": "61565870725898",
                "count": 0
            },
            {
                "id": "61559341300543",
                "count": 0
            },
            {
                "id": "61568651411461",
                "count": 0
            },
            {
                "id": "100091824074509",
                "count": 0
            },
            {
                "id": "100077304324458",
                "count": 0
            },
            {
                "id": "61570836712877",
                "count": 0
            },
            {
                "id": "61570643372077",
                "count": 0
            },
            {
                "id": "61571207451640",
                "count": 0
            },
            {
                "id": "61570122735983",
                "count": 0
            },
            {
                "id": "61569248221545",
                "count": 0
            },
            {
                "id": "61560907782296",
                "count": 0
            },
            {
                "id": "100089607120674",
                "count": 0
            },
            {
                "id": "61567708169503",
                "count": 0
            },
            {
                "id": "61564647432868",
                "count": 0
            },
            {
                "id": "61568265004432",
                "count": 0
            },
            {
                "id": "61558997132023",
                "count": 0
            },
            {
                "id": "100088889685641",
                "count": 0
            },
            {
                "id": "61557414328263",
                "count": 0
            },
            {
                "id": "61570880256951",
                "count": 0
            },
            {
                "id": "61569521255174",
                "count": 0
            },
            {
                "id": "61570920789031",
                "count": 0
            },
            {
                "id": "61554239283164",
                "count": 0
            },
            {
                "id": "61570847654067",
                "count": 0
            },
            {
                "id": "61551048383488",
                "count": 0
            },
            {
                "id": "100057981397012",
                "count": 0
            },
            {
                "id": "61570564694339",
                "count": 0
            },
            {
                "id": "61556254106946",
                "count": 0
            },
            {
                "id": "100040093401034",
                "count": 0
            },
            {
                "id": "100088427544710",
                "count": 0
            },
            {
                "id": "61571878424760",
                "count": 0
            },
            {
                "id": "100088205731279",
                "count": 0
            },
            {
                "id": "100039761686174",
                "count": 0
            },
            {
                "id": "61550283377501",
                "count": 0
            },
            {
                "id": "61565398902784",
                "count": 0
            },
            {
                "id": "61572385285305",
                "count": 0
            },
            {
                "id": "61569369361998",
                "count": 0
            },
            {
                "id": "61557073373483",
                "count": 0
            },
            {
                "id": "61550478086667",
                "count": 0
            },
            {
                "id": "61572315364711",
                "count": 0
            },
            {
                "id": "100075197007707",
                "count": 0
            },
            {
                "id": "61559356264118",
                "count": 0
            },
            {
                "id": "100014677356938",
                "count": 0
            },
            {
                "id": "61564170714200",
                "count": 0
            },
            {
                "id": "100084644836725",
                "count": 0
            },
            {
                "id": "100037784051862",
                "count": 0
            },
            {
                "id": "100064422526901",
                "count": 0
            },
            {
                "id": "61553579626074",
                "count": 0
            },
            {
                "id": "100088313552685",
                "count": 0
            },
            {
                "id": "61567055186717",
                "count": 0
            },
            {
                "id": "100075504014948",
                "count": 0
            },
            {
                "id": "61551222180245",
                "count": 0
            },
            {
                "id": "100050898393849",
                "count": 0
            },
            {
                "id": "61563959182842",
                "count": 0
            },
            {
                "id": "100040263067667",
                "count": 0
            },
            {
                "id": "61557534750765",
                "count": 0
            },
            {
                "id": "100063511032096",
                "count": 0
            },
            {
                "id": "61560300021646",
                "count": 0
            },
            {
                "id": "61572817135555",
                "count": 0
            },
            {
                "id": "100077428692512",
                "count": 0
            },
            {
                "id": "61572610322703",
                "count": 0
            },
            {
                "id": "61572150957020",
                "count": 0
            },
            {
                "id": "100006157425232",
                "count": 0
            },
            {
                "id": "61552751972354",
                "count": 0
            },
            {
                "id": "61572388013734",
                "count": 0
            },
            {
                "id": "100078197741838",
                "count": 0
            },
            {
                "id": "61555832623995",
                "count": 0
            },
            {
                "id": "100071508890680",
                "count": 0
            },
            {
                "id": "100058021502183",
                "count": 0
            },
            {
                "id": "61563811419935",
                "count": 0
            },
            {
                "id": "100018982819932",
                "count": 0
            },
            {
                "id": "61572889216979",
                "count": 0
            },
            {
                "id": "61569451287233",
                "count": 0
            },
            {
                "id": "61553916992987",
                "count": 0
            },
            {
                "id": "100060685669357",
                "count": 0
            },
            {
                "id": "100089803645365",
                "count": 0
            },
            {
                "id": "61555640276513",
                "count": 0
            },
            {
                "id": "61551228700017",
                "count": 0
            },
            {
                "id": "61573116412404",
                "count": 0
            },
            {
                "id": "100089105814831",
                "count": 0
            },
            {
                "id": "61571839761903",
                "count": 0
            },
            {
                "id": "100081974272661",
                "count": 0
            },
            {
                "id": "61559143277589",
                "count": 0
            },
            {
                "id": "61559055996365",
                "count": 0
            },
            {
                "id": "61570980742587",
                "count": 0
            },
            {
                "id": "61569937567889",
                "count": 0
            },
            {
                "id": "100086186860455",
                "count": 0
            },
            {
                "id": "61552589004515",
                "count": 0
            },
            {
                "id": "61573543823695",
                "count": 0
            },
            {
                "id": "100065276244818",
                "count": 0
            },
            {
                "id": "61554405744930",
                "count": 0
            },
            {
                "id": "61573135149470",
                "count": 0
            },
            {
                "id": "61561665701641",
                "count": 0
            },
            {
                "id": "61560119453648",
                "count": 0
            },
            {
                "id": "61572759857542",
                "count": 0
            },
            {
                "id": "61572410670263",
                "count": 0
            },
            {
                "id": "61563573257365",
                "count": 0
            },
            {
                "id": "61568271661884",
                "count": 0
            },
            {
                "id": "61564653104054",
                "count": 0
            },
            {
                "id": "61572994894472",
                "count": 0
            },
            {
                "id": "61571956041905",
                "count": 0
            },
            {
                "id": "61566345352029",
                "count": 0
            },
            {
                "id": "100075842734027",
                "count": 0
            },
            {
                "id": "61566606142653",
                "count": 0
            },
            {
                "id": "61573641869902",
                "count": 0
            },
            {
                "id": "100090660133378",
                "count": 0
            },
            {
                "id": "100090220116264",
                "count": 0
            },
            {
                "id": "61552551777000",
                "count": 0
            },
            {
                "id": "100002884398544",
                "count": 0
            },
            {
                "id": "100032006529041",
                "count": 0
            },
            {
                "id": "100090712969072",
                "count": 0
            },
            {
                "id": "61550636321183",
                "count": 0
            },
            {
                "id": "61566179691896",
                "count": 0
            },
            {
                "id": "61564603907846",
                "count": 0
            },
            {
                "id": "100079587241074",
                "count": 0
            },
            {
                "id": "100093193570976",
                "count": 0
            },
            {
                "id": "61566330146135",
                "count": 0
            },
            {
                "id": "100095357392833",
                "count": 0
            },
            {
                "id": "61573547907048",
                "count": 0
            },
            {
                "id": "61571872708481",
                "count": 0
            },
            {
                "id": "61550501894058",
                "count": 0
            },
            {
                "id": "100062436901521",
                "count": 0
            },
            {
                "id": "61554877897258",
                "count": 0
            },
            {
                "id": "61562957326543",
                "count": 0
            },
            {
                "id": "61562861803564",
                "count": 0
            },
            {
                "id": "61552321383021",
                "count": 0
            },
            {
                "id": "61557068924949",
                "count": 0
            },
            {
                "id": "61572198330805",
                "count": 0
            },
            {
                "id": "61558131901635",
                "count": 0
            },
            {
                "id": "61573003905209",
                "count": 0
            },
            {
                "id": "61552323938344",
                "count": 0
            },
            {
                "id": "61567323083948",
                "count": 0
            },
            {
                "id": "100088432909482",
                "count": 0
            },
            {
                "id": "61573916759463",
                "count": 0
            }
        ]
    }
}