{
    "total": [
        {
            "id": "100079517471965",
            "count": 0
        },
        {
            "id": "100082550240081",
            "count": 8
        },
        {
            "id": "61556226143328",
            "count": 0
        },
        {
            "id": "100004097951996",
            "count": 0
        },
        {
            "id": "61572683231170",
            "count": 0
        },
        {
            "id": "100088992462391",
            "count": 0
        },
        {
            "id": "100095235715479",
            "count": 0
        },
        {
            "id": "100090398269471",
            "count": 0
        },
        {
            "id": "61574459390330",
            "count": 0
        },
        {
            "id": "61573596227321",
            "count": 0
        }
    ],
    "week": [
        {
            "id": "100079517471965",
            "count": 0
        },
        {
            "id": "100082550240081",
            "count": 8
        },
        {
            "id": "61556226143328",
            "count": 0
        },
        {
            "id": "100004097951996",
            "count": 0
        },
        {
            "id": "61572683231170",
            "count": 0
        },
        {
            "id": "100088992462391",
            "count": 0
        },
        {
            "id": "100095235715479",
            "count": 0
        },
        {
            "id": "100090398269471",
            "count": 0
        },
        {
            "id": "61574459390330",
            "count": 0
        },
        {
            "id": "61573596227321",
            "count": 0
        }
    ],
    "day": [
        {
            "id": "100079517471965",
            "count": 0
        },
        {
            "id": "100082550240081",
            "count": 8
        },
        {
            "id": "61556226143328",
            "count": 0
        },
        {
            "id": "100004097951996",
            "count": 0
        },
        {
            "id": "61572683231170",
            "count": 0
        },
        {
            "id": "100088992462391",
            "count": 0
        },
        {
            "id": "100095235715479",
            "count": 0
        },
        {
            "id": "100090398269471",
            "count": 0
        },
        {
            "id": "61574459390330",
            "count": 0
        },
        {
            "id": "61573596227321",
            "count": 0
        }
    ],
    "time": 3,
    "last": {
        "time": 2,
        "day": [
            {
                "id": "100079517471965",
                "count": 0
            },
            {
                "id": "100082550240081",
                "count": 0
            },
            {
                "id": "61556226143328",
                "count": 0
            },
            {
                "id": "100004097951996",
                "count": 0
            },
            {
                "id": "61572683231170",
                "count": 0
            },
            {
                "id": "100088992462391",
                "count": 0
            },
            {
                "id": "100095235715479",
                "count": 0
            },
            {
                "id": "100090398269471",
                "count": 0
            },
            {
                "id": "61574459390330",
                "count": 0
            },
            {
                "id": "61573596227321",
                "count": 0
            }
        ],
        "week": [
            {
                "id": "100079517471965",
                "count": 0
            },
            {
                "id": "100082550240081",
                "count": 0
            },
            {
                "id": "61556226143328",
                "count": 0
            },
            {
                "id": "100004097951996",
                "count": 0
            },
            {
                "id": "61572683231170",
                "count": 0
            },
            {
                "id": "100088992462391",
                "count": 0
            },
            {
                "id": "100095235715479",
                "count": 0
            },
            {
                "id": "100090398269471",
                "count": 0
            },
            {
                "id": "61574459390330",
                "count": 0
            },
            {
                "id": "61573596227321",
                "count": 0
            }
        ]
    }
}