{
    "total": [
        {
            "id": "61564970130198",
            "count": 0
        },
        {
            "id": "100089735101118",
            "count": 0
        },
        {
            "id": "61574162992751",
            "count": 0
        },
        {
            "id": "100094129733269",
            "count": 0
        },
        {
            "id": "61572900513587",
            "count": 0
        },
        {
            "id": "100025508954787",
            "count": 0
        },
        {
            "id": "100093949001051",
            "count": 0
        },
        {
            "id": "61565739221987",
            "count": 0
        },
        {
            "id": "61571761645796",
            "count": 0
        },
        {
            "id": "61555474569162",
            "count": 0
        },
        {
            "id": "61573431925841",
            "count": 0
        },
        {
            "id": "100016657713160",
            "count": 0
        },
        {
            "id": "61557530571445",
            "count": 0
        },
        {
            "id": "100001636913474",
            "count": 0
        },
        {
            "id": "61573939447169",
            "count": 0
        },
        {
            "id": "61566609320752",
            "count": 0
        },
        {
            "id": "100065646766836",
            "count": 0
        },
        {
            "id": "100000061971996",
            "count": 0
        },
        {
            "id": "61564933080304",
            "count": 0
        },
        {
            "id": "61573087776033",
            "count": 0
        },
        {
            "id": "61563599768035",
            "count": 0
        },
        {
            "id": "61574047704358",
            "count": 0
        },
        {
            "id": "100092188639626",
            "count": 0
        },
        {
            "id": "61557940193716",
            "count": 0
        },
        {
            "id": "100083410327103",
            "count": 0
        },
        {
            "id": "61571201818128",
            "count": 0
        },
        {
            "id": "61571014046428",
            "count": 0
        },
        {
            "id": "100072542965776",
            "count": 0
        },
        {
            "id": "61572257172310",
            "count": 0
        },
        {
            "id": "100080475248160",
            "count": 0
        },
        {
            "id": "100091817542262",
            "count": 0
        },
        {
            "id": "100089638400984",
            "count": 0
        },
        {
            "id": "100048236064140",
            "count": 0
        },
        {
            "id": "61562783397617",
            "count": 0
        },
        {
            "id": "61565963761540",
            "count": 0
        },
        {
            "id": "100092318587110",
            "count": 0
        },
        {
            "id": "61573833470614",
            "count": 0
        },
        {
            "id": "61573277567800",
            "count": 0
        },
        {
            "id": "61573866730701",
            "count": 0
        },
        {
            "id": "61573984618166",
            "count": 0
        },
        {
            "id": "1059972093",
            "count": 0
        },
        {
            "id": "100003990290365",
            "count": 0
        },
        {
            "id": "100050095230456",
            "count": 0
        },
        {
            "id": "100093400985664",
            "count": 0
        },
        {
            "id": "61567137066173",
            "count": 0
        },
        {
            "id": "61562505404361",
            "count": 0
        },
        {
            "id": "61574019356813",
            "count": 0
        },
        {
            "id": "61569279453443",
            "count": 0
        },
        {
            "id": "100004764855006",
            "count": 0
        },
        {
            "id": "1458150426",
            "count": 0
        },
        {
            "id": "100028229013131",
            "count": 0
        },
        {
            "id": "100092603214391",
            "count": 0
        },
        {
            "id": "61557807924923",
            "count": 0
        },
        {
            "id": "100095369475194",
            "count": 0
        },
        {
            "id": "61573838504531",
            "count": 4
        },
        {
            "id": "100080159377412",
            "count": 6
        },
        {
            "id": "100081652204496",
            "count": 0
        },
        {
            "id": "100000271383071",
            "count": 0
        },
        {
            "id": "61574118449145",
            "count": 0
        },
        {
            "id": "61572961364625",
            "count": 0
        },
        {
            "id": "100024506269634",
            "count": 0
        },
        {
            "id": "61573943578182",
            "count": 0
        },
        {
            "id": "61563299607373",
            "count": 0
        },
        {
            "id": "100082550240081",
            "count": 0
        },
        {
            "id": "61573718104564",
            "count": 0
        },
        {
            "id": "100001501432864",
            "count": 4
        },
        {
            "id": "61573647969842",
            "count": 0
        },
        {
            "id": "61573373335565",
            "count": 0
        },
        {
            "id": "61573990976908",
            "count": 0
        },
        {
            "id": "61572819232070",
            "count": 0
        },
        {
            "id": "1221609530",
            "count": 0
        },
        {
            "id": "61572435488293",
            "count": 0
        },
        {
            "id": "61561988505795",
            "count": 0
        },
        {
            "id": "61563395144274",
            "count": 0
        },
        {
            "id": "61565185175764",
            "count": 0
        },
        {
            "id": "61553848290435",
            "count": 0
        },
        {
            "id": "61559902386414",
            "count": 0
        },
        {
            "id": "61559822066189",
            "count": 0
        },
        {
            "id": "100024369810123",
            "count": 0
        },
        {
            "id": "100032004066379",
            "count": 0
        },
        {
            "id": "100000271768125",
            "count": 4
        },
        {
            "id": "61563427735724",
            "count": 0
        },
        {
            "id": "61574316530763",
            "count": 0
        },
        {
            "id": "61573955610004",
            "count": 0
        },
        {
            "id": "100023048779418",
            "count": 14
        },
        {
            "id": "61571449961957",
            "count": 0
        },
        {
            "id": "61561648864331",
            "count": 0
        },
        {
            "id": "61574164734604",
            "count": 0
        },
        {
            "id": "61573920666094",
            "count": 0
        },
        {
            "id": "61571900825949",
            "count": 0
        },
        {
            "id": "61553305866147",
            "count": 0
        },
        {
            "id": "61569444446899",
            "count": 0
        },
        {
            "id": "61571900741939",
            "count": 0
        },
        {
            "id": "61573937339920",
            "count": 0
        },
        {
            "id": "61567195400163",
            "count": 0
        },
        {
            "id": "1814889392",
            "count": 0
        },
        {
            "id": "61573856826937",
            "count": 0
        },
        {
            "id": "61573779976500",
            "count": 8
        },
        {
            "id": "61573279130494",
            "count": 0
        },
        {
            "id": "100002950401949",
            "count": 0
        },
        {
            "id": "100093683431630",
            "count": 6
        },
        {
            "id": "100022504871599",
            "count": 0
        },
        {
            "id": "61574456690641",
            "count": 0
        }
    ],
    "week": [
        {
            "id": "61564970130198",
            "count": 0
        },
        {
            "id": "100089735101118",
            "count": 0
        },
        {
            "id": "61574162992751",
            "count": 0
        },
        {
            "id": "100094129733269",
            "count": 0
        },
        {
            "id": "61572900513587",
            "count": 0
        },
        {
            "id": "100025508954787",
            "count": 0
        },
        {
            "id": "100093949001051",
            "count": 0
        },
        {
            "id": "61565739221987",
            "count": 0
        },
        {
            "id": "61571761645796",
            "count": 0
        },
        {
            "id": "61555474569162",
            "count": 0
        },
        {
            "id": "61573431925841",
            "count": 0
        },
        {
            "id": "100016657713160",
            "count": 0
        },
        {
            "id": "61557530571445",
            "count": 0
        },
        {
            "id": "100001636913474",
            "count": 0
        },
        {
            "id": "61573939447169",
            "count": 0
        },
        {
            "id": "61566609320752",
            "count": 0
        },
        {
            "id": "100065646766836",
            "count": 0
        },
        {
            "id": "100000061971996",
            "count": 0
        },
        {
            "id": "61564933080304",
            "count": 0
        },
        {
            "id": "61573087776033",
            "count": 0
        },
        {
            "id": "61563599768035",
            "count": 0
        },
        {
            "id": "61574047704358",
            "count": 0
        },
        {
            "id": "100092188639626",
            "count": 0
        },
        {
            "id": "61557940193716",
            "count": 0
        },
        {
            "id": "100083410327103",
            "count": 0
        },
        {
            "id": "61571201818128",
            "count": 0
        },
        {
            "id": "61571014046428",
            "count": 0
        },
        {
            "id": "100072542965776",
            "count": 0
        },
        {
            "id": "61572257172310",
            "count": 0
        },
        {
            "id": "100080475248160",
            "count": 0
        },
        {
            "id": "100091817542262",
            "count": 0
        },
        {
            "id": "100089638400984",
            "count": 0
        },
        {
            "id": "100048236064140",
            "count": 0
        },
        {
            "id": "61562783397617",
            "count": 0
        },
        {
            "id": "61565963761540",
            "count": 0
        },
        {
            "id": "100092318587110",
            "count": 0
        },
        {
            "id": "61573833470614",
            "count": 0
        },
        {
            "id": "61573277567800",
            "count": 0
        },
        {
            "id": "61573866730701",
            "count": 0
        },
        {
            "id": "61573984618166",
            "count": 0
        },
        {
            "id": "1059972093",
            "count": 0
        },
        {
            "id": "100003990290365",
            "count": 0
        },
        {
            "id": "100050095230456",
            "count": 0
        },
        {
            "id": "100093400985664",
            "count": 0
        },
        {
            "id": "61567137066173",
            "count": 0
        },
        {
            "id": "61562505404361",
            "count": 0
        },
        {
            "id": "61574019356813",
            "count": 0
        },
        {
            "id": "61569279453443",
            "count": 0
        },
        {
            "id": "100004764855006",
            "count": 0
        },
        {
            "id": "1458150426",
            "count": 0
        },
        {
            "id": "100028229013131",
            "count": 0
        },
        {
            "id": "100092603214391",
            "count": 0
        },
        {
            "id": "61557807924923",
            "count": 0
        },
        {
            "id": "100095369475194",
            "count": 0
        },
        {
            "id": "61573838504531",
            "count": 4
        },
        {
            "id": "100080159377412",
            "count": 6
        },
        {
            "id": "100081652204496",
            "count": 0
        },
        {
            "id": "100000271383071",
            "count": 0
        },
        {
            "id": "61574118449145",
            "count": 0
        },
        {
            "id": "61572961364625",
            "count": 0
        },
        {
            "id": "100024506269634",
            "count": 0
        },
        {
            "id": "61573943578182",
            "count": 0
        },
        {
            "id": "61563299607373",
            "count": 0
        },
        {
            "id": "100082550240081",
            "count": 0
        },
        {
            "id": "61573718104564",
            "count": 0
        },
        {
            "id": "100001501432864",
            "count": 4
        },
        {
            "id": "61573647969842",
            "count": 0
        },
        {
            "id": "61573373335565",
            "count": 0
        },
        {
            "id": "61573990976908",
            "count": 0
        },
        {
            "id": "61572819232070",
            "count": 0
        },
        {
            "id": "1221609530",
            "count": 0
        },
        {
            "id": "61572435488293",
            "count": 0
        },
        {
            "id": "61561988505795",
            "count": 0
        },
        {
            "id": "61563395144274",
            "count": 0
        },
        {
            "id": "61565185175764",
            "count": 0
        },
        {
            "id": "61553848290435",
            "count": 0
        },
        {
            "id": "61559902386414",
            "count": 0
        },
        {
            "id": "61559822066189",
            "count": 0
        },
        {
            "id": "100024369810123",
            "count": 0
        },
        {
            "id": "100032004066379",
            "count": 0
        },
        {
            "id": "100000271768125",
            "count": 4
        },
        {
            "id": "61563427735724",
            "count": 0
        },
        {
            "id": "61574316530763",
            "count": 0
        },
        {
            "id": "61573955610004",
            "count": 0
        },
        {
            "id": "100023048779418",
            "count": 14
        },
        {
            "id": "61571449961957",
            "count": 0
        },
        {
            "id": "61561648864331",
            "count": 0
        },
        {
            "id": "61574164734604",
            "count": 0
        },
        {
            "id": "61573920666094",
            "count": 0
        },
        {
            "id": "61571900825949",
            "count": 0
        },
        {
            "id": "61553305866147",
            "count": 0
        },
        {
            "id": "61569444446899",
            "count": 0
        },
        {
            "id": "61571900741939",
            "count": 0
        },
        {
            "id": "61573937339920",
            "count": 0
        },
        {
            "id": "61567195400163",
            "count": 0
        },
        {
            "id": "1814889392",
            "count": 0
        },
        {
            "id": "61573856826937",
            "count": 0
        },
        {
            "id": "61573779976500",
            "count": 8
        },
        {
            "id": "61573279130494",
            "count": 0
        },
        {
            "id": "100002950401949",
            "count": 0
        },
        {
            "id": "100093683431630",
            "count": 6
        },
        {
            "id": "100022504871599",
            "count": 0
        },
        {
            "id": "61574456690641",
            "count": 0
        }
    ],
    "day": [
        {
            "id": "61564970130198",
            "count": 0
        },
        {
            "id": "100089735101118",
            "count": 0
        },
        {
            "id": "61574162992751",
            "count": 0
        },
        {
            "id": "100094129733269",
            "count": 0
        },
        {
            "id": "61572900513587",
            "count": 0
        },
        {
            "id": "100025508954787",
            "count": 0
        },
        {
            "id": "100093949001051",
            "count": 0
        },
        {
            "id": "61565739221987",
            "count": 0
        },
        {
            "id": "61571761645796",
            "count": 0
        },
        {
            "id": "61555474569162",
            "count": 0
        },
        {
            "id": "61573431925841",
            "count": 0
        },
        {
            "id": "100016657713160",
            "count": 0
        },
        {
            "id": "61557530571445",
            "count": 0
        },
        {
            "id": "100001636913474",
            "count": 0
        },
        {
            "id": "61573939447169",
            "count": 0
        },
        {
            "id": "61566609320752",
            "count": 0
        },
        {
            "id": "100065646766836",
            "count": 0
        },
        {
            "id": "100000061971996",
            "count": 0
        },
        {
            "id": "61564933080304",
            "count": 0
        },
        {
            "id": "61573087776033",
            "count": 0
        },
        {
            "id": "61563599768035",
            "count": 0
        },
        {
            "id": "61574047704358",
            "count": 0
        },
        {
            "id": "100092188639626",
            "count": 0
        },
        {
            "id": "61557940193716",
            "count": 0
        },
        {
            "id": "100083410327103",
            "count": 0
        },
        {
            "id": "61571201818128",
            "count": 0
        },
        {
            "id": "61571014046428",
            "count": 0
        },
        {
            "id": "100072542965776",
            "count": 0
        },
        {
            "id": "61572257172310",
            "count": 0
        },
        {
            "id": "100080475248160",
            "count": 0
        },
        {
            "id": "100091817542262",
            "count": 0
        },
        {
            "id": "100089638400984",
            "count": 0
        },
        {
            "id": "100048236064140",
            "count": 0
        },
        {
            "id": "61562783397617",
            "count": 0
        },
        {
            "id": "61565963761540",
            "count": 0
        },
        {
            "id": "100092318587110",
            "count": 0
        },
        {
            "id": "61573833470614",
            "count": 0
        },
        {
            "id": "61573277567800",
            "count": 0
        },
        {
            "id": "61573866730701",
            "count": 0
        },
        {
            "id": "61573984618166",
            "count": 0
        },
        {
            "id": "1059972093",
            "count": 0
        },
        {
            "id": "100003990290365",
            "count": 0
        },
        {
            "id": "100050095230456",
            "count": 0
        },
        {
            "id": "100093400985664",
            "count": 0
        },
        {
            "id": "61567137066173",
            "count": 0
        },
        {
            "id": "61562505404361",
            "count": 0
        },
        {
            "id": "61574019356813",
            "count": 0
        },
        {
            "id": "61569279453443",
            "count": 0
        },
        {
            "id": "100004764855006",
            "count": 0
        },
        {
            "id": "1458150426",
            "count": 0
        },
        {
            "id": "100028229013131",
            "count": 0
        },
        {
            "id": "100092603214391",
            "count": 0
        },
        {
            "id": "61557807924923",
            "count": 0
        },
        {
            "id": "100095369475194",
            "count": 0
        },
        {
            "id": "61573838504531",
            "count": 4
        },
        {
            "id": "100080159377412",
            "count": 6
        },
        {
            "id": "100081652204496",
            "count": 0
        },
        {
            "id": "100000271383071",
            "count": 0
        },
        {
            "id": "61574118449145",
            "count": 0
        },
        {
            "id": "61572961364625",
            "count": 0
        },
        {
            "id": "100024506269634",
            "count": 0
        },
        {
            "id": "61573943578182",
            "count": 0
        },
        {
            "id": "61563299607373",
            "count": 0
        },
        {
            "id": "100082550240081",
            "count": 0
        },
        {
            "id": "61573718104564",
            "count": 0
        },
        {
            "id": "100001501432864",
            "count": 4
        },
        {
            "id": "61573647969842",
            "count": 0
        },
        {
            "id": "61573373335565",
            "count": 0
        },
        {
            "id": "61573990976908",
            "count": 0
        },
        {
            "id": "61572819232070",
            "count": 0
        },
        {
            "id": "1221609530",
            "count": 0
        },
        {
            "id": "61572435488293",
            "count": 0
        },
        {
            "id": "61561988505795",
            "count": 0
        },
        {
            "id": "61563395144274",
            "count": 0
        },
        {
            "id": "61565185175764",
            "count": 0
        },
        {
            "id": "61553848290435",
            "count": 0
        },
        {
            "id": "61559902386414",
            "count": 0
        },
        {
            "id": "61559822066189",
            "count": 0
        },
        {
            "id": "100024369810123",
            "count": 0
        },
        {
            "id": "100032004066379",
            "count": 0
        },
        {
            "id": "100000271768125",
            "count": 4
        },
        {
            "id": "61563427735724",
            "count": 0
        },
        {
            "id": "61574316530763",
            "count": 0
        },
        {
            "id": "61573955610004",
            "count": 0
        },
        {
            "id": "100023048779418",
            "count": 14
        },
        {
            "id": "61571449961957",
            "count": 0
        },
        {
            "id": "61561648864331",
            "count": 0
        },
        {
            "id": "61574164734604",
            "count": 0
        },
        {
            "id": "61573920666094",
            "count": 0
        },
        {
            "id": "61571900825949",
            "count": 0
        },
        {
            "id": "61553305866147",
            "count": 0
        },
        {
            "id": "61569444446899",
            "count": 0
        },
        {
            "id": "61571900741939",
            "count": 0
        },
        {
            "id": "61573937339920",
            "count": 0
        },
        {
            "id": "61567195400163",
            "count": 0
        },
        {
            "id": "1814889392",
            "count": 0
        },
        {
            "id": "61573856826937",
            "count": 0
        },
        {
            "id": "61573779976500",
            "count": 8
        },
        {
            "id": "61573279130494",
            "count": 0
        },
        {
            "id": "100002950401949",
            "count": 0
        },
        {
            "id": "100093683431630",
            "count": 6
        },
        {
            "id": "100022504871599",
            "count": 0
        },
        {
            "id": "61574456690641",
            "count": 0
        }
    ],
    "time": 3,
    "last": {
        "time": 0,
        "day": [
            {
                "id": "61564970130198",
                "count": 0
            },
            {
                "id": "100089735101118",
                "count": 0
            },
            {
                "id": "61574162992751",
                "count": 0
            },
            {
                "id": "100094129733269",
                "count": 0
            },
            {
                "id": "61572900513587",
                "count": 0
            },
            {
                "id": "100025508954787",
                "count": 0
            },
            {
                "id": "100093949001051",
                "count": 0
            },
            {
                "id": "61565739221987",
                "count": 0
            },
            {
                "id": "61571761645796",
                "count": 0
            },
            {
                "id": "61555474569162",
                "count": 0
            },
            {
                "id": "61573431925841",
                "count": 0
            },
            {
                "id": "100016657713160",
                "count": 0
            },
            {
                "id": "61557530571445",
                "count": 0
            },
            {
                "id": "100001636913474",
                "count": 0
            },
            {
                "id": "61573939447169",
                "count": 0
            },
            {
                "id": "61566609320752",
                "count": 0
            },
            {
                "id": "100065646766836",
                "count": 0
            },
            {
                "id": "100000061971996",
                "count": 0
            },
            {
                "id": "61564933080304",
                "count": 0
            },
            {
                "id": "61573087776033",
                "count": 0
            },
            {
                "id": "61563599768035",
                "count": 0
            },
            {
                "id": "61574047704358",
                "count": 0
            },
            {
                "id": "100092188639626",
                "count": 0
            },
            {
                "id": "61557940193716",
                "count": 0
            },
            {
                "id": "100083410327103",
                "count": 0
            },
            {
                "id": "61571201818128",
                "count": 0
            },
            {
                "id": "61571014046428",
                "count": 0
            },
            {
                "id": "100072542965776",
                "count": 0
            },
            {
                "id": "61572257172310",
                "count": 0
            },
            {
                "id": "100080475248160",
                "count": 0
            },
            {
                "id": "100091817542262",
                "count": 0
            },
            {
                "id": "100089638400984",
                "count": 0
            },
            {
                "id": "100048236064140",
                "count": 0
            },
            {
                "id": "61562783397617",
                "count": 0
            },
            {
                "id": "61565963761540",
                "count": 0
            },
            {
                "id": "100092318587110",
                "count": 0
            },
            {
                "id": "61573833470614",
                "count": 0
            },
            {
                "id": "61573277567800",
                "count": 0
            },
            {
                "id": "61573866730701",
                "count": 0
            },
            {
                "id": "61573984618166",
                "count": 0
            },
            {
                "id": "1059972093",
                "count": 0
            },
            {
                "id": "100003990290365",
                "count": 0
            },
            {
                "id": "100050095230456",
                "count": 0
            },
            {
                "id": "100093400985664",
                "count": 0
            },
            {
                "id": "61567137066173",
                "count": 0
            },
            {
                "id": "61562505404361",
                "count": 0
            },
            {
                "id": "61574019356813",
                "count": 0
            },
            {
                "id": "61569279453443",
                "count": 0
            },
            {
                "id": "100004764855006",
                "count": 0
            },
            {
                "id": "1458150426",
                "count": 0
            },
            {
                "id": "100028229013131",
                "count": 0
            },
            {
                "id": "100092603214391",
                "count": 0
            },
            {
                "id": "61557807924923",
                "count": 0
            },
            {
                "id": "100095369475194",
                "count": 0
            },
            {
                "id": "61573838504531",
                "count": 0
            },
            {
                "id": "100080159377412",
                "count": 0
            },
            {
                "id": "100081652204496",
                "count": 0
            },
            {
                "id": "100000271383071",
                "count": 0
            },
            {
                "id": "61574118449145",
                "count": 0
            },
            {
                "id": "61572961364625",
                "count": 0
            },
            {
                "id": "100024506269634",
                "count": 0
            },
            {
                "id": "61573943578182",
                "count": 0
            },
            {
                "id": "61563299607373",
                "count": 0
            },
            {
                "id": "100082550240081",
                "count": 0
            },
            {
                "id": "61573718104564",
                "count": 0
            },
            {
                "id": "100001501432864",
                "count": 0
            },
            {
                "id": "61573647969842",
                "count": 0
            },
            {
                "id": "61573373335565",
                "count": 0
            },
            {
                "id": "61573990976908",
                "count": 0
            },
            {
                "id": "61572819232070",
                "count": 0
            },
            {
                "id": "1221609530",
                "count": 0
            },
            {
                "id": "61572435488293",
                "count": 0
            },
            {
                "id": "61561988505795",
                "count": 0
            },
            {
                "id": "61563395144274",
                "count": 0
            },
            {
                "id": "61565185175764",
                "count": 0
            },
            {
                "id": "61553848290435",
                "count": 0
            },
            {
                "id": "61559902386414",
                "count": 0
            },
            {
                "id": "61559822066189",
                "count": 0
            },
            {
                "id": "100024369810123",
                "count": 0
            },
            {
                "id": "100032004066379",
                "count": 0
            },
            {
                "id": "100000271768125",
                "count": 0
            },
            {
                "id": "61563427735724",
                "count": 0
            },
            {
                "id": "61574316530763",
                "count": 0
            },
            {
                "id": "61573955610004",
                "count": 0
            },
            {
                "id": "100023048779418",
                "count": 0
            },
            {
                "id": "61571449961957",
                "count": 0
            },
            {
                "id": "61561648864331",
                "count": 0
            },
            {
                "id": "61574164734604",
                "count": 0
            },
            {
                "id": "61573920666094",
                "count": 0
            },
            {
                "id": "61571900825949",
                "count": 0
            },
            {
                "id": "61553305866147",
                "count": 0
            },
            {
                "id": "61569444446899",
                "count": 0
            },
            {
                "id": "61571900741939",
                "count": 0
            },
            {
                "id": "61573937339920",
                "count": 0
            },
            {
                "id": "61567195400163",
                "count": 0
            },
            {
                "id": "1814889392",
                "count": 0
            },
            {
                "id": "61573856826937",
                "count": 0
            },
            {
                "id": "61573779976500",
                "count": 0
            },
            {
                "id": "61573279130494",
                "count": 0
            },
            {
                "id": "100002950401949",
                "count": 0
            },
            {
                "id": "100093683431630",
                "count": 0
            },
            {
                "id": "100022504871599",
                "count": 0
            },
            {
                "id": "61574456690641",
                "count": 0
            }
        ],
        "week": [
            {
                "id": "61564970130198",
                "count": 0
            },
            {
                "id": "100089735101118",
                "count": 0
            },
            {
                "id": "61574162992751",
                "count": 0
            },
            {
                "id": "100094129733269",
                "count": 0
            },
            {
                "id": "61572900513587",
                "count": 0
            },
            {
                "id": "100025508954787",
                "count": 0
            },
            {
                "id": "100093949001051",
                "count": 0
            },
            {
                "id": "61565739221987",
                "count": 0
            },
            {
                "id": "61571761645796",
                "count": 0
            },
            {
                "id": "61555474569162",
                "count": 0
            },
            {
                "id": "61573431925841",
                "count": 0
            },
            {
                "id": "100016657713160",
                "count": 0
            },
            {
                "id": "61557530571445",
                "count": 0
            },
            {
                "id": "100001636913474",
                "count": 0
            },
            {
                "id": "61573939447169",
                "count": 0
            },
            {
                "id": "61566609320752",
                "count": 0
            },
            {
                "id": "100065646766836",
                "count": 0
            },
            {
                "id": "100000061971996",
                "count": 0
            },
            {
                "id": "61564933080304",
                "count": 0
            },
            {
                "id": "61573087776033",
                "count": 0
            },
            {
                "id": "61563599768035",
                "count": 0
            },
            {
                "id": "61574047704358",
                "count": 0
            },
            {
                "id": "100092188639626",
                "count": 0
            },
            {
                "id": "61557940193716",
                "count": 0
            },
            {
                "id": "100083410327103",
                "count": 0
            },
            {
                "id": "61571201818128",
                "count": 0
            },
            {
                "id": "61571014046428",
                "count": 0
            },
            {
                "id": "100072542965776",
                "count": 0
            },
            {
                "id": "61572257172310",
                "count": 0
            },
            {
                "id": "100080475248160",
                "count": 0
            },
            {
                "id": "100091817542262",
                "count": 0
            },
            {
                "id": "100089638400984",
                "count": 0
            },
            {
                "id": "100048236064140",
                "count": 0
            },
            {
                "id": "61562783397617",
                "count": 0
            },
            {
                "id": "61565963761540",
                "count": 0
            },
            {
                "id": "100092318587110",
                "count": 0
            },
            {
                "id": "61573833470614",
                "count": 0
            },
            {
                "id": "61573277567800",
                "count": 0
            },
            {
                "id": "61573866730701",
                "count": 0
            },
            {
                "id": "61573984618166",
                "count": 0
            },
            {
                "id": "1059972093",
                "count": 0
            },
            {
                "id": "100003990290365",
                "count": 0
            },
            {
                "id": "100050095230456",
                "count": 0
            },
            {
                "id": "100093400985664",
                "count": 0
            },
            {
                "id": "61567137066173",
                "count": 0
            },
            {
                "id": "61562505404361",
                "count": 0
            },
            {
                "id": "61574019356813",
                "count": 0
            },
            {
                "id": "61569279453443",
                "count": 0
            },
            {
                "id": "100004764855006",
                "count": 0
            },
            {
                "id": "1458150426",
                "count": 0
            },
            {
                "id": "100028229013131",
                "count": 0
            },
            {
                "id": "100092603214391",
                "count": 0
            },
            {
                "id": "61557807924923",
                "count": 0
            },
            {
                "id": "100095369475194",
                "count": 0
            },
            {
                "id": "61573838504531",
                "count": 0
            },
            {
                "id": "100080159377412",
                "count": 0
            },
            {
                "id": "100081652204496",
                "count": 0
            },
            {
                "id": "100000271383071",
                "count": 0
            },
            {
                "id": "61574118449145",
                "count": 0
            },
            {
                "id": "61572961364625",
                "count": 0
            },
            {
                "id": "100024506269634",
                "count": 0
            },
            {
                "id": "61573943578182",
                "count": 0
            },
            {
                "id": "61563299607373",
                "count": 0
            },
            {
                "id": "100082550240081",
                "count": 0
            },
            {
                "id": "61573718104564",
                "count": 0
            },
            {
                "id": "100001501432864",
                "count": 0
            },
            {
                "id": "61573647969842",
                "count": 0
            },
            {
                "id": "61573373335565",
                "count": 0
            },
            {
                "id": "61573990976908",
                "count": 0
            },
            {
                "id": "61572819232070",
                "count": 0
            },
            {
                "id": "1221609530",
                "count": 0
            },
            {
                "id": "61572435488293",
                "count": 0
            },
            {
                "id": "61561988505795",
                "count": 0
            },
            {
                "id": "61563395144274",
                "count": 0
            },
            {
                "id": "61565185175764",
                "count": 0
            },
            {
                "id": "61553848290435",
                "count": 0
            },
            {
                "id": "61559902386414",
                "count": 0
            },
            {
                "id": "61559822066189",
                "count": 0
            },
            {
                "id": "100024369810123",
                "count": 0
            },
            {
                "id": "100032004066379",
                "count": 0
            },
            {
                "id": "100000271768125",
                "count": 0
            },
            {
                "id": "61563427735724",
                "count": 0
            },
            {
                "id": "61574316530763",
                "count": 0
            },
            {
                "id": "61573955610004",
                "count": 0
            },
            {
                "id": "100023048779418",
                "count": 0
            },
            {
                "id": "61571449961957",
                "count": 0
            },
            {
                "id": "61561648864331",
                "count": 0
            },
            {
                "id": "61574164734604",
                "count": 0
            },
            {
                "id": "61573920666094",
                "count": 0
            },
            {
                "id": "61571900825949",
                "count": 0
            },
            {
                "id": "61553305866147",
                "count": 0
            },
            {
                "id": "61569444446899",
                "count": 0
            },
            {
                "id": "61571900741939",
                "count": 0
            },
            {
                "id": "61573937339920",
                "count": 0
            },
            {
                "id": "61567195400163",
                "count": 0
            },
            {
                "id": "1814889392",
                "count": 0
            },
            {
                "id": "61573856826937",
                "count": 0
            },
            {
                "id": "61573779976500",
                "count": 0
            },
            {
                "id": "61573279130494",
                "count": 0
            },
            {
                "id": "100002950401949",
                "count": 0
            },
            {
                "id": "100093683431630",
                "count": 0
            },
            {
                "id": "100022504871599",
                "count": 0
            },
            {
                "id": "61574456690641",
                "count": 0
            }
        ]
    }
}