{
    "total": [
        {
            "id": "61573593594682",
            "count": 0
        },
        {
            "id": "100088432909482",
            "count": 0
        },
        {
            "id": "100085666955529",
            "count": 10
        },
        {
            "id": "61573373335565",
            "count": 0
        },
        {
            "id": "61573647969842",
            "count": 10
        },
        {
            "id": "61564702018103",
            "count": 0
        }
    ],
    "week": [
        {
            "id": "61573593594682",
            "count": 0
        },
        {
            "id": "100088432909482",
            "count": 0
        },
        {
            "id": "100085666955529",
            "count": 10
        },
        {
            "id": "61573373335565",
            "count": 0
        },
        {
            "id": "61573647969842",
            "count": 10
        },
        {
            "id": "61564702018103",
            "count": 0
        }
    ],
    "day": [
        {
            "id": "61573593594682",
            "count": 0
        },
        {
            "id": "100088432909482",
            "count": 0
        },
        {
            "id": "100085666955529",
            "count": 10
        },
        {
            "id": "61573373335565",
            "count": 0
        },
        {
            "id": "61573647969842",
            "count": 10
        },
        {
            "id": "61564702018103",
            "count": 0
        }
    ],
    "time": 3,
    "last": {
        "time": 0,
        "day": [
            {
                "id": "61573593594682",
                "count": 0
            },
            {
                "id": "100088432909482",
                "count": 0
            },
            {
                "id": "100085666955529",
                "count": 0
            },
            {
                "id": "61573373335565",
                "count": 0
            },
            {
                "id": "61573647969842",
                "count": 0
            },
            {
                "id": "61564702018103",
                "count": 0
            }
        ],
        "week": [
            {
                "id": "61573593594682",
                "count": 0
            },
            {
                "id": "100088432909482",
                "count": 0
            },
            {
                "id": "100085666955529",
                "count": 0
            },
            {
                "id": "61573373335565",
                "count": 0
            },
            {
                "id": "61573647969842",
                "count": 0
            },
            {
                "id": "61564702018103",
                "count": 0
            }
        ]
    }
}