{
    "total": [
        {
            "id": "100077714715952",
            "count": 0
        },
        {
            "id": "61565803086788",
            "count": 0
        },
        {
            "id": "61563084328343",
            "count": 0
        },
        {
            "id": "61566848227862",
            "count": 0
        },
        {
            "id": "61559627891058",
            "count": 0
        },
        {
            "id": "61564220578621",
            "count": 0
        },
        {
            "id": "61551456299061",
            "count": 0
        },
        {
            "id": "61566675763943",
            "count": 0
        },
        {
            "id": "61554239283164",
            "count": 0
        },
        {
            "id": "61554221615168",
            "count": 0
        },
        {
            "id": "61560463904132",
            "count": 0
        },
        {
            "id": "61568405674145",
            "count": 0
        },
        {
            "id": "61570399054669",
            "count": 0
        },
        {
            "id": "61561663345497",
            "count": 0
        },
        {
            "id": "100091879152320",
            "count": 0
        },
        {
            "id": "61557621131828",
            "count": 0
        },
        {
            "id": "61552419938274",
            "count": 0
        },
        {
            "id": "61570880256951",
            "count": 0
        },
        {
            "id": "61569367052219",
            "count": 0
        },
        {
            "id": "61567193416998",
            "count": 0
        },
        {
            "id": "61571368386154",
            "count": 0
        },
        {
            "id": "61558120704985",
            "count": 0
        },
        {
            "id": "100076649174161",
            "count": 0
        },
        {
            "id": "61562193590749",
            "count": 0
        },
        {
            "id": "100079171944898",
            "count": 0
        },
        {
            "id": "61563145959774",
            "count": 0
        },
        {
            "id": "100073930212916",
            "count": 0
        },
        {
            "id": "100082303125966",
            "count": 0
        },
        {
            "id": "100093673718250",
            "count": 0
        },
        {
            "id": "61556971643166",
            "count": 0
        },
        {
            "id": "61565890842839",
            "count": 0
        },
        {
            "id": "61565883616605",
            "count": 0
        },
        {
            "id": "61561421082553",
            "count": 0
        },
        {
            "id": "61568070343199",
            "count": 0
        },
        {
            "id": "100089017467159",
            "count": 0
        },
        {
            "id": "61552134984317",
            "count": 0
        },
        {
            "id": "61571362785699",
            "count": 0
        },
        {
            "id": "100089579857797",
            "count": 0
        },
        {
            "id": "61571331127819",
            "count": 0
        },
        {
            "id": "61568317929765",
            "count": 0
        },
        {
            "id": "61557808124928",
            "count": 0
        },
        {
            "id": "61561448770870",
            "count": 0
        },
        {
            "id": "61566475921201",
            "count": 0
        },
        {
            "id": "61563808487506",
            "count": 0
        },
        {
            "id": "61558263981373",
            "count": 0
        },
        {
            "id": "61571443712899",
            "count": 0
        },
        {
            "id": "61569340830917",
            "count": 0
        },
        {
            "id": "100061787156554",
            "count": 0
        },
        {
            "id": "100002631410182",
            "count": 0
        },
        {
            "id": "100090467853360",
            "count": 0
        },
        {
            "id": "61571836791820",
            "count": 0
        },
        {
            "id": "61568356923538",
            "count": 0
        },
        {
            "id": "100070825904275",
            "count": 0
        },
        {
            "id": "61571417871696",
            "count": 0
        },
        {
            "id": "100082587113557",
            "count": 0
        },
        {
            "id": "61571698786411",
            "count": 0
        },
        {
            "id": "61569321846582",
            "count": 0
        },
        {
            "id": "61571784239799",
            "count": 0
        },
        {
            "id": "61564484181729",
            "count": 0
        },
        {
            "id": "100061410895349",
            "count": 0
        },
        {
            "id": "61567664729660",
            "count": 0
        },
        {
            "id": "100085847163934",
            "count": 0
        },
        {
            "id": "61568119377019",
            "count": 0
        },
        {
            "id": "100095166425727",
            "count": 0
        },
        {
            "id": "100059389932659",
            "count": 0
        },
        {
            "id": "100076784088446",
            "count": 0
        },
        {
            "id": "61571334914376",
            "count": 0
        },
        {
            "id": "100010594720544",
            "count": 0
        },
        {
            "id": "61571712796213",
            "count": 0
        },
        {
            "id": "61555960933454",
            "count": 0
        },
        {
            "id": "61567533321767",
            "count": 0
        },
        {
            "id": "61570824721918",
            "count": 0
        },
        {
            "id": "100015791464864",
            "count": 0
        },
        {
            "id": "61571234832874",
            "count": 0
        },
        {
            "id": "100042616489960",
            "count": 0
        },
        {
            "id": "100094318517247",
            "count": 0
        },
        {
            "id": "61552726545376",
            "count": 0
        },
        {
            "id": "100049575617757",
            "count": 0
        },
        {
            "id": "61567060252423",
            "count": 0
        },
        {
            "id": "61566957557019",
            "count": 0
        },
        {
            "id": "61554598295659",
            "count": 0
        },
        {
            "id": "61567808354446",
            "count": 0
        },
        {
            "id": "61554113583716",
            "count": 0
        },
        {
            "id": "61566554318852",
            "count": 0
        },
        {
            "id": "61568346724930",
            "count": 0
        },
        {
            "id": "61571387097309",
            "count": 0
        },
        {
            "id": "100074622597284",
            "count": 0
        },
        {
            "id": "61551403107011",
            "count": 0
        },
        {
            "id": "61560264233382",
            "count": 0
        },
        {
            "id": "61571223012028",
            "count": 0
        },
        {
            "id": "100094355163491",
            "count": 0
        },
        {
            "id": "61571483604413",
            "count": 0
        },
        {
            "id": "100000378785496",
            "count": 0
        },
        {
            "id": "100063574704303",
            "count": 0
        },
        {
            "id": "61571380602803",
            "count": 0
        },
        {
            "id": "61571670553620",
            "count": 0
        },
        {
            "id": "61571885231114",
            "count": 0
        },
        {
            "id": "61568328863352",
            "count": 0
        },
        {
            "id": "100057495896324",
            "count": 0
        },
        {
            "id": "61551766036806",
            "count": 0
        },
        {
            "id": "100073983654860",
            "count": 0
        },
        {
            "id": "100087426266396",
            "count": 0
        },
        {
            "id": "61572383274072",
            "count": 0
        },
        {
            "id": "61570784452147",
            "count": 0
        },
        {
            "id": "61561208877088",
            "count": 0
        },
        {
            "id": "61550522323673",
            "count": 0
        },
        {
            "id": "61571405408047",
            "count": 0
        },
        {
            "id": "100005598254907",
            "count": 0
        },
        {
            "id": "100077466008724",
            "count": 0
        },
        {
            "id": "61572248970792",
            "count": 0
        },
        {
            "id": "61571605716523",
            "count": 0
        },
        {
            "id": "100074386672414",
            "count": 0
        },
        {
            "id": "100091913671908",
            "count": 0
        },
        {
            "id": "61565948507391",
            "count": 0
        },
        {
            "id": "61561747683161",
            "count": 0
        },
        {
            "id": "61561779402036",
            "count": 0
        },
        {
            "id": "61563879021155",
            "count": 0
        },
        {
            "id": "61567034960489",
            "count": 0
        },
        {
            "id": "61569821945462",
            "count": 0
        },
        {
            "id": "61571356482760",
            "count": 0
        },
        {
            "id": "61558973032236",
            "count": 0
        },
        {
            "id": "100095358885896",
            "count": 0
        },
        {
            "id": "61571916240425",
            "count": 0
        },
        {
            "id": "100085666955529",
            "count": 0
        },
        {
            "id": "61556567601905",
            "count": 0
        },
        {
            "id": "100073242837351",
            "count": 0
        },
        {
            "id": "100001979654818",
            "count": 0
        },
        {
            "id": "61566569154732",
            "count": 0
        },
        {
            "id": "61567710481225",
            "count": 0
        },
        {
            "id": "61571334403861",
            "count": 0
        },
        {
            "id": "61566140922705",
            "count": 0
        },
        {
            "id": "61572406402487",
            "count": 0
        },
        {
            "id": "61569811360755",
            "count": 0
        },
        {
            "id": "61569899327213",
            "count": 0
        },
        {
            "id": "61571850037077",
            "count": 0
        },
        {
            "id": "61572217977869",
            "count": 0
        },
        {
            "id": "61571826308849",
            "count": 0
        },
        {
            "id": "61558087017845",
            "count": 0
        },
        {
            "id": "100085035665122",
            "count": 0
        },
        {
            "id": "61555677119841",
            "count": 0
        },
        {
            "id": "61571917277744",
            "count": 0
        },
        {
            "id": "61572237815785",
            "count": 0
        },
        {
            "id": "100083317763854",
            "count": 0
        },
        {
            "id": "61571564624420",
            "count": 0
        },
        {
            "id": "61567882902028",
            "count": 0
        },
        {
            "id": "100012928187888",
            "count": 0
        },
        {
            "id": "100064594053508",
            "count": 0
        },
        {
            "id": "61571991512284",
            "count": 0
        },
        {
            "id": "61572296254222",
            "count": 0
        },
        {
            "id": "61571052689026",
            "count": 0
        },
        {
            "id": "61571097097190",
            "count": 0
        },
        {
            "id": "61570474063151",
            "count": 0
        },
        {
            "id": "61572465262666",
            "count": 0
        },
        {
            "id": "61569571126637",
            "count": 0
        },
        {
            "id": "61570837976522",
            "count": 0
        },
        {
            "id": "61561482508028",
            "count": 0
        },
        {
            "id": "61560573985492",
            "count": 0
        },
        {
            "id": "61561625087085",
            "count": 0
        },
        {
            "id": "61572482068678",
            "count": 0
        },
        {
            "id": "100078673652050",
            "count": 0
        },
        {
            "id": "100055383292604",
            "count": 0
        },
        {
            "id": "100091249490865",
            "count": 0
        },
        {
            "id": "61557927074251",
            "count": 0
        },
        {
            "id": "61565946773812",
            "count": 0
        },
        {
            "id": "100090892196760",
            "count": 0
        },
        {
            "id": "100081129472580",
            "count": 0
        },
        {
            "id": "61551077575557",
            "count": 0
        },
        {
            "id": "100084796458234",
            "count": 0
        },
        {
            "id": "100028328071682",
            "count": 0
        },
        {
            "id": "61572212002290",
            "count": 0
        },
        {
            "id": "61572273728804",
            "count": 0
        },
        {
            "id": "61571976583529",
            "count": 0
        },
        {
            "id": "61560093747983",
            "count": 0
        },
        {
            "id": "61563068168423",
            "count": 0
        },
        {
            "id": "100081465667857",
            "count": 0
        },
        {
            "id": "61572243192355",
            "count": 0
        },
        {
            "id": "100001662326456",
            "count": 0
        },
        {
            "id": "61571427989584",
            "count": 2
        },
        {
            "id": "100084201306987",
            "count": 0
        },
        {
            "id": "61571371101458",
            "count": 0
        },
        {
            "id": "100094085015736",
            "count": 0
        },
        {
            "id": "100021153165538",
            "count": 0
        },
        {
            "id": "61572554541764",
            "count": 0
        },
        {
            "id": "100076123805214",
            "count": 0
        },
        {
            "id": "61569243666001",
            "count": 0
        },
        {
            "id": "61571603442263",
            "count": 0
        },
        {
            "id": "61564159633542",
            "count": 0
        },
        {
            "id": "61571125647608",
            "count": 0
        },
        {
            "id": "61572466768382",
            "count": 0
        },
        {
            "id": "61572218251858",
            "count": 0
        },
        {
            "id": "61571577178580",
            "count": 0
        },
        {
            "id": "61572429149250",
            "count": 0
        },
        {
            "id": "61572823043170",
            "count": 0
        },
        {
            "id": "61564475267397",
            "count": 0
        },
        {
            "id": "61572785663653",
            "count": 0
        },
        {
            "id": "61567693361624",
            "count": 0
        },
        {
            "id": "61562455612763",
            "count": 0
        },
        {
            "id": "61564522978962",
            "count": 0
        },
        {
            "id": "61571543158309",
            "count": 0
        },
        {
            "id": "61567138000344",
            "count": 0
        },
        {
            "id": "100090705864262",
            "count": 0
        },
        {
            "id": "100061801101688",
            "count": 0
        },
        {
            "id": "100030061660458",
            "count": 0
        },
        {
            "id": "100043685948688",
            "count": 0
        },
        {
            "id": "100081333699177",
            "count": 0
        },
        {
            "id": "61562745330144",
            "count": 0
        },
        {
            "id": "100082550240081",
            "count": 0
        },
        {
            "id": "61574209130699",
            "count": 0
        }
    ],
    "week": [
        {
            "id": "100077714715952",
            "count": 0
        },
        {
            "id": "61565803086788",
            "count": 0
        },
        {
            "id": "61563084328343",
            "count": 0
        },
        {
            "id": "61566848227862",
            "count": 0
        },
        {
            "id": "61559627891058",
            "count": 0
        },
        {
            "id": "61564220578621",
            "count": 0
        },
        {
            "id": "61551456299061",
            "count": 0
        },
        {
            "id": "61566675763943",
            "count": 0
        },
        {
            "id": "61554239283164",
            "count": 0
        },
        {
            "id": "61554221615168",
            "count": 0
        },
        {
            "id": "61560463904132",
            "count": 0
        },
        {
            "id": "61568405674145",
            "count": 0
        },
        {
            "id": "61570399054669",
            "count": 0
        },
        {
            "id": "61561663345497",
            "count": 0
        },
        {
            "id": "100091879152320",
            "count": 0
        },
        {
            "id": "61557621131828",
            "count": 0
        },
        {
            "id": "61552419938274",
            "count": 0
        },
        {
            "id": "61570880256951",
            "count": 0
        },
        {
            "id": "61569367052219",
            "count": 0
        },
        {
            "id": "61567193416998",
            "count": 0
        },
        {
            "id": "61571368386154",
            "count": 0
        },
        {
            "id": "61558120704985",
            "count": 0
        },
        {
            "id": "100076649174161",
            "count": 0
        },
        {
            "id": "61562193590749",
            "count": 0
        },
        {
            "id": "100079171944898",
            "count": 0
        },
        {
            "id": "61563145959774",
            "count": 0
        },
        {
            "id": "100073930212916",
            "count": 0
        },
        {
            "id": "100082303125966",
            "count": 0
        },
        {
            "id": "100093673718250",
            "count": 0
        },
        {
            "id": "61556971643166",
            "count": 0
        },
        {
            "id": "61565890842839",
            "count": 0
        },
        {
            "id": "61565883616605",
            "count": 0
        },
        {
            "id": "61561421082553",
            "count": 0
        },
        {
            "id": "61568070343199",
            "count": 0
        },
        {
            "id": "100089017467159",
            "count": 0
        },
        {
            "id": "61552134984317",
            "count": 0
        },
        {
            "id": "61571362785699",
            "count": 0
        },
        {
            "id": "100089579857797",
            "count": 0
        },
        {
            "id": "61571331127819",
            "count": 0
        },
        {
            "id": "61568317929765",
            "count": 0
        },
        {
            "id": "61557808124928",
            "count": 0
        },
        {
            "id": "61561448770870",
            "count": 0
        },
        {
            "id": "61566475921201",
            "count": 0
        },
        {
            "id": "61563808487506",
            "count": 0
        },
        {
            "id": "61558263981373",
            "count": 0
        },
        {
            "id": "61571443712899",
            "count": 0
        },
        {
            "id": "61569340830917",
            "count": 0
        },
        {
            "id": "100061787156554",
            "count": 0
        },
        {
            "id": "100002631410182",
            "count": 0
        },
        {
            "id": "100090467853360",
            "count": 0
        },
        {
            "id": "61571836791820",
            "count": 0
        },
        {
            "id": "61568356923538",
            "count": 0
        },
        {
            "id": "100070825904275",
            "count": 0
        },
        {
            "id": "61571417871696",
            "count": 0
        },
        {
            "id": "100082587113557",
            "count": 0
        },
        {
            "id": "61571698786411",
            "count": 0
        },
        {
            "id": "61569321846582",
            "count": 0
        },
        {
            "id": "61571784239799",
            "count": 0
        },
        {
            "id": "61564484181729",
            "count": 0
        },
        {
            "id": "100061410895349",
            "count": 0
        },
        {
            "id": "61567664729660",
            "count": 0
        },
        {
            "id": "100085847163934",
            "count": 0
        },
        {
            "id": "61568119377019",
            "count": 0
        },
        {
            "id": "100095166425727",
            "count": 0
        },
        {
            "id": "100059389932659",
            "count": 0
        },
        {
            "id": "100076784088446",
            "count": 0
        },
        {
            "id": "61571334914376",
            "count": 0
        },
        {
            "id": "100010594720544",
            "count": 0
        },
        {
            "id": "61571712796213",
            "count": 0
        },
        {
            "id": "61555960933454",
            "count": 0
        },
        {
            "id": "61567533321767",
            "count": 0
        },
        {
            "id": "61570824721918",
            "count": 0
        },
        {
            "id": "100015791464864",
            "count": 0
        },
        {
            "id": "61571234832874",
            "count": 0
        },
        {
            "id": "100042616489960",
            "count": 0
        },
        {
            "id": "100094318517247",
            "count": 0
        },
        {
            "id": "61552726545376",
            "count": 0
        },
        {
            "id": "100049575617757",
            "count": 0
        },
        {
            "id": "61567060252423",
            "count": 0
        },
        {
            "id": "61566957557019",
            "count": 0
        },
        {
            "id": "61554598295659",
            "count": 0
        },
        {
            "id": "61567808354446",
            "count": 0
        },
        {
            "id": "61554113583716",
            "count": 0
        },
        {
            "id": "61566554318852",
            "count": 0
        },
        {
            "id": "61568346724930",
            "count": 0
        },
        {
            "id": "61571387097309",
            "count": 0
        },
        {
            "id": "100074622597284",
            "count": 0
        },
        {
            "id": "61551403107011",
            "count": 0
        },
        {
            "id": "61560264233382",
            "count": 0
        },
        {
            "id": "61571223012028",
            "count": 0
        },
        {
            "id": "100094355163491",
            "count": 0
        },
        {
            "id": "61571483604413",
            "count": 0
        },
        {
            "id": "100000378785496",
            "count": 0
        },
        {
            "id": "100063574704303",
            "count": 0
        },
        {
            "id": "61571380602803",
            "count": 0
        },
        {
            "id": "61571670553620",
            "count": 0
        },
        {
            "id": "61571885231114",
            "count": 0
        },
        {
            "id": "61568328863352",
            "count": 0
        },
        {
            "id": "100057495896324",
            "count": 0
        },
        {
            "id": "61551766036806",
            "count": 0
        },
        {
            "id": "100073983654860",
            "count": 0
        },
        {
            "id": "100087426266396",
            "count": 0
        },
        {
            "id": "61572383274072",
            "count": 0
        },
        {
            "id": "61570784452147",
            "count": 0
        },
        {
            "id": "61561208877088",
            "count": 0
        },
        {
            "id": "61550522323673",
            "count": 0
        },
        {
            "id": "61571405408047",
            "count": 0
        },
        {
            "id": "100005598254907",
            "count": 0
        },
        {
            "id": "100077466008724",
            "count": 0
        },
        {
            "id": "61572248970792",
            "count": 0
        },
        {
            "id": "61571605716523",
            "count": 0
        },
        {
            "id": "100074386672414",
            "count": 0
        },
        {
            "id": "100091913671908",
            "count": 0
        },
        {
            "id": "61565948507391",
            "count": 0
        },
        {
            "id": "61561747683161",
            "count": 0
        },
        {
            "id": "61561779402036",
            "count": 0
        },
        {
            "id": "61563879021155",
            "count": 0
        },
        {
            "id": "61567034960489",
            "count": 0
        },
        {
            "id": "61569821945462",
            "count": 0
        },
        {
            "id": "61571356482760",
            "count": 0
        },
        {
            "id": "61558973032236",
            "count": 0
        },
        {
            "id": "100095358885896",
            "count": 0
        },
        {
            "id": "61571916240425",
            "count": 0
        },
        {
            "id": "100085666955529",
            "count": 0
        },
        {
            "id": "61556567601905",
            "count": 0
        },
        {
            "id": "100073242837351",
            "count": 0
        },
        {
            "id": "100001979654818",
            "count": 0
        },
        {
            "id": "61566569154732",
            "count": 0
        },
        {
            "id": "61567710481225",
            "count": 0
        },
        {
            "id": "61571334403861",
            "count": 0
        },
        {
            "id": "61566140922705",
            "count": 0
        },
        {
            "id": "61572406402487",
            "count": 0
        },
        {
            "id": "61569811360755",
            "count": 0
        },
        {
            "id": "61569899327213",
            "count": 0
        },
        {
            "id": "61571850037077",
            "count": 0
        },
        {
            "id": "61572217977869",
            "count": 0
        },
        {
            "id": "61571826308849",
            "count": 0
        },
        {
            "id": "61558087017845",
            "count": 0
        },
        {
            "id": "100085035665122",
            "count": 0
        },
        {
            "id": "61555677119841",
            "count": 0
        },
        {
            "id": "61571917277744",
            "count": 0
        },
        {
            "id": "61572237815785",
            "count": 0
        },
        {
            "id": "100083317763854",
            "count": 0
        },
        {
            "id": "61571564624420",
            "count": 0
        },
        {
            "id": "61567882902028",
            "count": 0
        },
        {
            "id": "100012928187888",
            "count": 0
        },
        {
            "id": "100064594053508",
            "count": 0
        },
        {
            "id": "61571991512284",
            "count": 0
        },
        {
            "id": "61572296254222",
            "count": 0
        },
        {
            "id": "61571052689026",
            "count": 0
        },
        {
            "id": "61571097097190",
            "count": 0
        },
        {
            "id": "61570474063151",
            "count": 0
        },
        {
            "id": "61572465262666",
            "count": 0
        },
        {
            "id": "61569571126637",
            "count": 0
        },
        {
            "id": "61570837976522",
            "count": 0
        },
        {
            "id": "61561482508028",
            "count": 0
        },
        {
            "id": "61560573985492",
            "count": 0
        },
        {
            "id": "61561625087085",
            "count": 0
        },
        {
            "id": "61572482068678",
            "count": 0
        },
        {
            "id": "100078673652050",
            "count": 0
        },
        {
            "id": "100055383292604",
            "count": 0
        },
        {
            "id": "100091249490865",
            "count": 0
        },
        {
            "id": "61557927074251",
            "count": 0
        },
        {
            "id": "61565946773812",
            "count": 0
        },
        {
            "id": "100090892196760",
            "count": 0
        },
        {
            "id": "100081129472580",
            "count": 0
        },
        {
            "id": "61551077575557",
            "count": 0
        },
        {
            "id": "100084796458234",
            "count": 0
        },
        {
            "id": "100028328071682",
            "count": 0
        },
        {
            "id": "61572212002290",
            "count": 0
        },
        {
            "id": "61572273728804",
            "count": 0
        },
        {
            "id": "61571976583529",
            "count": 0
        },
        {
            "id": "61560093747983",
            "count": 0
        },
        {
            "id": "61563068168423",
            "count": 0
        },
        {
            "id": "100081465667857",
            "count": 0
        },
        {
            "id": "61572243192355",
            "count": 0
        },
        {
            "id": "100001662326456",
            "count": 0
        },
        {
            "id": "61571427989584",
            "count": 2
        },
        {
            "id": "100084201306987",
            "count": 0
        },
        {
            "id": "61571371101458",
            "count": 0
        },
        {
            "id": "100094085015736",
            "count": 0
        },
        {
            "id": "100021153165538",
            "count": 0
        },
        {
            "id": "61572554541764",
            "count": 0
        },
        {
            "id": "100076123805214",
            "count": 0
        },
        {
            "id": "61569243666001",
            "count": 0
        },
        {
            "id": "61571603442263",
            "count": 0
        },
        {
            "id": "61564159633542",
            "count": 0
        },
        {
            "id": "61571125647608",
            "count": 0
        },
        {
            "id": "61572466768382",
            "count": 0
        },
        {
            "id": "61572218251858",
            "count": 0
        },
        {
            "id": "61571577178580",
            "count": 0
        },
        {
            "id": "61572429149250",
            "count": 0
        },
        {
            "id": "61572823043170",
            "count": 0
        },
        {
            "id": "61564475267397",
            "count": 0
        },
        {
            "id": "61572785663653",
            "count": 0
        },
        {
            "id": "61567693361624",
            "count": 0
        },
        {
            "id": "61562455612763",
            "count": 0
        },
        {
            "id": "61564522978962",
            "count": 0
        },
        {
            "id": "61571543158309",
            "count": 0
        },
        {
            "id": "61567138000344",
            "count": 0
        },
        {
            "id": "100090705864262",
            "count": 0
        },
        {
            "id": "100061801101688",
            "count": 0
        },
        {
            "id": "100030061660458",
            "count": 0
        },
        {
            "id": "100043685948688",
            "count": 0
        },
        {
            "id": "100081333699177",
            "count": 0
        },
        {
            "id": "61562745330144",
            "count": 0
        },
        {
            "id": "100082550240081",
            "count": 0
        },
        {
            "id": "61574209130699",
            "count": 0
        }
    ],
    "day": [
        {
            "id": "100077714715952",
            "count": 0
        },
        {
            "id": "61565803086788",
            "count": 0
        },
        {
            "id": "61563084328343",
            "count": 0
        },
        {
            "id": "61566848227862",
            "count": 0
        },
        {
            "id": "61559627891058",
            "count": 0
        },
        {
            "id": "61564220578621",
            "count": 0
        },
        {
            "id": "61551456299061",
            "count": 0
        },
        {
            "id": "61566675763943",
            "count": 0
        },
        {
            "id": "61554239283164",
            "count": 0
        },
        {
            "id": "61554221615168",
            "count": 0
        },
        {
            "id": "61560463904132",
            "count": 0
        },
        {
            "id": "61568405674145",
            "count": 0
        },
        {
            "id": "61570399054669",
            "count": 0
        },
        {
            "id": "61561663345497",
            "count": 0
        },
        {
            "id": "100091879152320",
            "count": 0
        },
        {
            "id": "61557621131828",
            "count": 0
        },
        {
            "id": "61552419938274",
            "count": 0
        },
        {
            "id": "61570880256951",
            "count": 0
        },
        {
            "id": "61569367052219",
            "count": 0
        },
        {
            "id": "61567193416998",
            "count": 0
        },
        {
            "id": "61571368386154",
            "count": 0
        },
        {
            "id": "61558120704985",
            "count": 0
        },
        {
            "id": "100076649174161",
            "count": 0
        },
        {
            "id": "61562193590749",
            "count": 0
        },
        {
            "id": "100079171944898",
            "count": 0
        },
        {
            "id": "61563145959774",
            "count": 0
        },
        {
            "id": "100073930212916",
            "count": 0
        },
        {
            "id": "100082303125966",
            "count": 0
        },
        {
            "id": "100093673718250",
            "count": 0
        },
        {
            "id": "61556971643166",
            "count": 0
        },
        {
            "id": "61565890842839",
            "count": 0
        },
        {
            "id": "61565883616605",
            "count": 0
        },
        {
            "id": "61561421082553",
            "count": 0
        },
        {
            "id": "61568070343199",
            "count": 0
        },
        {
            "id": "100089017467159",
            "count": 0
        },
        {
            "id": "61552134984317",
            "count": 0
        },
        {
            "id": "61571362785699",
            "count": 0
        },
        {
            "id": "100089579857797",
            "count": 0
        },
        {
            "id": "61571331127819",
            "count": 0
        },
        {
            "id": "61568317929765",
            "count": 0
        },
        {
            "id": "61557808124928",
            "count": 0
        },
        {
            "id": "61561448770870",
            "count": 0
        },
        {
            "id": "61566475921201",
            "count": 0
        },
        {
            "id": "61563808487506",
            "count": 0
        },
        {
            "id": "61558263981373",
            "count": 0
        },
        {
            "id": "61571443712899",
            "count": 0
        },
        {
            "id": "61569340830917",
            "count": 0
        },
        {
            "id": "100061787156554",
            "count": 0
        },
        {
            "id": "100002631410182",
            "count": 0
        },
        {
            "id": "100090467853360",
            "count": 0
        },
        {
            "id": "61571836791820",
            "count": 0
        },
        {
            "id": "61568356923538",
            "count": 0
        },
        {
            "id": "100070825904275",
            "count": 0
        },
        {
            "id": "61571417871696",
            "count": 0
        },
        {
            "id": "100082587113557",
            "count": 0
        },
        {
            "id": "61571698786411",
            "count": 0
        },
        {
            "id": "61569321846582",
            "count": 0
        },
        {
            "id": "61571784239799",
            "count": 0
        },
        {
            "id": "61564484181729",
            "count": 0
        },
        {
            "id": "100061410895349",
            "count": 0
        },
        {
            "id": "61567664729660",
            "count": 0
        },
        {
            "id": "100085847163934",
            "count": 0
        },
        {
            "id": "61568119377019",
            "count": 0
        },
        {
            "id": "100095166425727",
            "count": 0
        },
        {
            "id": "100059389932659",
            "count": 0
        },
        {
            "id": "100076784088446",
            "count": 0
        },
        {
            "id": "61571334914376",
            "count": 0
        },
        {
            "id": "100010594720544",
            "count": 0
        },
        {
            "id": "61571712796213",
            "count": 0
        },
        {
            "id": "61555960933454",
            "count": 0
        },
        {
            "id": "61567533321767",
            "count": 0
        },
        {
            "id": "61570824721918",
            "count": 0
        },
        {
            "id": "100015791464864",
            "count": 0
        },
        {
            "id": "61571234832874",
            "count": 0
        },
        {
            "id": "100042616489960",
            "count": 0
        },
        {
            "id": "100094318517247",
            "count": 0
        },
        {
            "id": "61552726545376",
            "count": 0
        },
        {
            "id": "100049575617757",
            "count": 0
        },
        {
            "id": "61567060252423",
            "count": 0
        },
        {
            "id": "61566957557019",
            "count": 0
        },
        {
            "id": "61554598295659",
            "count": 0
        },
        {
            "id": "61567808354446",
            "count": 0
        },
        {
            "id": "61554113583716",
            "count": 0
        },
        {
            "id": "61566554318852",
            "count": 0
        },
        {
            "id": "61568346724930",
            "count": 0
        },
        {
            "id": "61571387097309",
            "count": 0
        },
        {
            "id": "100074622597284",
            "count": 0
        },
        {
            "id": "61551403107011",
            "count": 0
        },
        {
            "id": "61560264233382",
            "count": 0
        },
        {
            "id": "61571223012028",
            "count": 0
        },
        {
            "id": "100094355163491",
            "count": 0
        },
        {
            "id": "61571483604413",
            "count": 0
        },
        {
            "id": "100000378785496",
            "count": 0
        },
        {
            "id": "100063574704303",
            "count": 0
        },
        {
            "id": "61571380602803",
            "count": 0
        },
        {
            "id": "61571670553620",
            "count": 0
        },
        {
            "id": "61571885231114",
            "count": 0
        },
        {
            "id": "61568328863352",
            "count": 0
        },
        {
            "id": "100057495896324",
            "count": 0
        },
        {
            "id": "61551766036806",
            "count": 0
        },
        {
            "id": "100073983654860",
            "count": 0
        },
        {
            "id": "100087426266396",
            "count": 0
        },
        {
            "id": "61572383274072",
            "count": 0
        },
        {
            "id": "61570784452147",
            "count": 0
        },
        {
            "id": "61561208877088",
            "count": 0
        },
        {
            "id": "61550522323673",
            "count": 0
        },
        {
            "id": "61571405408047",
            "count": 0
        },
        {
            "id": "100005598254907",
            "count": 0
        },
        {
            "id": "100077466008724",
            "count": 0
        },
        {
            "id": "61572248970792",
            "count": 0
        },
        {
            "id": "61571605716523",
            "count": 0
        },
        {
            "id": "100074386672414",
            "count": 0
        },
        {
            "id": "100091913671908",
            "count": 0
        },
        {
            "id": "61565948507391",
            "count": 0
        },
        {
            "id": "61561747683161",
            "count": 0
        },
        {
            "id": "61561779402036",
            "count": 0
        },
        {
            "id": "61563879021155",
            "count": 0
        },
        {
            "id": "61567034960489",
            "count": 0
        },
        {
            "id": "61569821945462",
            "count": 0
        },
        {
            "id": "61571356482760",
            "count": 0
        },
        {
            "id": "61558973032236",
            "count": 0
        },
        {
            "id": "100095358885896",
            "count": 0
        },
        {
            "id": "61571916240425",
            "count": 0
        },
        {
            "id": "100085666955529",
            "count": 0
        },
        {
            "id": "61556567601905",
            "count": 0
        },
        {
            "id": "100073242837351",
            "count": 0
        },
        {
            "id": "100001979654818",
            "count": 0
        },
        {
            "id": "61566569154732",
            "count": 0
        },
        {
            "id": "61567710481225",
            "count": 0
        },
        {
            "id": "61571334403861",
            "count": 0
        },
        {
            "id": "61566140922705",
            "count": 0
        },
        {
            "id": "61572406402487",
            "count": 0
        },
        {
            "id": "61569811360755",
            "count": 0
        },
        {
            "id": "61569899327213",
            "count": 0
        },
        {
            "id": "61571850037077",
            "count": 0
        },
        {
            "id": "61572217977869",
            "count": 0
        },
        {
            "id": "61571826308849",
            "count": 0
        },
        {
            "id": "61558087017845",
            "count": 0
        },
        {
            "id": "100085035665122",
            "count": 0
        },
        {
            "id": "61555677119841",
            "count": 0
        },
        {
            "id": "61571917277744",
            "count": 0
        },
        {
            "id": "61572237815785",
            "count": 0
        },
        {
            "id": "100083317763854",
            "count": 0
        },
        {
            "id": "61571564624420",
            "count": 0
        },
        {
            "id": "61567882902028",
            "count": 0
        },
        {
            "id": "100012928187888",
            "count": 0
        },
        {
            "id": "100064594053508",
            "count": 0
        },
        {
            "id": "61571991512284",
            "count": 0
        },
        {
            "id": "61572296254222",
            "count": 0
        },
        {
            "id": "61571052689026",
            "count": 0
        },
        {
            "id": "61571097097190",
            "count": 0
        },
        {
            "id": "61570474063151",
            "count": 0
        },
        {
            "id": "61572465262666",
            "count": 0
        },
        {
            "id": "61569571126637",
            "count": 0
        },
        {
            "id": "61570837976522",
            "count": 0
        },
        {
            "id": "61561482508028",
            "count": 0
        },
        {
            "id": "61560573985492",
            "count": 0
        },
        {
            "id": "61561625087085",
            "count": 0
        },
        {
            "id": "61572482068678",
            "count": 0
        },
        {
            "id": "100078673652050",
            "count": 0
        },
        {
            "id": "100055383292604",
            "count": 0
        },
        {
            "id": "100091249490865",
            "count": 0
        },
        {
            "id": "61557927074251",
            "count": 0
        },
        {
            "id": "61565946773812",
            "count": 0
        },
        {
            "id": "100090892196760",
            "count": 0
        },
        {
            "id": "100081129472580",
            "count": 0
        },
        {
            "id": "61551077575557",
            "count": 0
        },
        {
            "id": "100084796458234",
            "count": 0
        },
        {
            "id": "100028328071682",
            "count": 0
        },
        {
            "id": "61572212002290",
            "count": 0
        },
        {
            "id": "61572273728804",
            "count": 0
        },
        {
            "id": "61571976583529",
            "count": 0
        },
        {
            "id": "61560093747983",
            "count": 0
        },
        {
            "id": "61563068168423",
            "count": 0
        },
        {
            "id": "100081465667857",
            "count": 0
        },
        {
            "id": "61572243192355",
            "count": 0
        },
        {
            "id": "100001662326456",
            "count": 0
        },
        {
            "id": "61571427989584",
            "count": 2
        },
        {
            "id": "100084201306987",
            "count": 0
        },
        {
            "id": "61571371101458",
            "count": 0
        },
        {
            "id": "100094085015736",
            "count": 0
        },
        {
            "id": "100021153165538",
            "count": 0
        },
        {
            "id": "61572554541764",
            "count": 0
        },
        {
            "id": "100076123805214",
            "count": 0
        },
        {
            "id": "61569243666001",
            "count": 0
        },
        {
            "id": "61571603442263",
            "count": 0
        },
        {
            "id": "61564159633542",
            "count": 0
        },
        {
            "id": "61571125647608",
            "count": 0
        },
        {
            "id": "61572466768382",
            "count": 0
        },
        {
            "id": "61572218251858",
            "count": 0
        },
        {
            "id": "61571577178580",
            "count": 0
        },
        {
            "id": "61572429149250",
            "count": 0
        },
        {
            "id": "61572823043170",
            "count": 0
        },
        {
            "id": "61564475267397",
            "count": 0
        },
        {
            "id": "61572785663653",
            "count": 0
        },
        {
            "id": "61567693361624",
            "count": 0
        },
        {
            "id": "61562455612763",
            "count": 0
        },
        {
            "id": "61564522978962",
            "count": 0
        },
        {
            "id": "61571543158309",
            "count": 0
        },
        {
            "id": "61567138000344",
            "count": 0
        },
        {
            "id": "100090705864262",
            "count": 0
        },
        {
            "id": "100061801101688",
            "count": 0
        },
        {
            "id": "100030061660458",
            "count": 0
        },
        {
            "id": "100043685948688",
            "count": 0
        },
        {
            "id": "100081333699177",
            "count": 0
        },
        {
            "id": "61562745330144",
            "count": 0
        },
        {
            "id": "100082550240081",
            "count": 0
        },
        {
            "id": "61574209130699",
            "count": 0
        }
    ],
    "time": 3,
    "last": {
        "time": 3,
        "day": [
            {
                "id": "100077714715952",
                "count": 0
            },
            {
                "id": "61565803086788",
                "count": 0
            },
            {
                "id": "61563084328343",
                "count": 0
            },
            {
                "id": "61566848227862",
                "count": 0
            },
            {
                "id": "61559627891058",
                "count": 0
            },
            {
                "id": "61564220578621",
                "count": 0
            },
            {
                "id": "61551456299061",
                "count": 0
            },
            {
                "id": "61566675763943",
                "count": 0
            },
            {
                "id": "61554239283164",
                "count": 0
            },
            {
                "id": "61554221615168",
                "count": 0
            },
            {
                "id": "61560463904132",
                "count": 0
            },
            {
                "id": "61568405674145",
                "count": 0
            },
            {
                "id": "61570399054669",
                "count": 0
            },
            {
                "id": "61561663345497",
                "count": 0
            },
            {
                "id": "100091879152320",
                "count": 0
            },
            {
                "id": "61557621131828",
                "count": 0
            },
            {
                "id": "61552419938274",
                "count": 0
            },
            {
                "id": "61570880256951",
                "count": 0
            },
            {
                "id": "61569367052219",
                "count": 0
            },
            {
                "id": "61567193416998",
                "count": 0
            },
            {
                "id": "61571368386154",
                "count": 0
            },
            {
                "id": "61558120704985",
                "count": 0
            },
            {
                "id": "100076649174161",
                "count": 0
            },
            {
                "id": "61562193590749",
                "count": 0
            },
            {
                "id": "100079171944898",
                "count": 0
            },
            {
                "id": "61563145959774",
                "count": 0
            },
            {
                "id": "100073930212916",
                "count": 0
            },
            {
                "id": "100082303125966",
                "count": 0
            },
            {
                "id": "100093673718250",
                "count": 0
            },
            {
                "id": "61556971643166",
                "count": 0
            },
            {
                "id": "61565890842839",
                "count": 0
            },
            {
                "id": "61565883616605",
                "count": 0
            },
            {
                "id": "61561421082553",
                "count": 0
            },
            {
                "id": "61568070343199",
                "count": 0
            },
            {
                "id": "100089017467159",
                "count": 0
            },
            {
                "id": "61552134984317",
                "count": 0
            },
            {
                "id": "61571362785699",
                "count": 0
            },
            {
                "id": "100089579857797",
                "count": 0
            },
            {
                "id": "61571331127819",
                "count": 0
            },
            {
                "id": "61568317929765",
                "count": 0
            },
            {
                "id": "61557808124928",
                "count": 0
            },
            {
                "id": "61561448770870",
                "count": 0
            },
            {
                "id": "61566475921201",
                "count": 0
            },
            {
                "id": "61563808487506",
                "count": 0
            },
            {
                "id": "61558263981373",
                "count": 0
            },
            {
                "id": "61571443712899",
                "count": 0
            },
            {
                "id": "61569340830917",
                "count": 0
            },
            {
                "id": "100061787156554",
                "count": 0
            },
            {
                "id": "100002631410182",
                "count": 0
            },
            {
                "id": "100090467853360",
                "count": 0
            },
            {
                "id": "61571836791820",
                "count": 0
            },
            {
                "id": "61568356923538",
                "count": 0
            },
            {
                "id": "100070825904275",
                "count": 0
            },
            {
                "id": "61571417871696",
                "count": 0
            },
            {
                "id": "100082587113557",
                "count": 0
            },
            {
                "id": "61571698786411",
                "count": 0
            },
            {
                "id": "61569321846582",
                "count": 0
            },
            {
                "id": "61571784239799",
                "count": 0
            },
            {
                "id": "61564484181729",
                "count": 0
            },
            {
                "id": "100061410895349",
                "count": 0
            },
            {
                "id": "61567664729660",
                "count": 0
            },
            {
                "id": "100085847163934",
                "count": 0
            },
            {
                "id": "61568119377019",
                "count": 0
            },
            {
                "id": "100095166425727",
                "count": 0
            },
            {
                "id": "100059389932659",
                "count": 0
            },
            {
                "id": "100076784088446",
                "count": 0
            },
            {
                "id": "61571334914376",
                "count": 0
            },
            {
                "id": "100010594720544",
                "count": 0
            },
            {
                "id": "61571712796213",
                "count": 0
            },
            {
                "id": "61555960933454",
                "count": 0
            },
            {
                "id": "61567533321767",
                "count": 0
            },
            {
                "id": "61570824721918",
                "count": 0
            },
            {
                "id": "100015791464864",
                "count": 0
            },
            {
                "id": "61571234832874",
                "count": 0
            },
            {
                "id": "100042616489960",
                "count": 0
            },
            {
                "id": "100094318517247",
                "count": 0
            },
            {
                "id": "61552726545376",
                "count": 0
            },
            {
                "id": "100049575617757",
                "count": 0
            },
            {
                "id": "61567060252423",
                "count": 0
            },
            {
                "id": "61566957557019",
                "count": 0
            },
            {
                "id": "61554598295659",
                "count": 0
            },
            {
                "id": "61567808354446",
                "count": 0
            },
            {
                "id": "61554113583716",
                "count": 0
            },
            {
                "id": "61566554318852",
                "count": 0
            },
            {
                "id": "61568346724930",
                "count": 0
            },
            {
                "id": "61571387097309",
                "count": 0
            },
            {
                "id": "100074622597284",
                "count": 0
            },
            {
                "id": "61551403107011",
                "count": 0
            },
            {
                "id": "61560264233382",
                "count": 0
            },
            {
                "id": "61571223012028",
                "count": 0
            },
            {
                "id": "100094355163491",
                "count": 0
            },
            {
                "id": "61571483604413",
                "count": 0
            },
            {
                "id": "100000378785496",
                "count": 0
            },
            {
                "id": "100063574704303",
                "count": 0
            },
            {
                "id": "61571380602803",
                "count": 0
            },
            {
                "id": "61571670553620",
                "count": 0
            },
            {
                "id": "61571885231114",
                "count": 0
            },
            {
                "id": "61568328863352",
                "count": 0
            },
            {
                "id": "100057495896324",
                "count": 0
            },
            {
                "id": "61551766036806",
                "count": 0
            },
            {
                "id": "100073983654860",
                "count": 0
            },
            {
                "id": "100087426266396",
                "count": 0
            },
            {
                "id": "61572383274072",
                "count": 0
            },
            {
                "id": "61570784452147",
                "count": 0
            },
            {
                "id": "61561208877088",
                "count": 0
            },
            {
                "id": "61550522323673",
                "count": 0
            },
            {
                "id": "61571405408047",
                "count": 0
            },
            {
                "id": "100005598254907",
                "count": 0
            },
            {
                "id": "100077466008724",
                "count": 0
            },
            {
                "id": "61572248970792",
                "count": 0
            },
            {
                "id": "61571605716523",
                "count": 0
            },
            {
                "id": "100074386672414",
                "count": 0
            },
            {
                "id": "100091913671908",
                "count": 0
            },
            {
                "id": "61565948507391",
                "count": 0
            },
            {
                "id": "61561747683161",
                "count": 0
            },
            {
                "id": "61561779402036",
                "count": 0
            },
            {
                "id": "61563879021155",
                "count": 0
            },
            {
                "id": "61567034960489",
                "count": 0
            },
            {
                "id": "61569821945462",
                "count": 0
            },
            {
                "id": "61571356482760",
                "count": 0
            },
            {
                "id": "61558973032236",
                "count": 0
            },
            {
                "id": "100095358885896",
                "count": 0
            },
            {
                "id": "61571916240425",
                "count": 0
            },
            {
                "id": "100085666955529",
                "count": 0
            },
            {
                "id": "61556567601905",
                "count": 0
            },
            {
                "id": "100073242837351",
                "count": 0
            },
            {
                "id": "100001979654818",
                "count": 0
            },
            {
                "id": "61566569154732",
                "count": 0
            },
            {
                "id": "61567710481225",
                "count": 0
            },
            {
                "id": "61571334403861",
                "count": 0
            },
            {
                "id": "61566140922705",
                "count": 0
            },
            {
                "id": "61572406402487",
                "count": 0
            },
            {
                "id": "61569811360755",
                "count": 0
            },
            {
                "id": "61569899327213",
                "count": 0
            },
            {
                "id": "61571850037077",
                "count": 0
            },
            {
                "id": "61572217977869",
                "count": 0
            },
            {
                "id": "61571826308849",
                "count": 0
            },
            {
                "id": "61558087017845",
                "count": 0
            },
            {
                "id": "100085035665122",
                "count": 0
            },
            {
                "id": "61555677119841",
                "count": 0
            },
            {
                "id": "61571917277744",
                "count": 0
            },
            {
                "id": "61572237815785",
                "count": 0
            },
            {
                "id": "100083317763854",
                "count": 0
            },
            {
                "id": "61571564624420",
                "count": 0
            },
            {
                "id": "61567882902028",
                "count": 0
            },
            {
                "id": "100012928187888",
                "count": 0
            },
            {
                "id": "100064594053508",
                "count": 0
            },
            {
                "id": "61571991512284",
                "count": 0
            },
            {
                "id": "61572296254222",
                "count": 0
            },
            {
                "id": "61571052689026",
                "count": 0
            },
            {
                "id": "61571097097190",
                "count": 0
            },
            {
                "id": "61570474063151",
                "count": 0
            },
            {
                "id": "61572465262666",
                "count": 0
            },
            {
                "id": "61569571126637",
                "count": 0
            },
            {
                "id": "61570837976522",
                "count": 0
            },
            {
                "id": "61561482508028",
                "count": 0
            },
            {
                "id": "61560573985492",
                "count": 0
            },
            {
                "id": "61561625087085",
                "count": 0
            },
            {
                "id": "61572482068678",
                "count": 0
            },
            {
                "id": "100078673652050",
                "count": 0
            },
            {
                "id": "100055383292604",
                "count": 0
            },
            {
                "id": "100091249490865",
                "count": 0
            },
            {
                "id": "61557927074251",
                "count": 0
            },
            {
                "id": "61565946773812",
                "count": 0
            },
            {
                "id": "100090892196760",
                "count": 0
            },
            {
                "id": "100081129472580",
                "count": 0
            },
            {
                "id": "61551077575557",
                "count": 0
            },
            {
                "id": "100084796458234",
                "count": 0
            },
            {
                "id": "100028328071682",
                "count": 0
            },
            {
                "id": "61572212002290",
                "count": 0
            },
            {
                "id": "61572273728804",
                "count": 0
            },
            {
                "id": "61571976583529",
                "count": 0
            },
            {
                "id": "61560093747983",
                "count": 0
            },
            {
                "id": "61563068168423",
                "count": 0
            },
            {
                "id": "100081465667857",
                "count": 0
            },
            {
                "id": "61572243192355",
                "count": 0
            },
            {
                "id": "100001662326456",
                "count": 0
            },
            {
                "id": "61571427989584",
                "count": 0
            },
            {
                "id": "100084201306987",
                "count": 0
            },
            {
                "id": "61571371101458",
                "count": 0
            },
            {
                "id": "100094085015736",
                "count": 0
            },
            {
                "id": "100021153165538",
                "count": 0
            },
            {
                "id": "61572554541764",
                "count": 0
            },
            {
                "id": "100076123805214",
                "count": 0
            },
            {
                "id": "61569243666001",
                "count": 0
            },
            {
                "id": "61571603442263",
                "count": 0
            },
            {
                "id": "61564159633542",
                "count": 0
            },
            {
                "id": "61571125647608",
                "count": 0
            },
            {
                "id": "61572466768382",
                "count": 0
            },
            {
                "id": "61572218251858",
                "count": 0
            },
            {
                "id": "61571577178580",
                "count": 0
            },
            {
                "id": "61572429149250",
                "count": 0
            },
            {
                "id": "61572823043170",
                "count": 0
            },
            {
                "id": "61564475267397",
                "count": 0
            },
            {
                "id": "61572785663653",
                "count": 0
            },
            {
                "id": "61567693361624",
                "count": 0
            },
            {
                "id": "61562455612763",
                "count": 0
            },
            {
                "id": "61564522978962",
                "count": 0
            },
            {
                "id": "61571543158309",
                "count": 0
            },
            {
                "id": "61567138000344",
                "count": 0
            },
            {
                "id": "100090705864262",
                "count": 0
            },
            {
                "id": "100061801101688",
                "count": 0
            },
            {
                "id": "100030061660458",
                "count": 0
            },
            {
                "id": "100043685948688",
                "count": 0
            },
            {
                "id": "100081333699177",
                "count": 0
            },
            {
                "id": "61562745330144",
                "count": 0
            },
            {
                "id": "100082550240081",
                "count": 0
            },
            {
                "id": "61574209130699",
                "count": 0
            }
        ],
        "week": [
            {
                "id": "100077714715952",
                "count": 0
            },
            {
                "id": "61565803086788",
                "count": 0
            },
            {
                "id": "61563084328343",
                "count": 0
            },
            {
                "id": "61566848227862",
                "count": 0
            },
            {
                "id": "61559627891058",
                "count": 0
            },
            {
                "id": "61564220578621",
                "count": 0
            },
            {
                "id": "61551456299061",
                "count": 0
            },
            {
                "id": "61566675763943",
                "count": 0
            },
            {
                "id": "61554239283164",
                "count": 0
            },
            {
                "id": "61554221615168",
                "count": 0
            },
            {
                "id": "61560463904132",
                "count": 0
            },
            {
                "id": "61568405674145",
                "count": 0
            },
            {
                "id": "61570399054669",
                "count": 0
            },
            {
                "id": "61561663345497",
                "count": 0
            },
            {
                "id": "100091879152320",
                "count": 0
            },
            {
                "id": "61557621131828",
                "count": 0
            },
            {
                "id": "61552419938274",
                "count": 0
            },
            {
                "id": "61570880256951",
                "count": 0
            },
            {
                "id": "61569367052219",
                "count": 0
            },
            {
                "id": "61567193416998",
                "count": 0
            },
            {
                "id": "61571368386154",
                "count": 0
            },
            {
                "id": "61558120704985",
                "count": 0
            },
            {
                "id": "100076649174161",
                "count": 0
            },
            {
                "id": "61562193590749",
                "count": 0
            },
            {
                "id": "100079171944898",
                "count": 0
            },
            {
                "id": "61563145959774",
                "count": 0
            },
            {
                "id": "100073930212916",
                "count": 0
            },
            {
                "id": "100082303125966",
                "count": 0
            },
            {
                "id": "100093673718250",
                "count": 0
            },
            {
                "id": "61556971643166",
                "count": 0
            },
            {
                "id": "61565890842839",
                "count": 0
            },
            {
                "id": "61565883616605",
                "count": 0
            },
            {
                "id": "61561421082553",
                "count": 0
            },
            {
                "id": "61568070343199",
                "count": 0
            },
            {
                "id": "100089017467159",
                "count": 0
            },
            {
                "id": "61552134984317",
                "count": 0
            },
            {
                "id": "61571362785699",
                "count": 0
            },
            {
                "id": "100089579857797",
                "count": 0
            },
            {
                "id": "61571331127819",
                "count": 0
            },
            {
                "id": "61568317929765",
                "count": 0
            },
            {
                "id": "61557808124928",
                "count": 0
            },
            {
                "id": "61561448770870",
                "count": 0
            },
            {
                "id": "61566475921201",
                "count": 0
            },
            {
                "id": "61563808487506",
                "count": 0
            },
            {
                "id": "61558263981373",
                "count": 0
            },
            {
                "id": "61571443712899",
                "count": 0
            },
            {
                "id": "61569340830917",
                "count": 0
            },
            {
                "id": "100061787156554",
                "count": 0
            },
            {
                "id": "100002631410182",
                "count": 0
            },
            {
                "id": "100090467853360",
                "count": 0
            },
            {
                "id": "61571836791820",
                "count": 0
            },
            {
                "id": "61568356923538",
                "count": 0
            },
            {
                "id": "100070825904275",
                "count": 0
            },
            {
                "id": "61571417871696",
                "count": 0
            },
            {
                "id": "100082587113557",
                "count": 0
            },
            {
                "id": "61571698786411",
                "count": 0
            },
            {
                "id": "61569321846582",
                "count": 0
            },
            {
                "id": "61571784239799",
                "count": 0
            },
            {
                "id": "61564484181729",
                "count": 0
            },
            {
                "id": "100061410895349",
                "count": 0
            },
            {
                "id": "61567664729660",
                "count": 0
            },
            {
                "id": "100085847163934",
                "count": 0
            },
            {
                "id": "61568119377019",
                "count": 0
            },
            {
                "id": "100095166425727",
                "count": 0
            },
            {
                "id": "100059389932659",
                "count": 0
            },
            {
                "id": "100076784088446",
                "count": 0
            },
            {
                "id": "61571334914376",
                "count": 0
            },
            {
                "id": "100010594720544",
                "count": 0
            },
            {
                "id": "61571712796213",
                "count": 0
            },
            {
                "id": "61555960933454",
                "count": 0
            },
            {
                "id": "61567533321767",
                "count": 0
            },
            {
                "id": "61570824721918",
                "count": 0
            },
            {
                "id": "100015791464864",
                "count": 0
            },
            {
                "id": "61571234832874",
                "count": 0
            },
            {
                "id": "100042616489960",
                "count": 0
            },
            {
                "id": "100094318517247",
                "count": 0
            },
            {
                "id": "61552726545376",
                "count": 0
            },
            {
                "id": "100049575617757",
                "count": 0
            },
            {
                "id": "61567060252423",
                "count": 0
            },
            {
                "id": "61566957557019",
                "count": 0
            },
            {
                "id": "61554598295659",
                "count": 0
            },
            {
                "id": "61567808354446",
                "count": 0
            },
            {
                "id": "61554113583716",
                "count": 0
            },
            {
                "id": "61566554318852",
                "count": 0
            },
            {
                "id": "61568346724930",
                "count": 0
            },
            {
                "id": "61571387097309",
                "count": 0
            },
            {
                "id": "100074622597284",
                "count": 0
            },
            {
                "id": "61551403107011",
                "count": 0
            },
            {
                "id": "61560264233382",
                "count": 0
            },
            {
                "id": "61571223012028",
                "count": 0
            },
            {
                "id": "100094355163491",
                "count": 0
            },
            {
                "id": "61571483604413",
                "count": 0
            },
            {
                "id": "100000378785496",
                "count": 0
            },
            {
                "id": "100063574704303",
                "count": 0
            },
            {
                "id": "61571380602803",
                "count": 0
            },
            {
                "id": "61571670553620",
                "count": 0
            },
            {
                "id": "61571885231114",
                "count": 0
            },
            {
                "id": "61568328863352",
                "count": 0
            },
            {
                "id": "100057495896324",
                "count": 0
            },
            {
                "id": "61551766036806",
                "count": 0
            },
            {
                "id": "100073983654860",
                "count": 0
            },
            {
                "id": "100087426266396",
                "count": 0
            },
            {
                "id": "61572383274072",
                "count": 0
            },
            {
                "id": "61570784452147",
                "count": 0
            },
            {
                "id": "61561208877088",
                "count": 0
            },
            {
                "id": "61550522323673",
                "count": 0
            },
            {
                "id": "61571405408047",
                "count": 0
            },
            {
                "id": "100005598254907",
                "count": 0
            },
            {
                "id": "100077466008724",
                "count": 0
            },
            {
                "id": "61572248970792",
                "count": 0
            },
            {
                "id": "61571605716523",
                "count": 0
            },
            {
                "id": "100074386672414",
                "count": 0
            },
            {
                "id": "100091913671908",
                "count": 0
            },
            {
                "id": "61565948507391",
                "count": 0
            },
            {
                "id": "61561747683161",
                "count": 0
            },
            {
                "id": "61561779402036",
                "count": 0
            },
            {
                "id": "61563879021155",
                "count": 0
            },
            {
                "id": "61567034960489",
                "count": 0
            },
            {
                "id": "61569821945462",
                "count": 0
            },
            {
                "id": "61571356482760",
                "count": 0
            },
            {
                "id": "61558973032236",
                "count": 0
            },
            {
                "id": "100095358885896",
                "count": 0
            },
            {
                "id": "61571916240425",
                "count": 0
            },
            {
                "id": "100085666955529",
                "count": 0
            },
            {
                "id": "61556567601905",
                "count": 0
            },
            {
                "id": "100073242837351",
                "count": 0
            },
            {
                "id": "100001979654818",
                "count": 0
            },
            {
                "id": "61566569154732",
                "count": 0
            },
            {
                "id": "61567710481225",
                "count": 0
            },
            {
                "id": "61571334403861",
                "count": 0
            },
            {
                "id": "61566140922705",
                "count": 0
            },
            {
                "id": "61572406402487",
                "count": 0
            },
            {
                "id": "61569811360755",
                "count": 0
            },
            {
                "id": "61569899327213",
                "count": 0
            },
            {
                "id": "61571850037077",
                "count": 0
            },
            {
                "id": "61572217977869",
                "count": 0
            },
            {
                "id": "61571826308849",
                "count": 0
            },
            {
                "id": "61558087017845",
                "count": 0
            },
            {
                "id": "100085035665122",
                "count": 0
            },
            {
                "id": "61555677119841",
                "count": 0
            },
            {
                "id": "61571917277744",
                "count": 0
            },
            {
                "id": "61572237815785",
                "count": 0
            },
            {
                "id": "100083317763854",
                "count": 0
            },
            {
                "id": "61571564624420",
                "count": 0
            },
            {
                "id": "61567882902028",
                "count": 0
            },
            {
                "id": "100012928187888",
                "count": 0
            },
            {
                "id": "100064594053508",
                "count": 0
            },
            {
                "id": "61571991512284",
                "count": 0
            },
            {
                "id": "61572296254222",
                "count": 0
            },
            {
                "id": "61571052689026",
                "count": 0
            },
            {
                "id": "61571097097190",
                "count": 0
            },
            {
                "id": "61570474063151",
                "count": 0
            },
            {
                "id": "61572465262666",
                "count": 0
            },
            {
                "id": "61569571126637",
                "count": 0
            },
            {
                "id": "61570837976522",
                "count": 0
            },
            {
                "id": "61561482508028",
                "count": 0
            },
            {
                "id": "61560573985492",
                "count": 0
            },
            {
                "id": "61561625087085",
                "count": 0
            },
            {
                "id": "61572482068678",
                "count": 0
            },
            {
                "id": "100078673652050",
                "count": 0
            },
            {
                "id": "100055383292604",
                "count": 0
            },
            {
                "id": "100091249490865",
                "count": 0
            },
            {
                "id": "61557927074251",
                "count": 0
            },
            {
                "id": "61565946773812",
                "count": 0
            },
            {
                "id": "100090892196760",
                "count": 0
            },
            {
                "id": "100081129472580",
                "count": 0
            },
            {
                "id": "61551077575557",
                "count": 0
            },
            {
                "id": "100084796458234",
                "count": 0
            },
            {
                "id": "100028328071682",
                "count": 0
            },
            {
                "id": "61572212002290",
                "count": 0
            },
            {
                "id": "61572273728804",
                "count": 0
            },
            {
                "id": "61571976583529",
                "count": 0
            },
            {
                "id": "61560093747983",
                "count": 0
            },
            {
                "id": "61563068168423",
                "count": 0
            },
            {
                "id": "100081465667857",
                "count": 0
            },
            {
                "id": "61572243192355",
                "count": 0
            },
            {
                "id": "100001662326456",
                "count": 0
            },
            {
                "id": "61571427989584",
                "count": 0
            },
            {
                "id": "100084201306987",
                "count": 0
            },
            {
                "id": "61571371101458",
                "count": 0
            },
            {
                "id": "100094085015736",
                "count": 0
            },
            {
                "id": "100021153165538",
                "count": 0
            },
            {
                "id": "61572554541764",
                "count": 0
            },
            {
                "id": "100076123805214",
                "count": 0
            },
            {
                "id": "61569243666001",
                "count": 0
            },
            {
                "id": "61571603442263",
                "count": 0
            },
            {
                "id": "61564159633542",
                "count": 0
            },
            {
                "id": "61571125647608",
                "count": 0
            },
            {
                "id": "61572466768382",
                "count": 0
            },
            {
                "id": "61572218251858",
                "count": 0
            },
            {
                "id": "61571577178580",
                "count": 0
            },
            {
                "id": "61572429149250",
                "count": 0
            },
            {
                "id": "61572823043170",
                "count": 0
            },
            {
                "id": "61564475267397",
                "count": 0
            },
            {
                "id": "61572785663653",
                "count": 0
            },
            {
                "id": "61567693361624",
                "count": 0
            },
            {
                "id": "61562455612763",
                "count": 0
            },
            {
                "id": "61564522978962",
                "count": 0
            },
            {
                "id": "61571543158309",
                "count": 0
            },
            {
                "id": "61567138000344",
                "count": 0
            },
            {
                "id": "100090705864262",
                "count": 0
            },
            {
                "id": "100061801101688",
                "count": 0
            },
            {
                "id": "100030061660458",
                "count": 0
            },
            {
                "id": "100043685948688",
                "count": 0
            },
            {
                "id": "100081333699177",
                "count": 0
            },
            {
                "id": "61562745330144",
                "count": 0
            },
            {
                "id": "100082550240081",
                "count": 0
            },
            {
                "id": "61574209130699",
                "count": 0
            }
        ]
    }
}