{
    "total": [
        {
            "id": "100092265180435",
            "count": 0
        },
        {
            "id": "61572941954453",
            "count": 0
        },
        {
            "id": "61555671868915",
            "count": 0
        },
        {
            "id": "61573422262134",
            "count": 0
        },
        {
            "id": "61572984185009",
            "count": 0
        },
        {
            "id": "61573026748956",
            "count": 0
        },
        {
            "id": "100002631410182",
            "count": 0
        },
        {
            "id": "61572986221173",
            "count": 0
        },
        {
            "id": "61573173200726",
            "count": 0
        },
        {
            "id": "61572858106033",
            "count": 0
        },
        {
            "id": "61573549014752",
            "count": 0
        },
        {
            "id": "100026244009179",
            "count": 0
        },
        {
            "id": "61573202892716",
            "count": 0
        },
        {
            "id": "61573373335565",
            "count": 0
        },
        {
            "id": "61562408587729",
            "count": 0
        },
        {
            "id": "61573102081752",
            "count": 0
        },
        {
            "id": "100003272598601",
            "count": 0
        },
        {
            "id": "61573400055349",
            "count": 0
        },
        {
            "id": "61573394683669",
            "count": 0
        },
        {
            "id": "61573799008249",
            "count": 0
        },
        {
            "id": "61571160765784",
            "count": 0
        },
        {
            "id": "100003532127581",
            "count": 0
        },
        {
            "id": "61573277657669",
            "count": 0
        },
        {
            "id": "100004714873206",
            "count": 0
        },
        {
            "id": "61573702954807",
            "count": 0
        },
        {
            "id": "61573991451998",
            "count": 0
        },
        {
            "id": "61573200167982",
            "count": 0
        },
        {
            "id": "61573972193774",
            "count": 0
        },
        {
            "id": "100002514163694",
            "count": 0
        },
        {
            "id": "61573370273940",
            "count": 0
        },
        {
            "id": "100002053380446",
            "count": 0
        },
        {
            "id": "61573975582860",
            "count": 0
        },
        {
            "id": "100004208084291",
            "count": 0
        },
        {
            "id": "61573834771020",
            "count": 0
        },
        {
            "id": "61566794587338",
            "count": 0
        },
        {
            "id": "100088488834383",
            "count": 0
        },
        {
            "id": "61573793372866",
            "count": 0
        },
        {
            "id": "61573867557333",
            "count": 0
        },
        {
            "id": "61573723116816",
            "count": 0
        },
        {
            "id": "61573647969842",
            "count": 0
        },
        {
            "id": "61573777054546",
            "count": 0
        },
        {
            "id": "61571626403255",
            "count": 0
        },
        {
            "id": "61573529145713",
            "count": 0
        },
        {
            "id": "61573565296002",
            "count": 0
        },
        {
            "id": "61573748466935",
            "count": 0
        },
        {
            "id": "61573659100790",
            "count": 0
        },
        {
            "id": "61573732417461",
            "count": 0
        },
        {
            "id": "61573867048528",
            "count": 0
        },
        {
            "id": "61573916759463",
            "count": 0
        },
        {
            "id": "61573521617524",
            "count": 0
        },
        {
            "id": "61573686251419",
            "count": 0
        },
        {
            "id": "61573622383814",
            "count": 0
        },
        {
            "id": "61573592385914",
            "count": 0
        },
        {
            "id": "61573812275901",
            "count": 0
        },
        {
            "id": "61573512192946",
            "count": 2
        }
    ],
    "week": [
        {
            "id": "100092265180435",
            "count": 0
        },
        {
            "id": "61572941954453",
            "count": 0
        },
        {
            "id": "61555671868915",
            "count": 0
        },
        {
            "id": "61573422262134",
            "count": 0
        },
        {
            "id": "61572984185009",
            "count": 0
        },
        {
            "id": "61573026748956",
            "count": 0
        },
        {
            "id": "100002631410182",
            "count": 0
        },
        {
            "id": "61572986221173",
            "count": 0
        },
        {
            "id": "61573173200726",
            "count": 0
        },
        {
            "id": "61572858106033",
            "count": 0
        },
        {
            "id": "61573549014752",
            "count": 0
        },
        {
            "id": "100026244009179",
            "count": 0
        },
        {
            "id": "61573202892716",
            "count": 0
        },
        {
            "id": "61573373335565",
            "count": 0
        },
        {
            "id": "61562408587729",
            "count": 0
        },
        {
            "id": "61573102081752",
            "count": 0
        },
        {
            "id": "100003272598601",
            "count": 0
        },
        {
            "id": "61573400055349",
            "count": 0
        },
        {
            "id": "61573394683669",
            "count": 0
        },
        {
            "id": "61573799008249",
            "count": 0
        },
        {
            "id": "61571160765784",
            "count": 0
        },
        {
            "id": "100003532127581",
            "count": 0
        },
        {
            "id": "61573277657669",
            "count": 0
        },
        {
            "id": "100004714873206",
            "count": 0
        },
        {
            "id": "61573702954807",
            "count": 0
        },
        {
            "id": "61573991451998",
            "count": 0
        },
        {
            "id": "61573200167982",
            "count": 0
        },
        {
            "id": "61573972193774",
            "count": 0
        },
        {
            "id": "100002514163694",
            "count": 0
        },
        {
            "id": "61573370273940",
            "count": 0
        },
        {
            "id": "100002053380446",
            "count": 0
        },
        {
            "id": "61573975582860",
            "count": 0
        },
        {
            "id": "100004208084291",
            "count": 0
        },
        {
            "id": "61573834771020",
            "count": 0
        },
        {
            "id": "61566794587338",
            "count": 0
        },
        {
            "id": "100088488834383",
            "count": 0
        },
        {
            "id": "61573793372866",
            "count": 0
        },
        {
            "id": "61573867557333",
            "count": 0
        },
        {
            "id": "61573723116816",
            "count": 0
        },
        {
            "id": "61573647969842",
            "count": 0
        },
        {
            "id": "61573777054546",
            "count": 0
        },
        {
            "id": "61571626403255",
            "count": 0
        },
        {
            "id": "61573529145713",
            "count": 0
        },
        {
            "id": "61573565296002",
            "count": 0
        },
        {
            "id": "61573748466935",
            "count": 0
        },
        {
            "id": "61573659100790",
            "count": 0
        },
        {
            "id": "61573732417461",
            "count": 0
        },
        {
            "id": "61573867048528",
            "count": 0
        },
        {
            "id": "61573916759463",
            "count": 0
        },
        {
            "id": "61573521617524",
            "count": 0
        },
        {
            "id": "61573686251419",
            "count": 0
        },
        {
            "id": "61573622383814",
            "count": 0
        },
        {
            "id": "61573592385914",
            "count": 0
        },
        {
            "id": "61573812275901",
            "count": 0
        },
        {
            "id": "61573512192946",
            "count": 2
        }
    ],
    "day": [
        {
            "id": "100092265180435",
            "count": 0
        },
        {
            "id": "61572941954453",
            "count": 0
        },
        {
            "id": "61555671868915",
            "count": 0
        },
        {
            "id": "61573422262134",
            "count": 0
        },
        {
            "id": "61572984185009",
            "count": 0
        },
        {
            "id": "61573026748956",
            "count": 0
        },
        {
            "id": "100002631410182",
            "count": 0
        },
        {
            "id": "61572986221173",
            "count": 0
        },
        {
            "id": "61573173200726",
            "count": 0
        },
        {
            "id": "61572858106033",
            "count": 0
        },
        {
            "id": "61573549014752",
            "count": 0
        },
        {
            "id": "100026244009179",
            "count": 0
        },
        {
            "id": "61573202892716",
            "count": 0
        },
        {
            "id": "61573373335565",
            "count": 0
        },
        {
            "id": "61562408587729",
            "count": 0
        },
        {
            "id": "61573102081752",
            "count": 0
        },
        {
            "id": "100003272598601",
            "count": 0
        },
        {
            "id": "61573400055349",
            "count": 0
        },
        {
            "id": "61573394683669",
            "count": 0
        },
        {
            "id": "61573799008249",
            "count": 0
        },
        {
            "id": "61571160765784",
            "count": 0
        },
        {
            "id": "100003532127581",
            "count": 0
        },
        {
            "id": "61573277657669",
            "count": 0
        },
        {
            "id": "100004714873206",
            "count": 0
        },
        {
            "id": "61573702954807",
            "count": 0
        },
        {
            "id": "61573991451998",
            "count": 0
        },
        {
            "id": "61573200167982",
            "count": 0
        },
        {
            "id": "61573972193774",
            "count": 0
        },
        {
            "id": "100002514163694",
            "count": 0
        },
        {
            "id": "61573370273940",
            "count": 0
        },
        {
            "id": "100002053380446",
            "count": 0
        },
        {
            "id": "61573975582860",
            "count": 0
        },
        {
            "id": "100004208084291",
            "count": 0
        },
        {
            "id": "61573834771020",
            "count": 0
        },
        {
            "id": "61566794587338",
            "count": 0
        },
        {
            "id": "100088488834383",
            "count": 0
        },
        {
            "id": "61573793372866",
            "count": 0
        },
        {
            "id": "61573867557333",
            "count": 0
        },
        {
            "id": "61573723116816",
            "count": 0
        },
        {
            "id": "61573647969842",
            "count": 0
        },
        {
            "id": "61573777054546",
            "count": 0
        },
        {
            "id": "61571626403255",
            "count": 0
        },
        {
            "id": "61573529145713",
            "count": 0
        },
        {
            "id": "61573565296002",
            "count": 0
        },
        {
            "id": "61573748466935",
            "count": 0
        },
        {
            "id": "61573659100790",
            "count": 0
        },
        {
            "id": "61573732417461",
            "count": 0
        },
        {
            "id": "61573867048528",
            "count": 0
        },
        {
            "id": "61573916759463",
            "count": 0
        },
        {
            "id": "61573521617524",
            "count": 0
        },
        {
            "id": "61573686251419",
            "count": 0
        },
        {
            "id": "61573622383814",
            "count": 0
        },
        {
            "id": "61573592385914",
            "count": 0
        },
        {
            "id": "61573812275901",
            "count": 0
        },
        {
            "id": "61573512192946",
            "count": 2
        }
    ],
    "time": 3,
    "last": {
        "time": 5,
        "day": [
            {
                "id": "100092265180435",
                "count": 0
            },
            {
                "id": "61572941954453",
                "count": 0
            },
            {
                "id": "61555671868915",
                "count": 0
            },
            {
                "id": "61573422262134",
                "count": 0
            },
            {
                "id": "61572984185009",
                "count": 0
            },
            {
                "id": "61573026748956",
                "count": 0
            },
            {
                "id": "100002631410182",
                "count": 0
            },
            {
                "id": "61572986221173",
                "count": 0
            },
            {
                "id": "61573173200726",
                "count": 0
            },
            {
                "id": "61572858106033",
                "count": 0
            },
            {
                "id": "61573549014752",
                "count": 0
            },
            {
                "id": "100026244009179",
                "count": 0
            },
            {
                "id": "61573202892716",
                "count": 0
            },
            {
                "id": "61573373335565",
                "count": 0
            },
            {
                "id": "61562408587729",
                "count": 0
            },
            {
                "id": "61573102081752",
                "count": 0
            },
            {
                "id": "100003272598601",
                "count": 0
            },
            {
                "id": "61573400055349",
                "count": 0
            },
            {
                "id": "61573394683669",
                "count": 0
            },
            {
                "id": "61573799008249",
                "count": 0
            },
            {
                "id": "61571160765784",
                "count": 0
            },
            {
                "id": "100003532127581",
                "count": 0
            },
            {
                "id": "61573277657669",
                "count": 0
            },
            {
                "id": "100004714873206",
                "count": 0
            },
            {
                "id": "61573702954807",
                "count": 0
            },
            {
                "id": "61573991451998",
                "count": 0
            },
            {
                "id": "61573200167982",
                "count": 0
            },
            {
                "id": "61573972193774",
                "count": 0
            },
            {
                "id": "100002514163694",
                "count": 0
            },
            {
                "id": "61573370273940",
                "count": 0
            },
            {
                "id": "100002053380446",
                "count": 0
            },
            {
                "id": "61573975582860",
                "count": 0
            },
            {
                "id": "100004208084291",
                "count": 0
            },
            {
                "id": "61573834771020",
                "count": 0
            },
            {
                "id": "61566794587338",
                "count": 0
            },
            {
                "id": "100088488834383",
                "count": 0
            },
            {
                "id": "61573793372866",
                "count": 0
            },
            {
                "id": "61573867557333",
                "count": 0
            },
            {
                "id": "61573723116816",
                "count": 0
            },
            {
                "id": "61573647969842",
                "count": 0
            },
            {
                "id": "61573777054546",
                "count": 0
            },
            {
                "id": "61571626403255",
                "count": 0
            },
            {
                "id": "61573529145713",
                "count": 0
            },
            {
                "id": "61573565296002",
                "count": 0
            },
            {
                "id": "61573748466935",
                "count": 0
            },
            {
                "id": "61573659100790",
                "count": 0
            },
            {
                "id": "61573732417461",
                "count": 0
            },
            {
                "id": "61573867048528",
                "count": 0
            },
            {
                "id": "61573916759463",
                "count": 0
            },
            {
                "id": "61573521617524",
                "count": 0
            },
            {
                "id": "61573686251419",
                "count": 0
            },
            {
                "id": "61573622383814",
                "count": 0
            },
            {
                "id": "61573592385914",
                "count": 0
            },
            {
                "id": "61573812275901",
                "count": 0
            },
            {
                "id": "61573512192946",
                "count": 0
            }
        ],
        "week": [
            {
                "id": "100092265180435",
                "count": 0
            },
            {
                "id": "61572941954453",
                "count": 0
            },
            {
                "id": "61555671868915",
                "count": 0
            },
            {
                "id": "61573422262134",
                "count": 0
            },
            {
                "id": "61572984185009",
                "count": 0
            },
            {
                "id": "61573026748956",
                "count": 0
            },
            {
                "id": "100002631410182",
                "count": 0
            },
            {
                "id": "61572986221173",
                "count": 0
            },
            {
                "id": "61573173200726",
                "count": 0
            },
            {
                "id": "61572858106033",
                "count": 0
            },
            {
                "id": "61573549014752",
                "count": 0
            },
            {
                "id": "100026244009179",
                "count": 0
            },
            {
                "id": "61573202892716",
                "count": 0
            },
            {
                "id": "61573373335565",
                "count": 0
            },
            {
                "id": "61562408587729",
                "count": 0
            },
            {
                "id": "61573102081752",
                "count": 0
            },
            {
                "id": "100003272598601",
                "count": 0
            },
            {
                "id": "61573400055349",
                "count": 0
            },
            {
                "id": "61573394683669",
                "count": 0
            },
            {
                "id": "61573799008249",
                "count": 0
            },
            {
                "id": "61571160765784",
                "count": 0
            },
            {
                "id": "100003532127581",
                "count": 0
            },
            {
                "id": "61573277657669",
                "count": 0
            },
            {
                "id": "100004714873206",
                "count": 0
            },
            {
                "id": "61573702954807",
                "count": 0
            },
            {
                "id": "61573991451998",
                "count": 0
            },
            {
                "id": "61573200167982",
                "count": 0
            },
            {
                "id": "61573972193774",
                "count": 0
            },
            {
                "id": "100002514163694",
                "count": 0
            },
            {
                "id": "61573370273940",
                "count": 0
            },
            {
                "id": "100002053380446",
                "count": 0
            },
            {
                "id": "61573975582860",
                "count": 0
            },
            {
                "id": "100004208084291",
                "count": 0
            },
            {
                "id": "61573834771020",
                "count": 0
            },
            {
                "id": "61566794587338",
                "count": 0
            },
            {
                "id": "100088488834383",
                "count": 0
            },
            {
                "id": "61573793372866",
                "count": 0
            },
            {
                "id": "61573867557333",
                "count": 0
            },
            {
                "id": "61573723116816",
                "count": 0
            },
            {
                "id": "61573647969842",
                "count": 0
            },
            {
                "id": "61573777054546",
                "count": 0
            },
            {
                "id": "61571626403255",
                "count": 0
            },
            {
                "id": "61573529145713",
                "count": 0
            },
            {
                "id": "61573565296002",
                "count": 0
            },
            {
                "id": "61573748466935",
                "count": 0
            },
            {
                "id": "61573659100790",
                "count": 0
            },
            {
                "id": "61573732417461",
                "count": 0
            },
            {
                "id": "61573867048528",
                "count": 0
            },
            {
                "id": "61573916759463",
                "count": 0
            },
            {
                "id": "61573521617524",
                "count": 0
            },
            {
                "id": "61573686251419",
                "count": 0
            },
            {
                "id": "61573622383814",
                "count": 0
            },
            {
                "id": "61573592385914",
                "count": 0
            },
            {
                "id": "61573812275901",
                "count": 0
            },
            {
                "id": "61573512192946",
                "count": 0
            }
        ]
    }
}