{
    "total": [
        {
            "id": "61572968193164",
            "count": 0
        },
        {
            "id": "61573506098756",
            "count": 0
        },
        {
            "id": "61573728273475",
            "count": 0
        },
        {
            "id": "61573779263416",
            "count": 0
        },
        {
            "id": "61573908590169",
            "count": 0
        },
        {
            "id": "100004728933856",
            "count": 0
        },
        {
            "id": "61567922851878",
            "count": 0
        },
        {
            "id": "61567668278941",
            "count": 4
        },
        {
            "id": "61573110465738",
            "count": 0
        },
        {
            "id": "61573516483408",
            "count": 0
        },
        {
            "id": "61573818621206",
            "count": 6
        },
        {
            "id": "100093128372239",
            "count": 0
        },
        {
            "id": "100027925246316",
            "count": 0
        },
        {
            "id": "61573245826353",
            "count": 0
        },
        {
            "id": "61562738040042",
            "count": 0
        },
        {
            "id": "61573156156593",
            "count": 0
        },
        {
            "id": "61561454412307",
            "count": 0
        },
        {
            "id": "61573483084953",
            "count": 0
        },
        {
            "id": "61573764444225",
            "count": 0
        },
        {
            "id": "61572691371949",
            "count": 0
        },
        {
            "id": "61573452043253",
            "count": 0
        },
        {
            "id": "61572755159613",
            "count": 0
        },
        {
            "id": "61573220510508",
            "count": 0
        },
        {
            "id": "61550853005450",
            "count": 0
        },
        {
            "id": "100000061971996",
            "count": 0
        },
        {
            "id": "61570609565478",
            "count": 0
        },
        {
            "id": "100093442343675",
            "count": 0
        },
        {
            "id": "100044500341293",
            "count": 0
        },
        {
            "id": "100089616943324",
            "count": 0
        },
        {
            "id": "100030809583428",
            "count": 0
        },
        {
            "id": "61573572154608",
            "count": 0
        },
        {
            "id": "61573172251954",
            "count": 0
        },
        {
            "id": "61573575917226",
            "count": 0
        },
        {
            "id": "61571080604781",
            "count": 0
        },
        {
            "id": "61572630519146",
            "count": 0
        },
        {
            "id": "100004499644522",
            "count": 0
        },
        {
            "id": "61573134371256",
            "count": 0
        },
        {
            "id": "61557264749662",
            "count": 0
        },
        {
            "id": "100000566351883",
            "count": 0
        },
        {
            "id": "61573472566696",
            "count": 0
        },
        {
            "id": "61573056701667",
            "count": 0
        },
        {
            "id": "61573158316731",
            "count": 0
        },
        {
            "id": "100011730998580",
            "count": 0
        },
        {
            "id": "61573404703799",
            "count": 0
        },
        {
            "id": "61573581308642",
            "count": 0
        },
        {
            "id": "61564475169146",
            "count": 0
        },
        {
            "id": "61556714165047",
            "count": 0
        },
        {
            "id": "61562886031089",
            "count": 0
        },
        {
            "id": "100090733333999",
            "count": 0
        },
        {
            "id": "61573179223383",
            "count": 0
        },
        {
            "id": "61556970358905",
            "count": 0
        },
        {
            "id": "100000668036369",
            "count": 0
        },
        {
            "id": "61572870997131",
            "count": 0
        },
        {
            "id": "61573884566109",
            "count": 0
        },
        {
            "id": "61572460086930",
            "count": 0
        },
        {
            "id": "61558647146458",
            "count": 0
        },
        {
            "id": "61567410243741",
            "count": 0
        },
        {
            "id": "100004195860608",
            "count": 0
        },
        {
            "id": "61568389011954",
            "count": 0
        },
        {
            "id": "61571215397286",
            "count": 0
        },
        {
            "id": "61573548921628",
            "count": 0
        },
        {
            "id": "100055775004878",
            "count": 0
        },
        {
            "id": "100063535986926",
            "count": 0
        },
        {
            "id": "100080475334800",
            "count": 0
        },
        {
            "id": "61553151552698",
            "count": 0
        },
        {
            "id": "100080136283003",
            "count": 0
        },
        {
            "id": "61555671868915",
            "count": 0
        },
        {
            "id": "61573373335565",
            "count": 0
        },
        {
            "id": "61565508225363",
            "count": 0
        },
        {
            "id": "61573593594682",
            "count": 0
        },
        {
            "id": "100021565786631",
            "count": 0
        },
        {
            "id": "100092318587110",
            "count": 0
        },
        {
            "id": "61573883961381",
            "count": 0
        },
        {
            "id": "61568828095948",
            "count": 0
        },
        {
            "id": "61560863369303",
            "count": 0
        },
        {
            "id": "61573641020790",
            "count": 0
        },
        {
            "id": "61573691691519",
            "count": 0
        },
        {
            "id": "61571415131729",
            "count": 0
        },
        {
            "id": "61573161472302",
            "count": 0
        },
        {
            "id": "61574094142776",
            "count": 0
        },
        {
            "id": "61572141447242",
            "count": 0
        },
        {
            "id": "61550912703093",
            "count": 0
        },
        {
            "id": "61563906102965",
            "count": 0
        },
        {
            "id": "61570184682257",
            "count": 0
        },
        {
            "id": "61567518600863",
            "count": 0
        },
        {
            "id": "61568642931031",
            "count": 0
        },
        {
            "id": "61559039261397",
            "count": 0
        },
        {
            "id": "100054057038739",
            "count": 0
        },
        {
            "id": "61573804503743",
            "count": 2
        },
        {
            "id": "61573056552622",
            "count": 0
        },
        {
            "id": "61573916759463",
            "count": 0
        },
        {
            "id": "61573785033240",
            "count": 0
        },
        {
            "id": "100002339828934",
            "count": 0
        },
        {
            "id": "61573812531548",
            "count": 0
        },
        {
            "id": "61573906257603",
            "count": 0
        },
        {
            "id": "61550240372426",
            "count": 0
        },
        {
            "id": "61573712164707",
            "count": 0
        },
        {
            "id": "61573796648206",
            "count": 0
        },
        {
            "id": "61573554766179",
            "count": 0
        },
        {
            "id": "100014581150066",
            "count": 0
        },
        {
            "id": "61573944779271",
            "count": 0
        },
        {
            "id": "61565396462159",
            "count": 0
        },
        {
            "id": "100019865112935",
            "count": 4
        },
        {
            "id": "61572402492252",
            "count": 0
        },
        {
            "id": "100002751848876",
            "count": 6
        },
        {
            "id": "100011290473522",
            "count": 0
        },
        {
            "id": "61572282846454",
            "count": 0
        },
        {
            "id": "100006234434770",
            "count": 0
        },
        {
            "id": "61572053468155",
            "count": 0
        },
        {
            "id": "61569695195849",
            "count": 0
        },
        {
            "id": "100004292324061",
            "count": 0
        },
        {
            "id": "61573762409144",
            "count": 6
        },
        {
            "id": "100001394567698",
            "count": 0
        },
        {
            "id": "100067649695553",
            "count": 0
        },
        {
            "id": "100090682607291",
            "count": 0
        },
        {
            "id": "100094345579749",
            "count": 0
        },
        {
            "id": "61567376956764",
            "count": 0
        },
        {
            "id": "61569868146464",
            "count": 0
        },
        {
            "id": "61572590698723",
            "count": 0
        },
        {
            "id": "61573393246948",
            "count": 0
        },
        {
            "id": "61573710988519",
            "count": 0
        },
        {
            "id": "61573818419363",
            "count": 0
        },
        {
            "id": "61573640583277",
            "count": 0
        },
        {
            "id": "61574011287787",
            "count": 0
        },
        {
            "id": "100006370537227",
            "count": 2
        },
        {
            "id": "61573905688752",
            "count": 0
        },
        {
            "id": "61572956781810",
            "count": 0
        },
        {
            "id": "61573833470614",
            "count": 0
        },
        {
            "id": "61574053793858",
            "count": 0
        },
        {
            "id": "100082752515072",
            "count": 0
        },
        {
            "id": "61570212971684",
            "count": 0
        },
        {
            "id": "61562057534672",
            "count": 0
        },
        {
            "id": "61572634985245",
            "count": 0
        },
        {
            "id": "61573952490077",
            "count": 0
        },
        {
            "id": "61574056134273",
            "count": 0
        },
        {
            "id": "61566246720353",
            "count": 0
        },
        {
            "id": "61564661465414",
            "count": 0
        },
        {
            "id": "61573751888580",
            "count": 0
        },
        {
            "id": "61565503780033",
            "count": 0
        },
        {
            "id": "61556658227829",
            "count": 0
        },
        {
            "id": "61573666782015",
            "count": 0
        },
        {
            "id": "61555908730667",
            "count": 0
        },
        {
            "id": "100007829925423",
            "count": 0
        },
        {
            "id": "100006182026849",
            "count": 0
        },
        {
            "id": "100001751656812",
            "count": 0
        },
        {
            "id": "61572280416213",
            "count": 0
        },
        {
            "id": "100090020447260",
            "count": 0
        },
        {
            "id": "61573183617032",
            "count": 0
        },
        {
            "id": "100000954094833",
            "count": 0
        },
        {
            "id": "100000500992138",
            "count": 0
        },
        {
            "id": "100034449181301",
            "count": 0
        },
        {
            "id": "100001087805053",
            "count": 0
        },
        {
            "id": "61571896019394",
            "count": 0
        },
        {
            "id": "100005731874813",
            "count": 0
        },
        {
            "id": "100004764855006",
            "count": 0
        },
        {
            "id": "61572863653978",
            "count": 2
        },
        {
            "id": "61557888159455",
            "count": 0
        },
        {
            "id": "61573739081522",
            "count": 2
        },
        {
            "id": "61573459203084",
            "count": 0
        },
        {
            "id": "61572821837790",
            "count": 0
        },
        {
            "id": "100086216642543",
            "count": 0
        },
        {
            "id": "61573690114384",
            "count": 0
        },
        {
            "id": "61574088534359",
            "count": 0
        },
        {
            "id": "61573431925841",
            "count": 0
        },
        {
            "id": "61572024977414",
            "count": 0
        },
        {
            "id": "61573834528731",
            "count": 0
        },
        {
            "id": "61574026465556",
            "count": 0
        },
        {
            "id": "61564367100595",
            "count": 0
        },
        {
            "id": "61552139940646",
            "count": 0
        },
        {
            "id": "61573889755984",
            "count": 0
        },
        {
            "id": "100003645938664",
            "count": 0
        },
        {
            "id": "61572074242772",
            "count": 0
        },
        {
            "id": "61573041765814",
            "count": 0
        },
        {
            "id": "61572912061106",
            "count": 0
        },
        {
            "id": "61551352695593",
            "count": 0
        },
        {
            "id": "61573763197438",
            "count": 0
        },
        {
            "id": "100093131147668",
            "count": 0
        },
        {
            "id": "61573049500939",
            "count": 0
        },
        {
            "id": "61550484825790",
            "count": 0
        },
        {
            "id": "61568740836342",
            "count": 0
        },
        {
            "id": "61573780449251",
            "count": 0
        },
        {
            "id": "61573955610004",
            "count": 0
        },
        {
            "id": "61574100291617",
            "count": 0
        },
        {
            "id": "100029960464109",
            "count": 0
        },
        {
            "id": "100008403099993",
            "count": 0
        },
        {
            "id": "61573991451998",
            "count": 0
        },
        {
            "id": "61573866485008",
            "count": 2
        },
        {
            "id": "100038951501149",
            "count": 0
        },
        {
            "id": "100066750918762",
            "count": 8
        },
        {
            "id": "61550847999193",
            "count": 0
        },
        {
            "id": "100004499777534",
            "count": 0
        },
        {
            "id": "100004052334408",
            "count": 0
        },
        {
            "id": "61573530524207",
            "count": 0
        }
    ],
    "week": [
        {
            "id": "61572968193164",
            "count": 0
        },
        {
            "id": "61573506098756",
            "count": 0
        },
        {
            "id": "61573728273475",
            "count": 0
        },
        {
            "id": "61573779263416",
            "count": 0
        },
        {
            "id": "61573908590169",
            "count": 0
        },
        {
            "id": "100004728933856",
            "count": 0
        },
        {
            "id": "61567922851878",
            "count": 0
        },
        {
            "id": "61567668278941",
            "count": 4
        },
        {
            "id": "61573110465738",
            "count": 0
        },
        {
            "id": "61573516483408",
            "count": 0
        },
        {
            "id": "61573818621206",
            "count": 6
        },
        {
            "id": "100093128372239",
            "count": 0
        },
        {
            "id": "100027925246316",
            "count": 0
        },
        {
            "id": "61573245826353",
            "count": 0
        },
        {
            "id": "61562738040042",
            "count": 0
        },
        {
            "id": "61573156156593",
            "count": 0
        },
        {
            "id": "61561454412307",
            "count": 0
        },
        {
            "id": "61573483084953",
            "count": 0
        },
        {
            "id": "61573764444225",
            "count": 0
        },
        {
            "id": "61572691371949",
            "count": 0
        },
        {
            "id": "61573452043253",
            "count": 0
        },
        {
            "id": "61572755159613",
            "count": 0
        },
        {
            "id": "61573220510508",
            "count": 0
        },
        {
            "id": "61550853005450",
            "count": 0
        },
        {
            "id": "100000061971996",
            "count": 0
        },
        {
            "id": "61570609565478",
            "count": 0
        },
        {
            "id": "100093442343675",
            "count": 0
        },
        {
            "id": "100044500341293",
            "count": 0
        },
        {
            "id": "100089616943324",
            "count": 0
        },
        {
            "id": "100030809583428",
            "count": 0
        },
        {
            "id": "61573572154608",
            "count": 0
        },
        {
            "id": "61573172251954",
            "count": 0
        },
        {
            "id": "61573575917226",
            "count": 0
        },
        {
            "id": "61571080604781",
            "count": 0
        },
        {
            "id": "61572630519146",
            "count": 0
        },
        {
            "id": "100004499644522",
            "count": 0
        },
        {
            "id": "61573134371256",
            "count": 0
        },
        {
            "id": "61557264749662",
            "count": 0
        },
        {
            "id": "100000566351883",
            "count": 0
        },
        {
            "id": "61573472566696",
            "count": 0
        },
        {
            "id": "61573056701667",
            "count": 0
        },
        {
            "id": "61573158316731",
            "count": 0
        },
        {
            "id": "100011730998580",
            "count": 0
        },
        {
            "id": "61573404703799",
            "count": 0
        },
        {
            "id": "61573581308642",
            "count": 0
        },
        {
            "id": "61564475169146",
            "count": 0
        },
        {
            "id": "61556714165047",
            "count": 0
        },
        {
            "id": "61562886031089",
            "count": 0
        },
        {
            "id": "100090733333999",
            "count": 0
        },
        {
            "id": "61573179223383",
            "count": 0
        },
        {
            "id": "61556970358905",
            "count": 0
        },
        {
            "id": "100000668036369",
            "count": 0
        },
        {
            "id": "61572870997131",
            "count": 0
        },
        {
            "id": "61573884566109",
            "count": 0
        },
        {
            "id": "61572460086930",
            "count": 0
        },
        {
            "id": "61558647146458",
            "count": 0
        },
        {
            "id": "61567410243741",
            "count": 0
        },
        {
            "id": "100004195860608",
            "count": 0
        },
        {
            "id": "61568389011954",
            "count": 0
        },
        {
            "id": "61571215397286",
            "count": 0
        },
        {
            "id": "61573548921628",
            "count": 0
        },
        {
            "id": "100055775004878",
            "count": 0
        },
        {
            "id": "100063535986926",
            "count": 0
        },
        {
            "id": "100080475334800",
            "count": 0
        },
        {
            "id": "61553151552698",
            "count": 0
        },
        {
            "id": "100080136283003",
            "count": 0
        },
        {
            "id": "61555671868915",
            "count": 0
        },
        {
            "id": "61573373335565",
            "count": 0
        },
        {
            "id": "61565508225363",
            "count": 0
        },
        {
            "id": "61573593594682",
            "count": 0
        },
        {
            "id": "100021565786631",
            "count": 0
        },
        {
            "id": "100092318587110",
            "count": 0
        },
        {
            "id": "61573883961381",
            "count": 0
        },
        {
            "id": "61568828095948",
            "count": 0
        },
        {
            "id": "61560863369303",
            "count": 0
        },
        {
            "id": "61573641020790",
            "count": 0
        },
        {
            "id": "61573691691519",
            "count": 0
        },
        {
            "id": "61571415131729",
            "count": 0
        },
        {
            "id": "61573161472302",
            "count": 0
        },
        {
            "id": "61574094142776",
            "count": 0
        },
        {
            "id": "61572141447242",
            "count": 0
        },
        {
            "id": "61550912703093",
            "count": 0
        },
        {
            "id": "61563906102965",
            "count": 0
        },
        {
            "id": "61570184682257",
            "count": 0
        },
        {
            "id": "61567518600863",
            "count": 0
        },
        {
            "id": "61568642931031",
            "count": 0
        },
        {
            "id": "61559039261397",
            "count": 0
        },
        {
            "id": "100054057038739",
            "count": 0
        },
        {
            "id": "61573804503743",
            "count": 2
        },
        {
            "id": "61573056552622",
            "count": 0
        },
        {
            "id": "61573916759463",
            "count": 0
        },
        {
            "id": "61573785033240",
            "count": 0
        },
        {
            "id": "100002339828934",
            "count": 0
        },
        {
            "id": "61573812531548",
            "count": 0
        },
        {
            "id": "61573906257603",
            "count": 0
        },
        {
            "id": "61550240372426",
            "count": 0
        },
        {
            "id": "61573712164707",
            "count": 0
        },
        {
            "id": "61573796648206",
            "count": 0
        },
        {
            "id": "61573554766179",
            "count": 0
        },
        {
            "id": "100014581150066",
            "count": 0
        },
        {
            "id": "61573944779271",
            "count": 0
        },
        {
            "id": "61565396462159",
            "count": 0
        },
        {
            "id": "100019865112935",
            "count": 4
        },
        {
            "id": "61572402492252",
            "count": 0
        },
        {
            "id": "100002751848876",
            "count": 6
        },
        {
            "id": "100011290473522",
            "count": 0
        },
        {
            "id": "61572282846454",
            "count": 0
        },
        {
            "id": "100006234434770",
            "count": 0
        },
        {
            "id": "61572053468155",
            "count": 0
        },
        {
            "id": "61569695195849",
            "count": 0
        },
        {
            "id": "100004292324061",
            "count": 0
        },
        {
            "id": "61573762409144",
            "count": 6
        },
        {
            "id": "100001394567698",
            "count": 0
        },
        {
            "id": "100067649695553",
            "count": 0
        },
        {
            "id": "100090682607291",
            "count": 0
        },
        {
            "id": "100094345579749",
            "count": 0
        },
        {
            "id": "61567376956764",
            "count": 0
        },
        {
            "id": "61569868146464",
            "count": 0
        },
        {
            "id": "61572590698723",
            "count": 0
        },
        {
            "id": "61573393246948",
            "count": 0
        },
        {
            "id": "61573710988519",
            "count": 0
        },
        {
            "id": "61573818419363",
            "count": 0
        },
        {
            "id": "61573640583277",
            "count": 0
        },
        {
            "id": "61574011287787",
            "count": 0
        },
        {
            "id": "100006370537227",
            "count": 2
        },
        {
            "id": "61573905688752",
            "count": 0
        },
        {
            "id": "61572956781810",
            "count": 0
        },
        {
            "id": "61573833470614",
            "count": 0
        },
        {
            "id": "61574053793858",
            "count": 0
        },
        {
            "id": "100082752515072",
            "count": 0
        },
        {
            "id": "61570212971684",
            "count": 0
        },
        {
            "id": "61562057534672",
            "count": 0
        },
        {
            "id": "61572634985245",
            "count": 0
        },
        {
            "id": "61573952490077",
            "count": 0
        },
        {
            "id": "61574056134273",
            "count": 0
        },
        {
            "id": "61566246720353",
            "count": 0
        },
        {
            "id": "61564661465414",
            "count": 0
        },
        {
            "id": "61573751888580",
            "count": 0
        },
        {
            "id": "61565503780033",
            "count": 0
        },
        {
            "id": "61556658227829",
            "count": 0
        },
        {
            "id": "61573666782015",
            "count": 0
        },
        {
            "id": "61555908730667",
            "count": 0
        },
        {
            "id": "100007829925423",
            "count": 0
        },
        {
            "id": "100006182026849",
            "count": 0
        },
        {
            "id": "100001751656812",
            "count": 0
        },
        {
            "id": "61572280416213",
            "count": 0
        },
        {
            "id": "100090020447260",
            "count": 0
        },
        {
            "id": "61573183617032",
            "count": 0
        },
        {
            "id": "100000954094833",
            "count": 0
        },
        {
            "id": "100000500992138",
            "count": 0
        },
        {
            "id": "100034449181301",
            "count": 0
        },
        {
            "id": "100001087805053",
            "count": 0
        },
        {
            "id": "61571896019394",
            "count": 0
        },
        {
            "id": "100005731874813",
            "count": 0
        },
        {
            "id": "100004764855006",
            "count": 0
        },
        {
            "id": "61572863653978",
            "count": 2
        },
        {
            "id": "61557888159455",
            "count": 0
        },
        {
            "id": "61573739081522",
            "count": 2
        },
        {
            "id": "61573459203084",
            "count": 0
        },
        {
            "id": "61572821837790",
            "count": 0
        },
        {
            "id": "100086216642543",
            "count": 0
        },
        {
            "id": "61573690114384",
            "count": 0
        },
        {
            "id": "61574088534359",
            "count": 0
        },
        {
            "id": "61573431925841",
            "count": 0
        },
        {
            "id": "61572024977414",
            "count": 0
        },
        {
            "id": "61573834528731",
            "count": 0
        },
        {
            "id": "61574026465556",
            "count": 0
        },
        {
            "id": "61564367100595",
            "count": 0
        },
        {
            "id": "61552139940646",
            "count": 0
        },
        {
            "id": "61573889755984",
            "count": 0
        },
        {
            "id": "100003645938664",
            "count": 0
        },
        {
            "id": "61572074242772",
            "count": 0
        },
        {
            "id": "61573041765814",
            "count": 0
        },
        {
            "id": "61572912061106",
            "count": 0
        },
        {
            "id": "61551352695593",
            "count": 0
        },
        {
            "id": "61573763197438",
            "count": 0
        },
        {
            "id": "100093131147668",
            "count": 0
        },
        {
            "id": "61573049500939",
            "count": 0
        },
        {
            "id": "61550484825790",
            "count": 0
        },
        {
            "id": "61568740836342",
            "count": 0
        },
        {
            "id": "61573780449251",
            "count": 0
        },
        {
            "id": "61573955610004",
            "count": 0
        },
        {
            "id": "61574100291617",
            "count": 0
        },
        {
            "id": "100029960464109",
            "count": 0
        },
        {
            "id": "100008403099993",
            "count": 0
        },
        {
            "id": "61573991451998",
            "count": 0
        },
        {
            "id": "61573866485008",
            "count": 2
        },
        {
            "id": "100038951501149",
            "count": 0
        },
        {
            "id": "100066750918762",
            "count": 8
        },
        {
            "id": "61550847999193",
            "count": 0
        },
        {
            "id": "100004499777534",
            "count": 0
        },
        {
            "id": "100004052334408",
            "count": 0
        },
        {
            "id": "61573530524207",
            "count": 0
        }
    ],
    "day": [
        {
            "id": "61572968193164",
            "count": 0
        },
        {
            "id": "61573506098756",
            "count": 0
        },
        {
            "id": "61573728273475",
            "count": 0
        },
        {
            "id": "61573779263416",
            "count": 0
        },
        {
            "id": "61573908590169",
            "count": 0
        },
        {
            "id": "100004728933856",
            "count": 0
        },
        {
            "id": "61567922851878",
            "count": 0
        },
        {
            "id": "61567668278941",
            "count": 4
        },
        {
            "id": "61573110465738",
            "count": 0
        },
        {
            "id": "61573516483408",
            "count": 0
        },
        {
            "id": "61573818621206",
            "count": 6
        },
        {
            "id": "100093128372239",
            "count": 0
        },
        {
            "id": "100027925246316",
            "count": 0
        },
        {
            "id": "61573245826353",
            "count": 0
        },
        {
            "id": "61562738040042",
            "count": 0
        },
        {
            "id": "61573156156593",
            "count": 0
        },
        {
            "id": "61561454412307",
            "count": 0
        },
        {
            "id": "61573483084953",
            "count": 0
        },
        {
            "id": "61573764444225",
            "count": 0
        },
        {
            "id": "61572691371949",
            "count": 0
        },
        {
            "id": "61573452043253",
            "count": 0
        },
        {
            "id": "61572755159613",
            "count": 0
        },
        {
            "id": "61573220510508",
            "count": 0
        },
        {
            "id": "61550853005450",
            "count": 0
        },
        {
            "id": "100000061971996",
            "count": 0
        },
        {
            "id": "61570609565478",
            "count": 0
        },
        {
            "id": "100093442343675",
            "count": 0
        },
        {
            "id": "100044500341293",
            "count": 0
        },
        {
            "id": "100089616943324",
            "count": 0
        },
        {
            "id": "100030809583428",
            "count": 0
        },
        {
            "id": "61573572154608",
            "count": 0
        },
        {
            "id": "61573172251954",
            "count": 0
        },
        {
            "id": "61573575917226",
            "count": 0
        },
        {
            "id": "61571080604781",
            "count": 0
        },
        {
            "id": "61572630519146",
            "count": 0
        },
        {
            "id": "100004499644522",
            "count": 0
        },
        {
            "id": "61573134371256",
            "count": 0
        },
        {
            "id": "61557264749662",
            "count": 0
        },
        {
            "id": "100000566351883",
            "count": 0
        },
        {
            "id": "61573472566696",
            "count": 0
        },
        {
            "id": "61573056701667",
            "count": 0
        },
        {
            "id": "61573158316731",
            "count": 0
        },
        {
            "id": "100011730998580",
            "count": 0
        },
        {
            "id": "61573404703799",
            "count": 0
        },
        {
            "id": "61573581308642",
            "count": 0
        },
        {
            "id": "61564475169146",
            "count": 0
        },
        {
            "id": "61556714165047",
            "count": 0
        },
        {
            "id": "61562886031089",
            "count": 0
        },
        {
            "id": "100090733333999",
            "count": 0
        },
        {
            "id": "61573179223383",
            "count": 0
        },
        {
            "id": "61556970358905",
            "count": 0
        },
        {
            "id": "100000668036369",
            "count": 0
        },
        {
            "id": "61572870997131",
            "count": 0
        },
        {
            "id": "61573884566109",
            "count": 0
        },
        {
            "id": "61572460086930",
            "count": 0
        },
        {
            "id": "61558647146458",
            "count": 0
        },
        {
            "id": "61567410243741",
            "count": 0
        },
        {
            "id": "100004195860608",
            "count": 0
        },
        {
            "id": "61568389011954",
            "count": 0
        },
        {
            "id": "61571215397286",
            "count": 0
        },
        {
            "id": "61573548921628",
            "count": 0
        },
        {
            "id": "100055775004878",
            "count": 0
        },
        {
            "id": "100063535986926",
            "count": 0
        },
        {
            "id": "100080475334800",
            "count": 0
        },
        {
            "id": "61553151552698",
            "count": 0
        },
        {
            "id": "100080136283003",
            "count": 0
        },
        {
            "id": "61555671868915",
            "count": 0
        },
        {
            "id": "61573373335565",
            "count": 0
        },
        {
            "id": "61565508225363",
            "count": 0
        },
        {
            "id": "61573593594682",
            "count": 0
        },
        {
            "id": "100021565786631",
            "count": 0
        },
        {
            "id": "100092318587110",
            "count": 0
        },
        {
            "id": "61573883961381",
            "count": 0
        },
        {
            "id": "61568828095948",
            "count": 0
        },
        {
            "id": "61560863369303",
            "count": 0
        },
        {
            "id": "61573641020790",
            "count": 0
        },
        {
            "id": "61573691691519",
            "count": 0
        },
        {
            "id": "61571415131729",
            "count": 0
        },
        {
            "id": "61573161472302",
            "count": 0
        },
        {
            "id": "61574094142776",
            "count": 0
        },
        {
            "id": "61572141447242",
            "count": 0
        },
        {
            "id": "61550912703093",
            "count": 0
        },
        {
            "id": "61563906102965",
            "count": 0
        },
        {
            "id": "61570184682257",
            "count": 0
        },
        {
            "id": "61567518600863",
            "count": 0
        },
        {
            "id": "61568642931031",
            "count": 0
        },
        {
            "id": "61559039261397",
            "count": 0
        },
        {
            "id": "100054057038739",
            "count": 0
        },
        {
            "id": "61573804503743",
            "count": 2
        },
        {
            "id": "61573056552622",
            "count": 0
        },
        {
            "id": "61573916759463",
            "count": 0
        },
        {
            "id": "61573785033240",
            "count": 0
        },
        {
            "id": "100002339828934",
            "count": 0
        },
        {
            "id": "61573812531548",
            "count": 0
        },
        {
            "id": "61573906257603",
            "count": 0
        },
        {
            "id": "61550240372426",
            "count": 0
        },
        {
            "id": "61573712164707",
            "count": 0
        },
        {
            "id": "61573796648206",
            "count": 0
        },
        {
            "id": "61573554766179",
            "count": 0
        },
        {
            "id": "100014581150066",
            "count": 0
        },
        {
            "id": "61573944779271",
            "count": 0
        },
        {
            "id": "61565396462159",
            "count": 0
        },
        {
            "id": "100019865112935",
            "count": 4
        },
        {
            "id": "61572402492252",
            "count": 0
        },
        {
            "id": "100002751848876",
            "count": 6
        },
        {
            "id": "100011290473522",
            "count": 0
        },
        {
            "id": "61572282846454",
            "count": 0
        },
        {
            "id": "100006234434770",
            "count": 0
        },
        {
            "id": "61572053468155",
            "count": 0
        },
        {
            "id": "61569695195849",
            "count": 0
        },
        {
            "id": "100004292324061",
            "count": 0
        },
        {
            "id": "61573762409144",
            "count": 6
        },
        {
            "id": "100001394567698",
            "count": 0
        },
        {
            "id": "100067649695553",
            "count": 0
        },
        {
            "id": "100090682607291",
            "count": 0
        },
        {
            "id": "100094345579749",
            "count": 0
        },
        {
            "id": "61567376956764",
            "count": 0
        },
        {
            "id": "61569868146464",
            "count": 0
        },
        {
            "id": "61572590698723",
            "count": 0
        },
        {
            "id": "61573393246948",
            "count": 0
        },
        {
            "id": "61573710988519",
            "count": 0
        },
        {
            "id": "61573818419363",
            "count": 0
        },
        {
            "id": "61573640583277",
            "count": 0
        },
        {
            "id": "61574011287787",
            "count": 0
        },
        {
            "id": "100006370537227",
            "count": 2
        },
        {
            "id": "61573905688752",
            "count": 0
        },
        {
            "id": "61572956781810",
            "count": 0
        },
        {
            "id": "61573833470614",
            "count": 0
        },
        {
            "id": "61574053793858",
            "count": 0
        },
        {
            "id": "100082752515072",
            "count": 0
        },
        {
            "id": "61570212971684",
            "count": 0
        },
        {
            "id": "61562057534672",
            "count": 0
        },
        {
            "id": "61572634985245",
            "count": 0
        },
        {
            "id": "61573952490077",
            "count": 0
        },
        {
            "id": "61574056134273",
            "count": 0
        },
        {
            "id": "61566246720353",
            "count": 0
        },
        {
            "id": "61564661465414",
            "count": 0
        },
        {
            "id": "61573751888580",
            "count": 0
        },
        {
            "id": "61565503780033",
            "count": 0
        },
        {
            "id": "61556658227829",
            "count": 0
        },
        {
            "id": "61573666782015",
            "count": 0
        },
        {
            "id": "61555908730667",
            "count": 0
        },
        {
            "id": "100007829925423",
            "count": 0
        },
        {
            "id": "100006182026849",
            "count": 0
        },
        {
            "id": "100001751656812",
            "count": 0
        },
        {
            "id": "61572280416213",
            "count": 0
        },
        {
            "id": "100090020447260",
            "count": 0
        },
        {
            "id": "61573183617032",
            "count": 0
        },
        {
            "id": "100000954094833",
            "count": 0
        },
        {
            "id": "100000500992138",
            "count": 0
        },
        {
            "id": "100034449181301",
            "count": 0
        },
        {
            "id": "100001087805053",
            "count": 0
        },
        {
            "id": "61571896019394",
            "count": 0
        },
        {
            "id": "100005731874813",
            "count": 0
        },
        {
            "id": "100004764855006",
            "count": 0
        },
        {
            "id": "61572863653978",
            "count": 2
        },
        {
            "id": "61557888159455",
            "count": 0
        },
        {
            "id": "61573739081522",
            "count": 2
        },
        {
            "id": "61573459203084",
            "count": 0
        },
        {
            "id": "61572821837790",
            "count": 0
        },
        {
            "id": "100086216642543",
            "count": 0
        },
        {
            "id": "61573690114384",
            "count": 0
        },
        {
            "id": "61574088534359",
            "count": 0
        },
        {
            "id": "61573431925841",
            "count": 0
        },
        {
            "id": "61572024977414",
            "count": 0
        },
        {
            "id": "61573834528731",
            "count": 0
        },
        {
            "id": "61574026465556",
            "count": 0
        },
        {
            "id": "61564367100595",
            "count": 0
        },
        {
            "id": "61552139940646",
            "count": 0
        },
        {
            "id": "61573889755984",
            "count": 0
        },
        {
            "id": "100003645938664",
            "count": 0
        },
        {
            "id": "61572074242772",
            "count": 0
        },
        {
            "id": "61573041765814",
            "count": 0
        },
        {
            "id": "61572912061106",
            "count": 0
        },
        {
            "id": "61551352695593",
            "count": 0
        },
        {
            "id": "61573763197438",
            "count": 0
        },
        {
            "id": "100093131147668",
            "count": 0
        },
        {
            "id": "61573049500939",
            "count": 0
        },
        {
            "id": "61550484825790",
            "count": 0
        },
        {
            "id": "61568740836342",
            "count": 0
        },
        {
            "id": "61573780449251",
            "count": 0
        },
        {
            "id": "61573955610004",
            "count": 0
        },
        {
            "id": "61574100291617",
            "count": 0
        },
        {
            "id": "100029960464109",
            "count": 0
        },
        {
            "id": "100008403099993",
            "count": 0
        },
        {
            "id": "61573991451998",
            "count": 0
        },
        {
            "id": "61573866485008",
            "count": 2
        },
        {
            "id": "100038951501149",
            "count": 0
        },
        {
            "id": "100066750918762",
            "count": 8
        },
        {
            "id": "61550847999193",
            "count": 0
        },
        {
            "id": "100004499777534",
            "count": 0
        },
        {
            "id": "100004052334408",
            "count": 0
        },
        {
            "id": "61573530524207",
            "count": 0
        }
    ],
    "time": 3,
    "last": {
        "time": 0,
        "day": [
            {
                "id": "61572968193164",
                "count": 0
            },
            {
                "id": "61573506098756",
                "count": 0
            },
            {
                "id": "61573728273475",
                "count": 0
            },
            {
                "id": "61573779263416",
                "count": 0
            },
            {
                "id": "61573908590169",
                "count": 0
            },
            {
                "id": "100004728933856",
                "count": 0
            },
            {
                "id": "61567922851878",
                "count": 0
            },
            {
                "id": "61567668278941",
                "count": 0
            },
            {
                "id": "61573110465738",
                "count": 0
            },
            {
                "id": "61573516483408",
                "count": 0
            },
            {
                "id": "61573818621206",
                "count": 0
            },
            {
                "id": "100093128372239",
                "count": 0
            },
            {
                "id": "100027925246316",
                "count": 0
            },
            {
                "id": "61573245826353",
                "count": 0
            },
            {
                "id": "61562738040042",
                "count": 0
            },
            {
                "id": "61573156156593",
                "count": 0
            },
            {
                "id": "61561454412307",
                "count": 0
            },
            {
                "id": "61573483084953",
                "count": 0
            },
            {
                "id": "61573764444225",
                "count": 0
            },
            {
                "id": "61572691371949",
                "count": 0
            },
            {
                "id": "61573452043253",
                "count": 0
            },
            {
                "id": "61572755159613",
                "count": 0
            },
            {
                "id": "61573220510508",
                "count": 0
            },
            {
                "id": "61550853005450",
                "count": 0
            },
            {
                "id": "100000061971996",
                "count": 0
            },
            {
                "id": "61570609565478",
                "count": 0
            },
            {
                "id": "100093442343675",
                "count": 0
            },
            {
                "id": "100044500341293",
                "count": 0
            },
            {
                "id": "100089616943324",
                "count": 0
            },
            {
                "id": "100030809583428",
                "count": 0
            },
            {
                "id": "61573572154608",
                "count": 0
            },
            {
                "id": "61573172251954",
                "count": 0
            },
            {
                "id": "61573575917226",
                "count": 0
            },
            {
                "id": "61571080604781",
                "count": 0
            },
            {
                "id": "61572630519146",
                "count": 0
            },
            {
                "id": "100004499644522",
                "count": 0
            },
            {
                "id": "61573134371256",
                "count": 0
            },
            {
                "id": "61557264749662",
                "count": 0
            },
            {
                "id": "100000566351883",
                "count": 0
            },
            {
                "id": "61573472566696",
                "count": 0
            },
            {
                "id": "61573056701667",
                "count": 0
            },
            {
                "id": "61573158316731",
                "count": 0
            },
            {
                "id": "100011730998580",
                "count": 0
            },
            {
                "id": "61573404703799",
                "count": 0
            },
            {
                "id": "61573581308642",
                "count": 0
            },
            {
                "id": "61564475169146",
                "count": 0
            },
            {
                "id": "61556714165047",
                "count": 0
            },
            {
                "id": "61562886031089",
                "count": 0
            },
            {
                "id": "100090733333999",
                "count": 0
            },
            {
                "id": "61573179223383",
                "count": 0
            },
            {
                "id": "61556970358905",
                "count": 0
            },
            {
                "id": "100000668036369",
                "count": 0
            },
            {
                "id": "61572870997131",
                "count": 0
            },
            {
                "id": "61573884566109",
                "count": 0
            },
            {
                "id": "61572460086930",
                "count": 0
            },
            {
                "id": "61558647146458",
                "count": 0
            },
            {
                "id": "61567410243741",
                "count": 0
            },
            {
                "id": "100004195860608",
                "count": 0
            },
            {
                "id": "61568389011954",
                "count": 0
            },
            {
                "id": "61571215397286",
                "count": 0
            },
            {
                "id": "61573548921628",
                "count": 0
            },
            {
                "id": "100055775004878",
                "count": 0
            },
            {
                "id": "100063535986926",
                "count": 0
            },
            {
                "id": "100080475334800",
                "count": 0
            },
            {
                "id": "61553151552698",
                "count": 0
            },
            {
                "id": "100080136283003",
                "count": 0
            },
            {
                "id": "61555671868915",
                "count": 0
            },
            {
                "id": "61573373335565",
                "count": 0
            },
            {
                "id": "61565508225363",
                "count": 0
            },
            {
                "id": "61573593594682",
                "count": 0
            },
            {
                "id": "100021565786631",
                "count": 0
            },
            {
                "id": "100092318587110",
                "count": 0
            },
            {
                "id": "61573883961381",
                "count": 0
            },
            {
                "id": "61568828095948",
                "count": 0
            },
            {
                "id": "61560863369303",
                "count": 0
            },
            {
                "id": "61573641020790",
                "count": 0
            },
            {
                "id": "61573691691519",
                "count": 0
            },
            {
                "id": "61571415131729",
                "count": 0
            },
            {
                "id": "61573161472302",
                "count": 0
            },
            {
                "id": "61574094142776",
                "count": 0
            },
            {
                "id": "61572141447242",
                "count": 0
            },
            {
                "id": "61550912703093",
                "count": 0
            },
            {
                "id": "61563906102965",
                "count": 0
            },
            {
                "id": "61570184682257",
                "count": 0
            },
            {
                "id": "61567518600863",
                "count": 0
            },
            {
                "id": "61568642931031",
                "count": 0
            },
            {
                "id": "61559039261397",
                "count": 0
            },
            {
                "id": "100054057038739",
                "count": 0
            },
            {
                "id": "61573804503743",
                "count": 0
            },
            {
                "id": "61573056552622",
                "count": 0
            },
            {
                "id": "61573549014752",
                "count": 0
            },
            {
                "id": "61573916759463",
                "count": 0
            },
            {
                "id": "61573785033240",
                "count": 0
            },
            {
                "id": "100002339828934",
                "count": 0
            },
            {
                "id": "61573812531548",
                "count": 0
            },
            {
                "id": "61573906257603",
                "count": 0
            },
            {
                "id": "61550240372426",
                "count": 0
            },
            {
                "id": "61573712164707",
                "count": 0
            },
            {
                "id": "61573796648206",
                "count": 0
            },
            {
                "id": "61573554766179",
                "count": 0
            },
            {
                "id": "100014581150066",
                "count": 0
            },
            {
                "id": "61573944779271",
                "count": 0
            },
            {
                "id": "61565396462159",
                "count": 0
            },
            {
                "id": "100019865112935",
                "count": 0
            },
            {
                "id": "61572402492252",
                "count": 0
            },
            {
                "id": "100002751848876",
                "count": 0
            },
            {
                "id": "100011290473522",
                "count": 0
            },
            {
                "id": "61572282846454",
                "count": 0
            },
            {
                "id": "100006234434770",
                "count": 0
            },
            {
                "id": "61572053468155",
                "count": 0
            },
            {
                "id": "61569695195849",
                "count": 0
            },
            {
                "id": "100004292324061",
                "count": 0
            },
            {
                "id": "61573762409144",
                "count": 0
            },
            {
                "id": "100001394567698",
                "count": 0
            },
            {
                "id": "100067649695553",
                "count": 0
            },
            {
                "id": "100090682607291",
                "count": 0
            },
            {
                "id": "100094345579749",
                "count": 0
            },
            {
                "id": "61567376956764",
                "count": 0
            },
            {
                "id": "61569868146464",
                "count": 0
            },
            {
                "id": "61572590698723",
                "count": 0
            },
            {
                "id": "61573393246948",
                "count": 0
            },
            {
                "id": "61573710988519",
                "count": 0
            },
            {
                "id": "61573818419363",
                "count": 0
            },
            {
                "id": "61573640583277",
                "count": 0
            },
            {
                "id": "61574011287787",
                "count": 0
            },
            {
                "id": "100006370537227",
                "count": 0
            },
            {
                "id": "61573905688752",
                "count": 0
            },
            {
                "id": "61572956781810",
                "count": 0
            },
            {
                "id": "61573833470614",
                "count": 0
            },
            {
                "id": "61574053793858",
                "count": 0
            },
            {
                "id": "100082752515072",
                "count": 0
            },
            {
                "id": "61570212971684",
                "count": 0
            },
            {
                "id": "61562057534672",
                "count": 0
            },
            {
                "id": "61572634985245",
                "count": 0
            },
            {
                "id": "61573952490077",
                "count": 0
            },
            {
                "id": "61574056134273",
                "count": 0
            },
            {
                "id": "61566246720353",
                "count": 0
            },
            {
                "id": "61564661465414",
                "count": 0
            },
            {
                "id": "61573751888580",
                "count": 0
            },
            {
                "id": "61565503780033",
                "count": 0
            },
            {
                "id": "61556658227829",
                "count": 0
            },
            {
                "id": "61573666782015",
                "count": 0
            },
            {
                "id": "61555908730667",
                "count": 0
            },
            {
                "id": "100007829925423",
                "count": 0
            },
            {
                "id": "100006182026849",
                "count": 0
            },
            {
                "id": "100001751656812",
                "count": 0
            },
            {
                "id": "61572280416213",
                "count": 0
            },
            {
                "id": "100090020447260",
                "count": 0
            },
            {
                "id": "61573183617032",
                "count": 0
            },
            {
                "id": "100000954094833",
                "count": 0
            },
            {
                "id": "100000500992138",
                "count": 0
            },
            {
                "id": "100034449181301",
                "count": 0
            },
            {
                "id": "100001087805053",
                "count": 0
            },
            {
                "id": "61571896019394",
                "count": 0
            },
            {
                "id": "100005731874813",
                "count": 0
            },
            {
                "id": "100004764855006",
                "count": 0
            },
            {
                "id": "61572863653978",
                "count": 0
            },
            {
                "id": "61557888159455",
                "count": 0
            },
            {
                "id": "61573739081522",
                "count": 0
            },
            {
                "id": "61573459203084",
                "count": 0
            },
            {
                "id": "61572821837790",
                "count": 0
            },
            {
                "id": "100086216642543",
                "count": 0
            },
            {
                "id": "61573690114384",
                "count": 0
            },
            {
                "id": "61574088534359",
                "count": 0
            },
            {
                "id": "61573431925841",
                "count": 0
            },
            {
                "id": "61572024977414",
                "count": 0
            },
            {
                "id": "61573834528731",
                "count": 0
            },
            {
                "id": "61574026465556",
                "count": 0
            },
            {
                "id": "61564367100595",
                "count": 0
            },
            {
                "id": "61552139940646",
                "count": 0
            },
            {
                "id": "61573889755984",
                "count": 0
            },
            {
                "id": "100003645938664",
                "count": 0
            },
            {
                "id": "61572074242772",
                "count": 0
            },
            {
                "id": "61573041765814",
                "count": 0
            },
            {
                "id": "61572912061106",
                "count": 0
            },
            {
                "id": "61551352695593",
                "count": 0
            },
            {
                "id": "61573763197438",
                "count": 0
            },
            {
                "id": "100093131147668",
                "count": 0
            },
            {
                "id": "61573049500939",
                "count": 0
            },
            {
                "id": "61550484825790",
                "count": 0
            },
            {
                "id": "61568740836342",
                "count": 0
            },
            {
                "id": "61573780449251",
                "count": 0
            },
            {
                "id": "61573955610004",
                "count": 0
            },
            {
                "id": "61574100291617",
                "count": 0
            },
            {
                "id": "100029960464109",
                "count": 0
            },
            {
                "id": "100008403099993",
                "count": 0
            },
            {
                "id": "61573991451998",
                "count": 0
            },
            {
                "id": "61573866485008",
                "count": 0
            },
            {
                "id": "100038951501149",
                "count": 0
            },
            {
                "id": "100066750918762",
                "count": 0
            },
            {
                "id": "61550847999193",
                "count": 0
            },
            {
                "id": "100004499777534",
                "count": 0
            },
            {
                "id": "100004052334408",
                "count": 0
            },
            {
                "id": "61573530524207",
                "count": 0
            }
        ],
        "week": [
            {
                "id": "61572968193164",
                "count": 0
            },
            {
                "id": "61573506098756",
                "count": 0
            },
            {
                "id": "61573728273475",
                "count": 0
            },
            {
                "id": "61573779263416",
                "count": 0
            },
            {
                "id": "61573908590169",
                "count": 0
            },
            {
                "id": "100004728933856",
                "count": 0
            },
            {
                "id": "61567922851878",
                "count": 0
            },
            {
                "id": "61567668278941",
                "count": 0
            },
            {
                "id": "61573110465738",
                "count": 0
            },
            {
                "id": "61573516483408",
                "count": 0
            },
            {
                "id": "61573818621206",
                "count": 0
            },
            {
                "id": "100093128372239",
                "count": 0
            },
            {
                "id": "100027925246316",
                "count": 0
            },
            {
                "id": "61573245826353",
                "count": 0
            },
            {
                "id": "61562738040042",
                "count": 0
            },
            {
                "id": "61573156156593",
                "count": 0
            },
            {
                "id": "61561454412307",
                "count": 0
            },
            {
                "id": "61573483084953",
                "count": 0
            },
            {
                "id": "61573764444225",
                "count": 0
            },
            {
                "id": "61572691371949",
                "count": 0
            },
            {
                "id": "61573452043253",
                "count": 0
            },
            {
                "id": "61572755159613",
                "count": 0
            },
            {
                "id": "61573220510508",
                "count": 0
            },
            {
                "id": "61550853005450",
                "count": 0
            },
            {
                "id": "100000061971996",
                "count": 0
            },
            {
                "id": "61570609565478",
                "count": 0
            },
            {
                "id": "100093442343675",
                "count": 0
            },
            {
                "id": "100044500341293",
                "count": 0
            },
            {
                "id": "100089616943324",
                "count": 0
            },
            {
                "id": "100030809583428",
                "count": 0
            },
            {
                "id": "61573572154608",
                "count": 0
            },
            {
                "id": "61573172251954",
                "count": 0
            },
            {
                "id": "61573575917226",
                "count": 0
            },
            {
                "id": "61571080604781",
                "count": 0
            },
            {
                "id": "61572630519146",
                "count": 0
            },
            {
                "id": "100004499644522",
                "count": 0
            },
            {
                "id": "61573134371256",
                "count": 0
            },
            {
                "id": "61557264749662",
                "count": 0
            },
            {
                "id": "100000566351883",
                "count": 0
            },
            {
                "id": "61573472566696",
                "count": 0
            },
            {
                "id": "61573056701667",
                "count": 0
            },
            {
                "id": "61573158316731",
                "count": 0
            },
            {
                "id": "100011730998580",
                "count": 0
            },
            {
                "id": "61573404703799",
                "count": 0
            },
            {
                "id": "61573581308642",
                "count": 0
            },
            {
                "id": "61564475169146",
                "count": 0
            },
            {
                "id": "61556714165047",
                "count": 0
            },
            {
                "id": "61562886031089",
                "count": 0
            },
            {
                "id": "100090733333999",
                "count": 0
            },
            {
                "id": "61573179223383",
                "count": 0
            },
            {
                "id": "61556970358905",
                "count": 0
            },
            {
                "id": "100000668036369",
                "count": 0
            },
            {
                "id": "61572870997131",
                "count": 0
            },
            {
                "id": "61573884566109",
                "count": 0
            },
            {
                "id": "61572460086930",
                "count": 0
            },
            {
                "id": "61558647146458",
                "count": 0
            },
            {
                "id": "61567410243741",
                "count": 0
            },
            {
                "id": "100004195860608",
                "count": 0
            },
            {
                "id": "61568389011954",
                "count": 0
            },
            {
                "id": "61571215397286",
                "count": 0
            },
            {
                "id": "61573548921628",
                "count": 0
            },
            {
                "id": "100055775004878",
                "count": 0
            },
            {
                "id": "100063535986926",
                "count": 0
            },
            {
                "id": "100080475334800",
                "count": 0
            },
            {
                "id": "61553151552698",
                "count": 0
            },
            {
                "id": "100080136283003",
                "count": 0
            },
            {
                "id": "61555671868915",
                "count": 0
            },
            {
                "id": "61573373335565",
                "count": 0
            },
            {
                "id": "61565508225363",
                "count": 0
            },
            {
                "id": "61573593594682",
                "count": 0
            },
            {
                "id": "100021565786631",
                "count": 0
            },
            {
                "id": "100092318587110",
                "count": 0
            },
            {
                "id": "61573883961381",
                "count": 0
            },
            {
                "id": "61568828095948",
                "count": 0
            },
            {
                "id": "61560863369303",
                "count": 0
            },
            {
                "id": "61573641020790",
                "count": 0
            },
            {
                "id": "61573691691519",
                "count": 0
            },
            {
                "id": "61571415131729",
                "count": 0
            },
            {
                "id": "61573161472302",
                "count": 0
            },
            {
                "id": "61574094142776",
                "count": 0
            },
            {
                "id": "61572141447242",
                "count": 0
            },
            {
                "id": "61550912703093",
                "count": 0
            },
            {
                "id": "61563906102965",
                "count": 0
            },
            {
                "id": "61570184682257",
                "count": 0
            },
            {
                "id": "61567518600863",
                "count": 0
            },
            {
                "id": "61568642931031",
                "count": 0
            },
            {
                "id": "61559039261397",
                "count": 0
            },
            {
                "id": "100054057038739",
                "count": 0
            },
            {
                "id": "61573804503743",
                "count": 0
            },
            {
                "id": "61573056552622",
                "count": 0
            },
            {
                "id": "61573549014752",
                "count": 0
            },
            {
                "id": "61573916759463",
                "count": 0
            },
            {
                "id": "61573785033240",
                "count": 0
            },
            {
                "id": "100002339828934",
                "count": 0
            },
            {
                "id": "61573812531548",
                "count": 0
            },
            {
                "id": "61573906257603",
                "count": 0
            },
            {
                "id": "61550240372426",
                "count": 0
            },
            {
                "id": "61573712164707",
                "count": 0
            },
            {
                "id": "61573796648206",
                "count": 0
            },
            {
                "id": "61573554766179",
                "count": 0
            },
            {
                "id": "100014581150066",
                "count": 0
            },
            {
                "id": "61573944779271",
                "count": 0
            },
            {
                "id": "61565396462159",
                "count": 0
            },
            {
                "id": "100019865112935",
                "count": 0
            },
            {
                "id": "61572402492252",
                "count": 0
            },
            {
                "id": "100002751848876",
                "count": 0
            },
            {
                "id": "100011290473522",
                "count": 0
            },
            {
                "id": "61572282846454",
                "count": 0
            },
            {
                "id": "100006234434770",
                "count": 0
            },
            {
                "id": "61572053468155",
                "count": 0
            },
            {
                "id": "61569695195849",
                "count": 0
            },
            {
                "id": "100004292324061",
                "count": 0
            },
            {
                "id": "61573762409144",
                "count": 0
            },
            {
                "id": "100001394567698",
                "count": 0
            },
            {
                "id": "100067649695553",
                "count": 0
            },
            {
                "id": "100090682607291",
                "count": 0
            },
            {
                "id": "100094345579749",
                "count": 0
            },
            {
                "id": "61567376956764",
                "count": 0
            },
            {
                "id": "61569868146464",
                "count": 0
            },
            {
                "id": "61572590698723",
                "count": 0
            },
            {
                "id": "61573393246948",
                "count": 0
            },
            {
                "id": "61573710988519",
                "count": 0
            },
            {
                "id": "61573818419363",
                "count": 0
            },
            {
                "id": "61573640583277",
                "count": 0
            },
            {
                "id": "61574011287787",
                "count": 0
            },
            {
                "id": "100006370537227",
                "count": 0
            },
            {
                "id": "61573905688752",
                "count": 0
            },
            {
                "id": "61572956781810",
                "count": 0
            },
            {
                "id": "61573833470614",
                "count": 0
            },
            {
                "id": "61574053793858",
                "count": 0
            },
            {
                "id": "100082752515072",
                "count": 0
            },
            {
                "id": "61570212971684",
                "count": 0
            },
            {
                "id": "61562057534672",
                "count": 0
            },
            {
                "id": "61572634985245",
                "count": 0
            },
            {
                "id": "61573952490077",
                "count": 0
            },
            {
                "id": "61574056134273",
                "count": 0
            },
            {
                "id": "61566246720353",
                "count": 0
            },
            {
                "id": "61564661465414",
                "count": 0
            },
            {
                "id": "61573751888580",
                "count": 0
            },
            {
                "id": "61565503780033",
                "count": 0
            },
            {
                "id": "61556658227829",
                "count": 0
            },
            {
                "id": "61573666782015",
                "count": 0
            },
            {
                "id": "61555908730667",
                "count": 0
            },
            {
                "id": "100007829925423",
                "count": 0
            },
            {
                "id": "100006182026849",
                "count": 0
            },
            {
                "id": "100001751656812",
                "count": 0
            },
            {
                "id": "61572280416213",
                "count": 0
            },
            {
                "id": "100090020447260",
                "count": 0
            },
            {
                "id": "61573183617032",
                "count": 0
            },
            {
                "id": "100000954094833",
                "count": 0
            },
            {
                "id": "100000500992138",
                "count": 0
            },
            {
                "id": "100034449181301",
                "count": 0
            },
            {
                "id": "100001087805053",
                "count": 0
            },
            {
                "id": "61571896019394",
                "count": 0
            },
            {
                "id": "100005731874813",
                "count": 0
            },
            {
                "id": "100004764855006",
                "count": 0
            },
            {
                "id": "61572863653978",
                "count": 0
            },
            {
                "id": "61557888159455",
                "count": 0
            },
            {
                "id": "61573739081522",
                "count": 0
            },
            {
                "id": "61573459203084",
                "count": 0
            },
            {
                "id": "61572821837790",
                "count": 0
            },
            {
                "id": "100086216642543",
                "count": 0
            },
            {
                "id": "61573690114384",
                "count": 0
            },
            {
                "id": "61574088534359",
                "count": 0
            },
            {
                "id": "61573431925841",
                "count": 0
            },
            {
                "id": "61572024977414",
                "count": 0
            },
            {
                "id": "61573834528731",
                "count": 0
            },
            {
                "id": "61574026465556",
                "count": 0
            },
            {
                "id": "61564367100595",
                "count": 0
            },
            {
                "id": "61552139940646",
                "count": 0
            },
            {
                "id": "61573889755984",
                "count": 0
            },
            {
                "id": "100003645938664",
                "count": 0
            },
            {
                "id": "61572074242772",
                "count": 0
            },
            {
                "id": "61573041765814",
                "count": 0
            },
            {
                "id": "61572912061106",
                "count": 0
            },
            {
                "id": "61551352695593",
                "count": 0
            },
            {
                "id": "61573763197438",
                "count": 0
            },
            {
                "id": "100093131147668",
                "count": 0
            },
            {
                "id": "61573049500939",
                "count": 0
            },
            {
                "id": "61550484825790",
                "count": 0
            },
            {
                "id": "61568740836342",
                "count": 0
            },
            {
                "id": "61573780449251",
                "count": 0
            },
            {
                "id": "61573955610004",
                "count": 0
            },
            {
                "id": "61574100291617",
                "count": 0
            },
            {
                "id": "100029960464109",
                "count": 0
            },
            {
                "id": "100008403099993",
                "count": 0
            },
            {
                "id": "61573991451998",
                "count": 0
            },
            {
                "id": "61573866485008",
                "count": 0
            },
            {
                "id": "100038951501149",
                "count": 0
            },
            {
                "id": "100066750918762",
                "count": 0
            },
            {
                "id": "61550847999193",
                "count": 0
            },
            {
                "id": "100004499777534",
                "count": 0
            },
            {
                "id": "100004052334408",
                "count": 0
            },
            {
                "id": "61573530524207",
                "count": 0
            }
        ]
    }
}