{
    "total": [
        {
            "id": "100049906501876",
            "count": 0
        },
        {
            "id": "100019865112935",
            "count": 0
        },
        {
            "id": "61573990976908",
            "count": 6
        },
        {
            "id": "61573916759463",
            "count": 0
        },
        {
            "id": "61574053793858",
            "count": 0
        },
        {
            "id": "61573512141662",
            "count": 0
        },
        {
            "id": "61573647969842",
            "count": 0
        },
        {
            "id": "100089655505433",
            "count": 0
        },
        {
            "id": "100078933403792",
            "count": 0
        },
        {
            "id": "100080086413305",
            "count": 0
        },
        {
            "id": "61573483084953",
            "count": 0
        },
        {
            "id": "61573549014752",
            "count": 0
        },
        {
            "id": "61573312058933",
            "count": 0
        },
        {
            "id": "61573373335565",
            "count": 0
        },
        {
            "id": "61573161472302",
            "count": 0
        },
        {
            "id": "61572912061106",
            "count": 0
        },
        {
            "id": "100088786913817",
            "count": 0
        },
        {
            "id": "61550556089094",
            "count": 0
        },
        {
            "id": "61572590698723",
            "count": 0
        },
        {
            "id": "61572818677665",
            "count": 0
        },
        {
            "id": "61550617107660",
            "count": 0
        },
        {
            "id": "100093131147668",
            "count": 0
        },
        {
            "id": "61571532470058",
            "count": 0
        },
        {
            "id": "61572484750889",
            "count": 0
        },
        {
            "id": "61560951760036",
            "count": 0
        },
        {
            "id": "61568642931031",
            "count": 0
        },
        {
            "id": "100072753985586",
            "count": 0
        },
        {
            "id": "100080475334800",
            "count": 0
        },
        {
            "id": "61569871026471",
            "count": 0
        },
        {
            "id": "61561596178790",
            "count": 0
        },
        {
            "id": "100002339828934",
            "count": 0
        },
        {
            "id": "61573424755426",
            "count": 0
        },
        {
            "id": "61568189937588",
            "count": 0
        },
        {
            "id": "61573610878152",
            "count": 0
        },
        {
            "id": "100002514163694",
            "count": 0
        },
        {
            "id": "61572825947332",
            "count": 0
        },
        {
            "id": "61572415890966",
            "count": 0
        },
        {
            "id": "61571080604781",
            "count": 0
        },
        {
            "id": "61573640583277",
            "count": 0
        },
        {
            "id": "61573818419363",
            "count": 0
        },
        {
            "id": "61553388099443",
            "count": 0
        },
        {
            "id": "100000271383071",
            "count": 0
        },
        {
            "id": "100000338016091",
            "count": 0
        },
        {
            "id": "61555671868915",
            "count": 0
        },
        {
            "id": "61571160765784",
            "count": 0
        },
        {
            "id": "100037719074077",
            "count": 0
        },
        {
            "id": "61574016530612",
            "count": 0
        },
        {
            "id": "61573406115569",
            "count": 2
        },
        {
            "id": "61574019356813",
            "count": 0
        },
        {
            "id": "61573381923665",
            "count": 0
        },
        {
            "id": "61574011287787",
            "count": 364
        },
        {
            "id": "61573659100790",
            "count": 0
        },
        {
            "id": "61573991451998",
            "count": 0
        },
        {
            "id": "61573796648206",
            "count": 0
        },
        {
            "id": "61573792595662",
            "count": 0
        },
        {
            "id": "61571465921365",
            "count": 0
        },
        {
            "id": "61573955610004",
            "count": 242
        },
        {
            "id": "61573905688752",
            "count": 0
        },
        {
            "id": "61573370273940",
            "count": 0
        },
        {
            "id": "61553037955561",
            "count": 0
        },
        {
            "id": "100081652204496",
            "count": 0
        },
        {
            "id": "61573431925841",
            "count": 0
        },
        {
            "id": "61571959862577",
            "count": 0
        },
        {
            "id": "100062770320065",
            "count": 0
        },
        {
            "id": "100030809583428",
            "count": 0
        },
        {
            "id": "61573943578182",
            "count": 0
        },
        {
            "id": "61563381726066",
            "count": 0
        },
        {
            "id": "100085403923659",
            "count": 0
        },
        {
            "id": "100089259265879",
            "count": 0
        },
        {
            "id": "61563000188255",
            "count": 0
        },
        {
            "id": "100055775004878",
            "count": 0
        },
        {
            "id": "61566256797440",
            "count": 0
        },
        {
            "id": "100078280512016",
            "count": 0
        },
        {
            "id": "61573712164707",
            "count": 0
        },
        {
            "id": "61573506098756",
            "count": 0
        },
        {
            "id": "100053961173704",
            "count": 0
        },
        {
            "id": "100000939076507",
            "count": 0
        },
        {
            "id": "61557041382497",
            "count": 8
        },
        {
            "id": "100067663875988",
            "count": 0
        },
        {
            "id": "61567388295194",
            "count": 0
        },
        {
            "id": "61565586686712",
            "count": 0
        },
        {
            "id": "61573906257603",
            "count": 0
        },
        {
            "id": "61550546270950",
            "count": 0
        },
        {
            "id": "61571068455256",
            "count": 0
        },
        {
            "id": "61573785033240",
            "count": 0
        },
        {
            "id": "61565739221987",
            "count": 0
        },
        {
            "id": "61573543625700",
            "count": 0
        },
        {
            "id": "61573137209976",
            "count": 0
        },
        {
            "id": "61569698573640",
            "count": 0
        },
        {
            "id": "61573616900565",
            "count": 0
        },
        {
            "id": "61573503437309",
            "count": 0
        },
        {
            "id": "61570082234300",
            "count": 0
        },
        {
            "id": "100087775043661",
            "count": 2
        },
        {
            "id": "61573908590169",
            "count": 0
        },
        {
            "id": "61572736709988",
            "count": 0
        },
        {
            "id": "61573647605473",
            "count": 0
        },
        {
            "id": "100094345579749",
            "count": 0
        },
        {
            "id": "100048120457697",
            "count": 0
        },
        {
            "id": "100002475725717",
            "count": 0
        },
        {
            "id": "100093095153426",
            "count": 0
        },
        {
            "id": "61565370781600",
            "count": 0
        },
        {
            "id": "100021415674414",
            "count": 0
        },
        {
            "id": "61568531432903",
            "count": 0
        },
        {
            "id": "61558654947748",
            "count": 0
        },
        {
            "id": "100024715321026",
            "count": 0
        },
        {
            "id": "61572968193164",
            "count": 0
        },
        {
            "id": "100007954205162",
            "count": 0
        },
        {
            "id": "100082752515072",
            "count": 0
        },
        {
            "id": "61573886067423",
            "count": 0
        },
        {
            "id": "61573732974274",
            "count": 0
        },
        {
            "id": "100002506698251",
            "count": 0
        },
        {
            "id": "61573911716711",
            "count": 0
        },
        {
            "id": "61573432899999",
            "count": 0
        },
        {
            "id": "61572319026027",
            "count": 0
        },
        {
            "id": "61573683178318",
            "count": 0
        },
        {
            "id": "100077466008724",
            "count": 0
        },
        {
            "id": "100001751656812",
            "count": 0
        },
        {
            "id": "61572362485624",
            "count": 0
        },
        {
            "id": "61572691371949",
            "count": 0
        },
        {
            "id": "61573683988158",
            "count": 0
        },
        {
            "id": "61573433536608",
            "count": 0
        },
        {
            "id": "100028624659136",
            "count": 0
        },
        {
            "id": "61553062556165",
            "count": 0
        },
        {
            "id": "61572690105719",
            "count": 0
        },
        {
            "id": "100085079967343",
            "count": 0
        },
        {
            "id": "100067649695553",
            "count": 0
        },
        {
            "id": "61574016625165",
            "count": 0
        },
        {
            "id": "61573666782015",
            "count": 2
        },
        {
            "id": "100024564752598",
            "count": 0
        },
        {
            "id": "61573953269605",
            "count": 4
        },
        {
            "id": "61573428688323",
            "count": 0
        },
        {
            "id": "100004242434996",
            "count": 0
        },
        {
            "id": "100083257723612",
            "count": 0
        },
        {
            "id": "61550240372426",
            "count": 0
        },
        {
            "id": "61572460086930",
            "count": 0
        },
        {
            "id": "100055862750466",
            "count": 0
        },
        {
            "id": "61573379588044",
            "count": 4
        },
        {
            "id": "61573930222093",
            "count": 0
        },
        {
            "id": "100063763671433",
            "count": 0
        },
        {
            "id": "61573532765462",
            "count": 0
        },
        {
            "id": "61553727367495",
            "count": 0
        },
        {
            "id": "61573593480260",
            "count": 0
        },
        {
            "id": "61572689282087",
            "count": 0
        },
        {
            "id": "61551889705943",
            "count": 0
        },
        {
            "id": "100002884398544",
            "count": 0
        },
        {
            "id": "100069388637741",
            "count": 0
        },
        {
            "id": "61573812275901",
            "count": 0
        },
        {
            "id": "61555908730667",
            "count": 56
        },
        {
            "id": "100009066276944",
            "count": 86
        },
        {
            "id": "100095038462632",
            "count": 0
        },
        {
            "id": "61573168298391",
            "count": 2
        },
        {
            "id": "61573699994715",
            "count": 4
        },
        {
            "id": "61573592385914",
            "count": 0
        }
    ],
    "week": [
        {
            "id": "100049906501876",
            "count": 0
        },
        {
            "id": "100019865112935",
            "count": 0
        },
        {
            "id": "61573990976908",
            "count": 6
        },
        {
            "id": "61573916759463",
            "count": 0
        },
        {
            "id": "61574053793858",
            "count": 0
        },
        {
            "id": "61573512141662",
            "count": 0
        },
        {
            "id": "61573647969842",
            "count": 0
        },
        {
            "id": "100089655505433",
            "count": 0
        },
        {
            "id": "100078933403792",
            "count": 0
        },
        {
            "id": "100080086413305",
            "count": 0
        },
        {
            "id": "61573483084953",
            "count": 0
        },
        {
            "id": "61573549014752",
            "count": 0
        },
        {
            "id": "61573312058933",
            "count": 0
        },
        {
            "id": "61573373335565",
            "count": 0
        },
        {
            "id": "61573161472302",
            "count": 0
        },
        {
            "id": "61572912061106",
            "count": 0
        },
        {
            "id": "100088786913817",
            "count": 0
        },
        {
            "id": "61550556089094",
            "count": 0
        },
        {
            "id": "61572590698723",
            "count": 0
        },
        {
            "id": "61572818677665",
            "count": 0
        },
        {
            "id": "61550617107660",
            "count": 0
        },
        {
            "id": "100093131147668",
            "count": 0
        },
        {
            "id": "61571532470058",
            "count": 0
        },
        {
            "id": "61572484750889",
            "count": 0
        },
        {
            "id": "61560951760036",
            "count": 0
        },
        {
            "id": "61568642931031",
            "count": 0
        },
        {
            "id": "100072753985586",
            "count": 0
        },
        {
            "id": "100080475334800",
            "count": 0
        },
        {
            "id": "61569871026471",
            "count": 0
        },
        {
            "id": "61561596178790",
            "count": 0
        },
        {
            "id": "100002339828934",
            "count": 0
        },
        {
            "id": "61573424755426",
            "count": 0
        },
        {
            "id": "61568189937588",
            "count": 0
        },
        {
            "id": "61573610878152",
            "count": 0
        },
        {
            "id": "100002514163694",
            "count": 0
        },
        {
            "id": "61572825947332",
            "count": 0
        },
        {
            "id": "61572415890966",
            "count": 0
        },
        {
            "id": "61571080604781",
            "count": 0
        },
        {
            "id": "61573640583277",
            "count": 0
        },
        {
            "id": "61573818419363",
            "count": 0
        },
        {
            "id": "61553388099443",
            "count": 0
        },
        {
            "id": "100000271383071",
            "count": 0
        },
        {
            "id": "100000338016091",
            "count": 0
        },
        {
            "id": "61555671868915",
            "count": 0
        },
        {
            "id": "61571160765784",
            "count": 0
        },
        {
            "id": "100037719074077",
            "count": 0
        },
        {
            "id": "61574016530612",
            "count": 0
        },
        {
            "id": "61573406115569",
            "count": 2
        },
        {
            "id": "61574019356813",
            "count": 0
        },
        {
            "id": "61573381923665",
            "count": 0
        },
        {
            "id": "61574011287787",
            "count": 364
        },
        {
            "id": "61573659100790",
            "count": 0
        },
        {
            "id": "61573991451998",
            "count": 0
        },
        {
            "id": "61573796648206",
            "count": 0
        },
        {
            "id": "61573792595662",
            "count": 0
        },
        {
            "id": "61571465921365",
            "count": 0
        },
        {
            "id": "61573955610004",
            "count": 242
        },
        {
            "id": "61573905688752",
            "count": 0
        },
        {
            "id": "61573370273940",
            "count": 0
        },
        {
            "id": "61553037955561",
            "count": 0
        },
        {
            "id": "100081652204496",
            "count": 0
        },
        {
            "id": "61573431925841",
            "count": 0
        },
        {
            "id": "61571959862577",
            "count": 0
        },
        {
            "id": "100062770320065",
            "count": 0
        },
        {
            "id": "100030809583428",
            "count": 0
        },
        {
            "id": "61573943578182",
            "count": 0
        },
        {
            "id": "61563381726066",
            "count": 0
        },
        {
            "id": "100085403923659",
            "count": 0
        },
        {
            "id": "100089259265879",
            "count": 0
        },
        {
            "id": "61563000188255",
            "count": 0
        },
        {
            "id": "100055775004878",
            "count": 0
        },
        {
            "id": "61566256797440",
            "count": 0
        },
        {
            "id": "100078280512016",
            "count": 0
        },
        {
            "id": "61573712164707",
            "count": 0
        },
        {
            "id": "61573506098756",
            "count": 0
        },
        {
            "id": "100053961173704",
            "count": 0
        },
        {
            "id": "100000939076507",
            "count": 0
        },
        {
            "id": "61557041382497",
            "count": 8
        },
        {
            "id": "100067663875988",
            "count": 0
        },
        {
            "id": "61567388295194",
            "count": 0
        },
        {
            "id": "61565586686712",
            "count": 0
        },
        {
            "id": "61573906257603",
            "count": 0
        },
        {
            "id": "61550546270950",
            "count": 0
        },
        {
            "id": "61571068455256",
            "count": 0
        },
        {
            "id": "61573785033240",
            "count": 0
        },
        {
            "id": "61565739221987",
            "count": 0
        },
        {
            "id": "61573543625700",
            "count": 0
        },
        {
            "id": "61573137209976",
            "count": 0
        },
        {
            "id": "61569698573640",
            "count": 0
        },
        {
            "id": "61573616900565",
            "count": 0
        },
        {
            "id": "61573503437309",
            "count": 0
        },
        {
            "id": "61570082234300",
            "count": 0
        },
        {
            "id": "100087775043661",
            "count": 2
        },
        {
            "id": "61573908590169",
            "count": 0
        },
        {
            "id": "61572736709988",
            "count": 0
        },
        {
            "id": "61573647605473",
            "count": 0
        },
        {
            "id": "100094345579749",
            "count": 0
        },
        {
            "id": "100048120457697",
            "count": 0
        },
        {
            "id": "100002475725717",
            "count": 0
        },
        {
            "id": "100093095153426",
            "count": 0
        },
        {
            "id": "61565370781600",
            "count": 0
        },
        {
            "id": "100021415674414",
            "count": 0
        },
        {
            "id": "61568531432903",
            "count": 0
        },
        {
            "id": "61558654947748",
            "count": 0
        },
        {
            "id": "100024715321026",
            "count": 0
        },
        {
            "id": "61572968193164",
            "count": 0
        },
        {
            "id": "100007954205162",
            "count": 0
        },
        {
            "id": "100082752515072",
            "count": 0
        },
        {
            "id": "61573886067423",
            "count": 0
        },
        {
            "id": "61573732974274",
            "count": 0
        },
        {
            "id": "100002506698251",
            "count": 0
        },
        {
            "id": "61573911716711",
            "count": 0
        },
        {
            "id": "61573432899999",
            "count": 0
        },
        {
            "id": "61572319026027",
            "count": 0
        },
        {
            "id": "61573683178318",
            "count": 0
        },
        {
            "id": "100077466008724",
            "count": 0
        },
        {
            "id": "100001751656812",
            "count": 0
        },
        {
            "id": "61572362485624",
            "count": 0
        },
        {
            "id": "61572691371949",
            "count": 0
        },
        {
            "id": "61573683988158",
            "count": 0
        },
        {
            "id": "61573433536608",
            "count": 0
        },
        {
            "id": "100028624659136",
            "count": 0
        },
        {
            "id": "61553062556165",
            "count": 0
        },
        {
            "id": "61572690105719",
            "count": 0
        },
        {
            "id": "100085079967343",
            "count": 0
        },
        {
            "id": "100067649695553",
            "count": 0
        },
        {
            "id": "61574016625165",
            "count": 0
        },
        {
            "id": "61573666782015",
            "count": 2
        },
        {
            "id": "100024564752598",
            "count": 0
        },
        {
            "id": "61573953269605",
            "count": 4
        },
        {
            "id": "61573428688323",
            "count": 0
        },
        {
            "id": "100004242434996",
            "count": 0
        },
        {
            "id": "100083257723612",
            "count": 0
        },
        {
            "id": "61550240372426",
            "count": 0
        },
        {
            "id": "61572460086930",
            "count": 0
        },
        {
            "id": "100055862750466",
            "count": 0
        },
        {
            "id": "61573379588044",
            "count": 4
        },
        {
            "id": "61573930222093",
            "count": 0
        },
        {
            "id": "100063763671433",
            "count": 0
        },
        {
            "id": "61573532765462",
            "count": 0
        },
        {
            "id": "61553727367495",
            "count": 0
        },
        {
            "id": "61573593480260",
            "count": 0
        },
        {
            "id": "61572689282087",
            "count": 0
        },
        {
            "id": "61551889705943",
            "count": 0
        },
        {
            "id": "100002884398544",
            "count": 0
        },
        {
            "id": "100069388637741",
            "count": 0
        },
        {
            "id": "61573812275901",
            "count": 0
        },
        {
            "id": "61555908730667",
            "count": 56
        },
        {
            "id": "100009066276944",
            "count": 86
        },
        {
            "id": "100095038462632",
            "count": 0
        },
        {
            "id": "61573168298391",
            "count": 2
        },
        {
            "id": "61573699994715",
            "count": 4
        },
        {
            "id": "61573592385914",
            "count": 0
        }
    ],
    "day": [
        {
            "id": "100049906501876",
            "count": 0
        },
        {
            "id": "100019865112935",
            "count": 0
        },
        {
            "id": "61573990976908",
            "count": 6
        },
        {
            "id": "61573916759463",
            "count": 0
        },
        {
            "id": "61574053793858",
            "count": 0
        },
        {
            "id": "61573512141662",
            "count": 0
        },
        {
            "id": "61573647969842",
            "count": 0
        },
        {
            "id": "100089655505433",
            "count": 0
        },
        {
            "id": "100078933403792",
            "count": 0
        },
        {
            "id": "100080086413305",
            "count": 0
        },
        {
            "id": "61573483084953",
            "count": 0
        },
        {
            "id": "61573549014752",
            "count": 0
        },
        {
            "id": "61573312058933",
            "count": 0
        },
        {
            "id": "61573373335565",
            "count": 0
        },
        {
            "id": "61573161472302",
            "count": 0
        },
        {
            "id": "61572912061106",
            "count": 0
        },
        {
            "id": "100088786913817",
            "count": 0
        },
        {
            "id": "61550556089094",
            "count": 0
        },
        {
            "id": "61572590698723",
            "count": 0
        },
        {
            "id": "61572818677665",
            "count": 0
        },
        {
            "id": "61550617107660",
            "count": 0
        },
        {
            "id": "100093131147668",
            "count": 0
        },
        {
            "id": "61571532470058",
            "count": 0
        },
        {
            "id": "61572484750889",
            "count": 0
        },
        {
            "id": "61560951760036",
            "count": 0
        },
        {
            "id": "61568642931031",
            "count": 0
        },
        {
            "id": "100072753985586",
            "count": 0
        },
        {
            "id": "100080475334800",
            "count": 0
        },
        {
            "id": "61569871026471",
            "count": 0
        },
        {
            "id": "61561596178790",
            "count": 0
        },
        {
            "id": "100002339828934",
            "count": 0
        },
        {
            "id": "61573424755426",
            "count": 0
        },
        {
            "id": "61568189937588",
            "count": 0
        },
        {
            "id": "61573610878152",
            "count": 0
        },
        {
            "id": "100002514163694",
            "count": 0
        },
        {
            "id": "61572825947332",
            "count": 0
        },
        {
            "id": "61572415890966",
            "count": 0
        },
        {
            "id": "61571080604781",
            "count": 0
        },
        {
            "id": "61573640583277",
            "count": 0
        },
        {
            "id": "61573818419363",
            "count": 0
        },
        {
            "id": "61553388099443",
            "count": 0
        },
        {
            "id": "100000271383071",
            "count": 0
        },
        {
            "id": "100000338016091",
            "count": 0
        },
        {
            "id": "61555671868915",
            "count": 0
        },
        {
            "id": "61571160765784",
            "count": 0
        },
        {
            "id": "100037719074077",
            "count": 0
        },
        {
            "id": "61574016530612",
            "count": 0
        },
        {
            "id": "61573406115569",
            "count": 2
        },
        {
            "id": "61574019356813",
            "count": 0
        },
        {
            "id": "61573381923665",
            "count": 0
        },
        {
            "id": "61574011287787",
            "count": 364
        },
        {
            "id": "61573659100790",
            "count": 0
        },
        {
            "id": "61573991451998",
            "count": 0
        },
        {
            "id": "61573796648206",
            "count": 0
        },
        {
            "id": "61573792595662",
            "count": 0
        },
        {
            "id": "61571465921365",
            "count": 0
        },
        {
            "id": "61573955610004",
            "count": 242
        },
        {
            "id": "61573905688752",
            "count": 0
        },
        {
            "id": "61573370273940",
            "count": 0
        },
        {
            "id": "61553037955561",
            "count": 0
        },
        {
            "id": "100081652204496",
            "count": 0
        },
        {
            "id": "61573431925841",
            "count": 0
        },
        {
            "id": "61571959862577",
            "count": 0
        },
        {
            "id": "100062770320065",
            "count": 0
        },
        {
            "id": "100030809583428",
            "count": 0
        },
        {
            "id": "61573943578182",
            "count": 0
        },
        {
            "id": "61563381726066",
            "count": 0
        },
        {
            "id": "100085403923659",
            "count": 0
        },
        {
            "id": "100089259265879",
            "count": 0
        },
        {
            "id": "61563000188255",
            "count": 0
        },
        {
            "id": "100055775004878",
            "count": 0
        },
        {
            "id": "61566256797440",
            "count": 0
        },
        {
            "id": "100078280512016",
            "count": 0
        },
        {
            "id": "61573712164707",
            "count": 0
        },
        {
            "id": "61573506098756",
            "count": 0
        },
        {
            "id": "100053961173704",
            "count": 0
        },
        {
            "id": "100000939076507",
            "count": 0
        },
        {
            "id": "61557041382497",
            "count": 8
        },
        {
            "id": "100067663875988",
            "count": 0
        },
        {
            "id": "61567388295194",
            "count": 0
        },
        {
            "id": "61565586686712",
            "count": 0
        },
        {
            "id": "61573906257603",
            "count": 0
        },
        {
            "id": "61550546270950",
            "count": 0
        },
        {
            "id": "61571068455256",
            "count": 0
        },
        {
            "id": "61573785033240",
            "count": 0
        },
        {
            "id": "61565739221987",
            "count": 0
        },
        {
            "id": "61573543625700",
            "count": 0
        },
        {
            "id": "61573137209976",
            "count": 0
        },
        {
            "id": "61569698573640",
            "count": 0
        },
        {
            "id": "61573616900565",
            "count": 0
        },
        {
            "id": "61573503437309",
            "count": 0
        },
        {
            "id": "61570082234300",
            "count": 0
        },
        {
            "id": "100087775043661",
            "count": 2
        },
        {
            "id": "61573908590169",
            "count": 0
        },
        {
            "id": "61572736709988",
            "count": 0
        },
        {
            "id": "61573647605473",
            "count": 0
        },
        {
            "id": "100094345579749",
            "count": 0
        },
        {
            "id": "100048120457697",
            "count": 0
        },
        {
            "id": "100002475725717",
            "count": 0
        },
        {
            "id": "100093095153426",
            "count": 0
        },
        {
            "id": "61565370781600",
            "count": 0
        },
        {
            "id": "100021415674414",
            "count": 0
        },
        {
            "id": "61568531432903",
            "count": 0
        },
        {
            "id": "61558654947748",
            "count": 0
        },
        {
            "id": "100024715321026",
            "count": 0
        },
        {
            "id": "61572968193164",
            "count": 0
        },
        {
            "id": "100007954205162",
            "count": 0
        },
        {
            "id": "100082752515072",
            "count": 0
        },
        {
            "id": "61573886067423",
            "count": 0
        },
        {
            "id": "61573732974274",
            "count": 0
        },
        {
            "id": "100002506698251",
            "count": 0
        },
        {
            "id": "61573911716711",
            "count": 0
        },
        {
            "id": "61573432899999",
            "count": 0
        },
        {
            "id": "61572319026027",
            "count": 0
        },
        {
            "id": "61573683178318",
            "count": 0
        },
        {
            "id": "100077466008724",
            "count": 0
        },
        {
            "id": "100001751656812",
            "count": 0
        },
        {
            "id": "61572362485624",
            "count": 0
        },
        {
            "id": "61572691371949",
            "count": 0
        },
        {
            "id": "61573683988158",
            "count": 0
        },
        {
            "id": "61573433536608",
            "count": 0
        },
        {
            "id": "100028624659136",
            "count": 0
        },
        {
            "id": "61553062556165",
            "count": 0
        },
        {
            "id": "61572690105719",
            "count": 0
        },
        {
            "id": "100085079967343",
            "count": 0
        },
        {
            "id": "100067649695553",
            "count": 0
        },
        {
            "id": "61574016625165",
            "count": 0
        },
        {
            "id": "61573666782015",
            "count": 2
        },
        {
            "id": "100024564752598",
            "count": 0
        },
        {
            "id": "61573953269605",
            "count": 4
        },
        {
            "id": "61573428688323",
            "count": 0
        },
        {
            "id": "100004242434996",
            "count": 0
        },
        {
            "id": "100083257723612",
            "count": 0
        },
        {
            "id": "61550240372426",
            "count": 0
        },
        {
            "id": "61572460086930",
            "count": 0
        },
        {
            "id": "100055862750466",
            "count": 0
        },
        {
            "id": "61573379588044",
            "count": 4
        },
        {
            "id": "61573930222093",
            "count": 0
        },
        {
            "id": "100063763671433",
            "count": 0
        },
        {
            "id": "61573532765462",
            "count": 0
        },
        {
            "id": "61553727367495",
            "count": 0
        },
        {
            "id": "61573593480260",
            "count": 0
        },
        {
            "id": "61572689282087",
            "count": 0
        },
        {
            "id": "61551889705943",
            "count": 0
        },
        {
            "id": "100002884398544",
            "count": 0
        },
        {
            "id": "100069388637741",
            "count": 0
        },
        {
            "id": "61573812275901",
            "count": 0
        },
        {
            "id": "61555908730667",
            "count": 56
        },
        {
            "id": "100009066276944",
            "count": 86
        },
        {
            "id": "100095038462632",
            "count": 0
        },
        {
            "id": "61573168298391",
            "count": 2
        },
        {
            "id": "61573699994715",
            "count": 4
        },
        {
            "id": "61573592385914",
            "count": 0
        }
    ],
    "time": 3,
    "last": {
        "time": 1,
        "day": [
            {
                "id": "100049906501876",
                "count": 0
            },
            {
                "id": "100019865112935",
                "count": 0
            },
            {
                "id": "61573990976908",
                "count": 0
            },
            {
                "id": "61573916759463",
                "count": 0
            },
            {
                "id": "61574053793858",
                "count": 0
            },
            {
                "id": "61573512141662",
                "count": 0
            },
            {
                "id": "61573647969842",
                "count": 0
            },
            {
                "id": "100089655505433",
                "count": 0
            },
            {
                "id": "100078933403792",
                "count": 0
            },
            {
                "id": "100080086413305",
                "count": 0
            },
            {
                "id": "61573483084953",
                "count": 0
            },
            {
                "id": "61573549014752",
                "count": 0
            },
            {
                "id": "61573312058933",
                "count": 0
            },
            {
                "id": "61573373335565",
                "count": 0
            },
            {
                "id": "61573161472302",
                "count": 0
            },
            {
                "id": "61572912061106",
                "count": 0
            },
            {
                "id": "100088786913817",
                "count": 0
            },
            {
                "id": "61550556089094",
                "count": 0
            },
            {
                "id": "61572590698723",
                "count": 0
            },
            {
                "id": "61572818677665",
                "count": 0
            },
            {
                "id": "61550617107660",
                "count": 0
            },
            {
                "id": "100093131147668",
                "count": 0
            },
            {
                "id": "61571532470058",
                "count": 0
            },
            {
                "id": "61572484750889",
                "count": 0
            },
            {
                "id": "61552373604627",
                "count": 0
            },
            {
                "id": "61560951760036",
                "count": 0
            },
            {
                "id": "61568642931031",
                "count": 0
            },
            {
                "id": "100072753985586",
                "count": 0
            },
            {
                "id": "100080475334800",
                "count": 0
            },
            {
                "id": "61569871026471",
                "count": 0
            },
            {
                "id": "61561596178790",
                "count": 0
            },
            {
                "id": "100002339828934",
                "count": 0
            },
            {
                "id": "61573424755426",
                "count": 0
            },
            {
                "id": "61568189937588",
                "count": 0
            },
            {
                "id": "61573610878152",
                "count": 0
            },
            {
                "id": "100002514163694",
                "count": 0
            },
            {
                "id": "61572825947332",
                "count": 0
            },
            {
                "id": "61572415890966",
                "count": 0
            },
            {
                "id": "61571080604781",
                "count": 0
            },
            {
                "id": "61573640583277",
                "count": 0
            },
            {
                "id": "61573818419363",
                "count": 0
            },
            {
                "id": "61553388099443",
                "count": 0
            },
            {
                "id": "100000271383071",
                "count": 0
            },
            {
                "id": "100000338016091",
                "count": 0
            },
            {
                "id": "61555671868915",
                "count": 0
            },
            {
                "id": "61571160765784",
                "count": 0
            },
            {
                "id": "100037719074077",
                "count": 0
            },
            {
                "id": "61574016530612",
                "count": 0
            },
            {
                "id": "61573406115569",
                "count": 0
            },
            {
                "id": "61574019356813",
                "count": 0
            },
            {
                "id": "61573381923665",
                "count": 0
            },
            {
                "id": "61574011287787",
                "count": 0
            },
            {
                "id": "61573659100790",
                "count": 0
            },
            {
                "id": "61573991451998",
                "count": 0
            },
            {
                "id": "61573796648206",
                "count": 0
            },
            {
                "id": "61573792595662",
                "count": 0
            },
            {
                "id": "61571465921365",
                "count": 0
            },
            {
                "id": "61573955610004",
                "count": 0
            },
            {
                "id": "61573905688752",
                "count": 0
            },
            {
                "id": "61573370273940",
                "count": 0
            },
            {
                "id": "61553037955561",
                "count": 0
            },
            {
                "id": "100081652204496",
                "count": 0
            },
            {
                "id": "61573431925841",
                "count": 0
            },
            {
                "id": "61571959862577",
                "count": 0
            },
            {
                "id": "100062770320065",
                "count": 0
            },
            {
                "id": "61562738040042",
                "count": 0
            },
            {
                "id": "100030809583428",
                "count": 0
            },
            {
                "id": "61573943578182",
                "count": 0
            },
            {
                "id": "61563381726066",
                "count": 0
            },
            {
                "id": "100085403923659",
                "count": 0
            },
            {
                "id": "100089259265879",
                "count": 0
            },
            {
                "id": "61563000188255",
                "count": 0
            },
            {
                "id": "100055775004878",
                "count": 0
            },
            {
                "id": "61566256797440",
                "count": 0
            },
            {
                "id": "100078280512016",
                "count": 0
            },
            {
                "id": "61573712164707",
                "count": 0
            },
            {
                "id": "61573889755984",
                "count": 0
            },
            {
                "id": "61573506098756",
                "count": 0
            },
            {
                "id": "100053961173704",
                "count": 0
            },
            {
                "id": "100000939076507",
                "count": 0
            },
            {
                "id": "61557041382497",
                "count": 0
            },
            {
                "id": "100067663875988",
                "count": 0
            },
            {
                "id": "61567388295194",
                "count": 0
            },
            {
                "id": "61565586686712",
                "count": 0
            },
            {
                "id": "61573906257603",
                "count": 0
            },
            {
                "id": "61550546270950",
                "count": 0
            },
            {
                "id": "61571068455256",
                "count": 0
            },
            {
                "id": "61573785033240",
                "count": 0
            },
            {
                "id": "61565739221987",
                "count": 0
            },
            {
                "id": "61573543625700",
                "count": 0
            },
            {
                "id": "61573137209976",
                "count": 0
            },
            {
                "id": "61569698573640",
                "count": 0
            },
            {
                "id": "61573616900565",
                "count": 0
            },
            {
                "id": "61573503437309",
                "count": 0
            },
            {
                "id": "61570082234300",
                "count": 0
            },
            {
                "id": "100087775043661",
                "count": 0
            },
            {
                "id": "61573908590169",
                "count": 0
            },
            {
                "id": "61572736709988",
                "count": 0
            },
            {
                "id": "61573647605473",
                "count": 0
            },
            {
                "id": "100094345579749",
                "count": 0
            },
            {
                "id": "100048120457697",
                "count": 0
            },
            {
                "id": "100002475725717",
                "count": 0
            },
            {
                "id": "100093095153426",
                "count": 0
            },
            {
                "id": "61565370781600",
                "count": 0
            },
            {
                "id": "100021415674414",
                "count": 0
            },
            {
                "id": "61569868146464",
                "count": 0
            },
            {
                "id": "61568531432903",
                "count": 0
            },
            {
                "id": "61558654947748",
                "count": 0
            },
            {
                "id": "100024715321026",
                "count": 0
            },
            {
                "id": "61572968193164",
                "count": 0
            },
            {
                "id": "100007954205162",
                "count": 0
            },
            {
                "id": "100082752515072",
                "count": 0
            },
            {
                "id": "61573886067423",
                "count": 0
            },
            {
                "id": "61573732974274",
                "count": 0
            },
            {
                "id": "100002506698251",
                "count": 0
            },
            {
                "id": "61573911716711",
                "count": 0
            },
            {
                "id": "61573432899999",
                "count": 0
            },
            {
                "id": "61572319026027",
                "count": 0
            },
            {
                "id": "61573683178318",
                "count": 0
            },
            {
                "id": "100077466008724",
                "count": 0
            },
            {
                "id": "100001751656812",
                "count": 0
            },
            {
                "id": "61572362485624",
                "count": 0
            },
            {
                "id": "61572691371949",
                "count": 0
            },
            {
                "id": "61573683988158",
                "count": 0
            },
            {
                "id": "61573433536608",
                "count": 0
            },
            {
                "id": "100028624659136",
                "count": 0
            },
            {
                "id": "61553062556165",
                "count": 0
            },
            {
                "id": "61572690105719",
                "count": 0
            },
            {
                "id": "100085079967343",
                "count": 0
            },
            {
                "id": "100067649695553",
                "count": 0
            },
            {
                "id": "61574016625165",
                "count": 0
            },
            {
                "id": "61573666782015",
                "count": 0
            },
            {
                "id": "100024564752598",
                "count": 0
            },
            {
                "id": "61573953269605",
                "count": 0
            },
            {
                "id": "61573428688323",
                "count": 0
            },
            {
                "id": "100004242434996",
                "count": 0
            },
            {
                "id": "100083257723612",
                "count": 0
            },
            {
                "id": "61550240372426",
                "count": 0
            },
            {
                "id": "61572460086930",
                "count": 0
            },
            {
                "id": "100055862750466",
                "count": 0
            },
            {
                "id": "61573379588044",
                "count": 0
            },
            {
                "id": "61573930222093",
                "count": 0
            },
            {
                "id": "100063763671433",
                "count": 0
            },
            {
                "id": "61573532765462",
                "count": 0
            },
            {
                "id": "61553727367495",
                "count": 0
            },
            {
                "id": "61573593480260",
                "count": 0
            },
            {
                "id": "61572689282087",
                "count": 0
            },
            {
                "id": "61566186627328",
                "count": 0
            },
            {
                "id": "61551889705943",
                "count": 0
            },
            {
                "id": "100002884398544",
                "count": 0
            },
            {
                "id": "100069388637741",
                "count": 0
            },
            {
                "id": "61573812275901",
                "count": 0
            },
            {
                "id": "61555908730667",
                "count": 0
            },
            {
                "id": "100009066276944",
                "count": 0
            },
            {
                "id": "100095038462632",
                "count": 0
            },
            {
                "id": "61573168298391",
                "count": 0
            },
            {
                "id": "61573753503951",
                "count": 0
            },
            {
                "id": "61573699994715",
                "count": 0
            },
            {
                "id": "61573592385914",
                "count": 0
            }
        ],
        "week": [
            {
                "id": "100049906501876",
                "count": 0
            },
            {
                "id": "100019865112935",
                "count": 0
            },
            {
                "id": "61573990976908",
                "count": 0
            },
            {
                "id": "61573916759463",
                "count": 0
            },
            {
                "id": "61574053793858",
                "count": 0
            },
            {
                "id": "61573512141662",
                "count": 0
            },
            {
                "id": "61573647969842",
                "count": 0
            },
            {
                "id": "100089655505433",
                "count": 0
            },
            {
                "id": "100078933403792",
                "count": 0
            },
            {
                "id": "100080086413305",
                "count": 0
            },
            {
                "id": "61573483084953",
                "count": 0
            },
            {
                "id": "61573549014752",
                "count": 0
            },
            {
                "id": "61573312058933",
                "count": 0
            },
            {
                "id": "61573373335565",
                "count": 0
            },
            {
                "id": "61573161472302",
                "count": 0
            },
            {
                "id": "61572912061106",
                "count": 0
            },
            {
                "id": "100088786913817",
                "count": 0
            },
            {
                "id": "61550556089094",
                "count": 0
            },
            {
                "id": "61572590698723",
                "count": 0
            },
            {
                "id": "61572818677665",
                "count": 0
            },
            {
                "id": "61550617107660",
                "count": 0
            },
            {
                "id": "100093131147668",
                "count": 0
            },
            {
                "id": "61571532470058",
                "count": 0
            },
            {
                "id": "61572484750889",
                "count": 0
            },
            {
                "id": "61552373604627",
                "count": 0
            },
            {
                "id": "61560951760036",
                "count": 0
            },
            {
                "id": "61568642931031",
                "count": 0
            },
            {
                "id": "100072753985586",
                "count": 0
            },
            {
                "id": "100080475334800",
                "count": 0
            },
            {
                "id": "61569871026471",
                "count": 0
            },
            {
                "id": "61561596178790",
                "count": 0
            },
            {
                "id": "100002339828934",
                "count": 0
            },
            {
                "id": "61573424755426",
                "count": 0
            },
            {
                "id": "61568189937588",
                "count": 0
            },
            {
                "id": "61573610878152",
                "count": 0
            },
            {
                "id": "100002514163694",
                "count": 0
            },
            {
                "id": "61572825947332",
                "count": 0
            },
            {
                "id": "61572415890966",
                "count": 0
            },
            {
                "id": "61571080604781",
                "count": 0
            },
            {
                "id": "61573640583277",
                "count": 0
            },
            {
                "id": "61573818419363",
                "count": 0
            },
            {
                "id": "61553388099443",
                "count": 0
            },
            {
                "id": "100000271383071",
                "count": 0
            },
            {
                "id": "100000338016091",
                "count": 0
            },
            {
                "id": "61555671868915",
                "count": 0
            },
            {
                "id": "61571160765784",
                "count": 0
            },
            {
                "id": "100037719074077",
                "count": 0
            },
            {
                "id": "61574016530612",
                "count": 0
            },
            {
                "id": "61573406115569",
                "count": 0
            },
            {
                "id": "61574019356813",
                "count": 0
            },
            {
                "id": "61573381923665",
                "count": 0
            },
            {
                "id": "61574011287787",
                "count": 0
            },
            {
                "id": "61573659100790",
                "count": 0
            },
            {
                "id": "61573991451998",
                "count": 0
            },
            {
                "id": "61573796648206",
                "count": 0
            },
            {
                "id": "61573792595662",
                "count": 0
            },
            {
                "id": "61571465921365",
                "count": 0
            },
            {
                "id": "61573955610004",
                "count": 0
            },
            {
                "id": "61573905688752",
                "count": 0
            },
            {
                "id": "61573370273940",
                "count": 0
            },
            {
                "id": "61553037955561",
                "count": 0
            },
            {
                "id": "100081652204496",
                "count": 0
            },
            {
                "id": "61573431925841",
                "count": 0
            },
            {
                "id": "61571959862577",
                "count": 0
            },
            {
                "id": "100062770320065",
                "count": 0
            },
            {
                "id": "61562738040042",
                "count": 0
            },
            {
                "id": "100030809583428",
                "count": 0
            },
            {
                "id": "61573943578182",
                "count": 0
            },
            {
                "id": "61563381726066",
                "count": 0
            },
            {
                "id": "100085403923659",
                "count": 0
            },
            {
                "id": "100089259265879",
                "count": 0
            },
            {
                "id": "61563000188255",
                "count": 0
            },
            {
                "id": "100055775004878",
                "count": 0
            },
            {
                "id": "61566256797440",
                "count": 0
            },
            {
                "id": "100078280512016",
                "count": 0
            },
            {
                "id": "61573712164707",
                "count": 0
            },
            {
                "id": "61573889755984",
                "count": 0
            },
            {
                "id": "61573506098756",
                "count": 0
            },
            {
                "id": "100053961173704",
                "count": 0
            },
            {
                "id": "100000939076507",
                "count": 0
            },
            {
                "id": "61557041382497",
                "count": 0
            },
            {
                "id": "100067663875988",
                "count": 0
            },
            {
                "id": "61567388295194",
                "count": 0
            },
            {
                "id": "61565586686712",
                "count": 0
            },
            {
                "id": "61573906257603",
                "count": 0
            },
            {
                "id": "61550546270950",
                "count": 0
            },
            {
                "id": "61571068455256",
                "count": 0
            },
            {
                "id": "61573785033240",
                "count": 0
            },
            {
                "id": "61565739221987",
                "count": 0
            },
            {
                "id": "61573543625700",
                "count": 0
            },
            {
                "id": "61573137209976",
                "count": 0
            },
            {
                "id": "61569698573640",
                "count": 0
            },
            {
                "id": "61573616900565",
                "count": 0
            },
            {
                "id": "61573503437309",
                "count": 0
            },
            {
                "id": "61570082234300",
                "count": 0
            },
            {
                "id": "100087775043661",
                "count": 0
            },
            {
                "id": "61573908590169",
                "count": 0
            },
            {
                "id": "61572736709988",
                "count": 0
            },
            {
                "id": "61573647605473",
                "count": 0
            },
            {
                "id": "100094345579749",
                "count": 0
            },
            {
                "id": "100048120457697",
                "count": 0
            },
            {
                "id": "100002475725717",
                "count": 0
            },
            {
                "id": "100093095153426",
                "count": 0
            },
            {
                "id": "61565370781600",
                "count": 0
            },
            {
                "id": "100021415674414",
                "count": 0
            },
            {
                "id": "61569868146464",
                "count": 0
            },
            {
                "id": "61568531432903",
                "count": 0
            },
            {
                "id": "61558654947748",
                "count": 0
            },
            {
                "id": "100024715321026",
                "count": 0
            },
            {
                "id": "61572968193164",
                "count": 0
            },
            {
                "id": "100007954205162",
                "count": 0
            },
            {
                "id": "100082752515072",
                "count": 0
            },
            {
                "id": "61573886067423",
                "count": 0
            },
            {
                "id": "61573732974274",
                "count": 0
            },
            {
                "id": "100002506698251",
                "count": 0
            },
            {
                "id": "61573911716711",
                "count": 0
            },
            {
                "id": "61573432899999",
                "count": 0
            },
            {
                "id": "61572319026027",
                "count": 0
            },
            {
                "id": "61573683178318",
                "count": 0
            },
            {
                "id": "100077466008724",
                "count": 0
            },
            {
                "id": "100001751656812",
                "count": 0
            },
            {
                "id": "61572362485624",
                "count": 0
            },
            {
                "id": "61572691371949",
                "count": 0
            },
            {
                "id": "61573683988158",
                "count": 0
            },
            {
                "id": "61573433536608",
                "count": 0
            },
            {
                "id": "100028624659136",
                "count": 0
            },
            {
                "id": "61553062556165",
                "count": 0
            },
            {
                "id": "61572690105719",
                "count": 0
            },
            {
                "id": "100085079967343",
                "count": 0
            },
            {
                "id": "100067649695553",
                "count": 0
            },
            {
                "id": "61574016625165",
                "count": 0
            },
            {
                "id": "61573666782015",
                "count": 0
            },
            {
                "id": "100024564752598",
                "count": 0
            },
            {
                "id": "61573953269605",
                "count": 0
            },
            {
                "id": "61573428688323",
                "count": 0
            },
            {
                "id": "100004242434996",
                "count": 0
            },
            {
                "id": "100083257723612",
                "count": 0
            },
            {
                "id": "61550240372426",
                "count": 0
            },
            {
                "id": "61572460086930",
                "count": 0
            },
            {
                "id": "100055862750466",
                "count": 0
            },
            {
                "id": "61573379588044",
                "count": 0
            },
            {
                "id": "61573930222093",
                "count": 0
            },
            {
                "id": "100063763671433",
                "count": 0
            },
            {
                "id": "61573532765462",
                "count": 0
            },
            {
                "id": "61553727367495",
                "count": 0
            },
            {
                "id": "61573593480260",
                "count": 0
            },
            {
                "id": "61572689282087",
                "count": 0
            },
            {
                "id": "61566186627328",
                "count": 0
            },
            {
                "id": "61551889705943",
                "count": 0
            },
            {
                "id": "100002884398544",
                "count": 0
            },
            {
                "id": "100069388637741",
                "count": 0
            },
            {
                "id": "61573812275901",
                "count": 0
            },
            {
                "id": "61555908730667",
                "count": 0
            },
            {
                "id": "100009066276944",
                "count": 0
            },
            {
                "id": "100095038462632",
                "count": 0
            },
            {
                "id": "61573168298391",
                "count": 0
            },
            {
                "id": "61573753503951",
                "count": 0
            },
            {
                "id": "61573699994715",
                "count": 0
            },
            {
                "id": "61573592385914",
                "count": 0
            }
        ]
    }
}