{
    "total": [
        {
            "id": "61573481554045",
            "count": 0
        },
        {
            "id": "100092265180435",
            "count": 0
        },
        {
            "id": "61572723522328",
            "count": 0
        },
        {
            "id": "61565739221987",
            "count": 0
        },
        {
            "id": "100003256089688",
            "count": 0
        },
        {
            "id": "61566323552836",
            "count": 0
        },
        {
            "id": "61558564203331",
            "count": 0
        },
        {
            "id": "61555671868915",
            "count": 0
        },
        {
            "id": "61572941954453",
            "count": 0
        },
        {
            "id": "61573026748956",
            "count": 0
        },
        {
            "id": "100091710202364",
            "count": 0
        },
        {
            "id": "61573272630612",
            "count": 0
        },
        {
            "id": "100000707660764",
            "count": 0
        },
        {
            "id": "61573173200726",
            "count": 0
        },
        {
            "id": "61573098642244",
            "count": 0
        },
        {
            "id": "61572913693432",
            "count": 0
        },
        {
            "id": "61565051556046",
            "count": 0
        },
        {
            "id": "61573428688323",
            "count": 0
        },
        {
            "id": "61563051852183",
            "count": 0
        },
        {
            "id": "61569739804909",
            "count": 0
        },
        {
            "id": "61570485360335",
            "count": 0
        },
        {
            "id": "100087210887329",
            "count": 0
        },
        {
            "id": "61562447780576",
            "count": 0
        },
        {
            "id": "61573549014752",
            "count": 0
        },
        {
            "id": "61573202892716",
            "count": 0
        },
        {
            "id": "61571925062419",
            "count": 0
        },
        {
            "id": "61572440938601",
            "count": 0
        },
        {
            "id": "61573611123393",
            "count": 0
        },
        {
            "id": "61573381923665",
            "count": 0
        },
        {
            "id": "61573494091014",
            "count": 0
        },
        {
            "id": "100026244009179",
            "count": 0
        },
        {
            "id": "61573373335565",
            "count": 0
        },
        {
            "id": "61573618469260",
            "count": 0
        },
        {
            "id": "100082818151679",
            "count": 0
        },
        {
            "id": "61570146524644",
            "count": 0
        },
        {
            "id": "61573046686274",
            "count": 0
        },
        {
            "id": "100026520853028",
            "count": 0
        },
        {
            "id": "61569817455087",
            "count": 0
        },
        {
            "id": "61573840341788",
            "count": 0
        },
        {
            "id": "61573102081752",
            "count": 0
        },
        {
            "id": "61573596212054",
            "count": 0
        },
        {
            "id": "61573394683669",
            "count": 0
        },
        {
            "id": "61573396989300",
            "count": 0
        },
        {
            "id": "61573732974274",
            "count": 0
        },
        {
            "id": "61572617891963",
            "count": 0
        },
        {
            "id": "61573400055349",
            "count": 0
        },
        {
            "id": "61562408587729",
            "count": 0
        },
        {
            "id": "100003272598601",
            "count": 0
        },
        {
            "id": "61572984185009",
            "count": 0
        },
        {
            "id": "61557834929291",
            "count": 0
        },
        {
            "id": "61573799008249",
            "count": 0
        },
        {
            "id": "61571160765784",
            "count": 0
        },
        {
            "id": "100003532127581",
            "count": 0
        },
        {
            "id": "61573277657669",
            "count": 0
        },
        {
            "id": "100002053380446",
            "count": 0
        },
        {
            "id": "61573702954807",
            "count": 0
        },
        {
            "id": "61573535143064",
            "count": 0
        },
        {
            "id": "100004714873206",
            "count": 0
        },
        {
            "id": "61568828095948",
            "count": 0
        },
        {
            "id": "100004208084291",
            "count": 0
        },
        {
            "id": "61573515051177",
            "count": 0
        },
        {
            "id": "61573618520800",
            "count": 0
        },
        {
            "id": "61573403128931",
            "count": 0
        },
        {
            "id": "61572238726779",
            "count": 0
        },
        {
            "id": "61573743274835",
            "count": 0
        },
        {
            "id": "61573433536608",
            "count": 0
        },
        {
            "id": "100004097349023",
            "count": 0
        },
        {
            "id": "100002404624756",
            "count": 0
        },
        {
            "id": "61573991451998",
            "count": 0
        },
        {
            "id": "61573200167982",
            "count": 0
        },
        {
            "id": "61573972193774",
            "count": 0
        },
        {
            "id": "61573834771020",
            "count": 0
        },
        {
            "id": "61573830840989",
            "count": 0
        },
        {
            "id": "61573975582860",
            "count": 0
        },
        {
            "id": "100002514163694",
            "count": 0
        },
        {
            "id": "61566794587338",
            "count": 0
        },
        {
            "id": "61573793372866",
            "count": 0
        },
        {
            "id": "100088488834383",
            "count": 0
        },
        {
            "id": "100003058455776",
            "count": 0
        },
        {
            "id": "61573647969842",
            "count": 0
        },
        {
            "id": "61573867557333",
            "count": 0
        },
        {
            "id": "61573777054546",
            "count": 0
        },
        {
            "id": "61571626403255",
            "count": 0
        },
        {
            "id": "61573748466935",
            "count": 0
        },
        {
            "id": "61573529145713",
            "count": 0
        },
        {
            "id": "61573565296002",
            "count": 0
        },
        {
            "id": "61573867048528",
            "count": 0
        },
        {
            "id": "61573659100790",
            "count": 0
        },
        {
            "id": "61573732417461",
            "count": 0
        },
        {
            "id": "61573916759463",
            "count": 0
        },
        {
            "id": "61573595503558",
            "count": 0
        },
        {
            "id": "61573686251419",
            "count": 0
        },
        {
            "id": "61573622383814",
            "count": 0
        },
        {
            "id": "61573868430946",
            "count": 0
        },
        {
            "id": "61573521617524",
            "count": 8
        },
        {
            "id": "61573592385914",
            "count": 0
        },
        {
            "id": "61573812275901",
            "count": 12
        },
        {
            "id": "61573512192946",
            "count": 4
        }
    ],
    "week": [
        {
            "id": "61573481554045",
            "count": 0
        },
        {
            "id": "100092265180435",
            "count": 0
        },
        {
            "id": "61572723522328",
            "count": 0
        },
        {
            "id": "61565739221987",
            "count": 0
        },
        {
            "id": "100003256089688",
            "count": 0
        },
        {
            "id": "61566323552836",
            "count": 0
        },
        {
            "id": "61558564203331",
            "count": 0
        },
        {
            "id": "61555671868915",
            "count": 0
        },
        {
            "id": "61572941954453",
            "count": 0
        },
        {
            "id": "61573026748956",
            "count": 0
        },
        {
            "id": "100091710202364",
            "count": 0
        },
        {
            "id": "61573272630612",
            "count": 0
        },
        {
            "id": "100000707660764",
            "count": 0
        },
        {
            "id": "61573173200726",
            "count": 0
        },
        {
            "id": "61573098642244",
            "count": 0
        },
        {
            "id": "61572913693432",
            "count": 0
        },
        {
            "id": "61565051556046",
            "count": 0
        },
        {
            "id": "61573428688323",
            "count": 0
        },
        {
            "id": "61563051852183",
            "count": 0
        },
        {
            "id": "61569739804909",
            "count": 0
        },
        {
            "id": "61570485360335",
            "count": 0
        },
        {
            "id": "100087210887329",
            "count": 0
        },
        {
            "id": "61562447780576",
            "count": 0
        },
        {
            "id": "61573549014752",
            "count": 0
        },
        {
            "id": "61573202892716",
            "count": 0
        },
        {
            "id": "61571925062419",
            "count": 0
        },
        {
            "id": "61572440938601",
            "count": 0
        },
        {
            "id": "61573611123393",
            "count": 0
        },
        {
            "id": "61573381923665",
            "count": 0
        },
        {
            "id": "61573494091014",
            "count": 0
        },
        {
            "id": "100026244009179",
            "count": 0
        },
        {
            "id": "61573373335565",
            "count": 0
        },
        {
            "id": "61573618469260",
            "count": 0
        },
        {
            "id": "100082818151679",
            "count": 0
        },
        {
            "id": "61570146524644",
            "count": 0
        },
        {
            "id": "61573046686274",
            "count": 0
        },
        {
            "id": "100026520853028",
            "count": 0
        },
        {
            "id": "61569817455087",
            "count": 0
        },
        {
            "id": "61573840341788",
            "count": 0
        },
        {
            "id": "61573102081752",
            "count": 0
        },
        {
            "id": "61573596212054",
            "count": 0
        },
        {
            "id": "61573394683669",
            "count": 0
        },
        {
            "id": "61573396989300",
            "count": 0
        },
        {
            "id": "61573732974274",
            "count": 0
        },
        {
            "id": "61572617891963",
            "count": 0
        },
        {
            "id": "61573400055349",
            "count": 0
        },
        {
            "id": "61562408587729",
            "count": 0
        },
        {
            "id": "100003272598601",
            "count": 0
        },
        {
            "id": "61572984185009",
            "count": 0
        },
        {
            "id": "61557834929291",
            "count": 0
        },
        {
            "id": "61573799008249",
            "count": 0
        },
        {
            "id": "61571160765784",
            "count": 0
        },
        {
            "id": "100003532127581",
            "count": 0
        },
        {
            "id": "61573277657669",
            "count": 0
        },
        {
            "id": "100002053380446",
            "count": 0
        },
        {
            "id": "61573702954807",
            "count": 0
        },
        {
            "id": "61573535143064",
            "count": 0
        },
        {
            "id": "100004714873206",
            "count": 0
        },
        {
            "id": "61568828095948",
            "count": 0
        },
        {
            "id": "100004208084291",
            "count": 0
        },
        {
            "id": "61573515051177",
            "count": 0
        },
        {
            "id": "61573618520800",
            "count": 0
        },
        {
            "id": "61573403128931",
            "count": 0
        },
        {
            "id": "61572238726779",
            "count": 0
        },
        {
            "id": "61573743274835",
            "count": 0
        },
        {
            "id": "61573433536608",
            "count": 0
        },
        {
            "id": "100004097349023",
            "count": 0
        },
        {
            "id": "100002404624756",
            "count": 0
        },
        {
            "id": "61573991451998",
            "count": 0
        },
        {
            "id": "61573200167982",
            "count": 0
        },
        {
            "id": "61573972193774",
            "count": 0
        },
        {
            "id": "61573834771020",
            "count": 0
        },
        {
            "id": "61573830840989",
            "count": 0
        },
        {
            "id": "61573975582860",
            "count": 0
        },
        {
            "id": "100002514163694",
            "count": 0
        },
        {
            "id": "61566794587338",
            "count": 0
        },
        {
            "id": "61573793372866",
            "count": 0
        },
        {
            "id": "100088488834383",
            "count": 0
        },
        {
            "id": "100003058455776",
            "count": 0
        },
        {
            "id": "61573647969842",
            "count": 0
        },
        {
            "id": "61573867557333",
            "count": 0
        },
        {
            "id": "61573777054546",
            "count": 0
        },
        {
            "id": "61571626403255",
            "count": 0
        },
        {
            "id": "61573748466935",
            "count": 0
        },
        {
            "id": "61573529145713",
            "count": 0
        },
        {
            "id": "61573565296002",
            "count": 0
        },
        {
            "id": "61573867048528",
            "count": 0
        },
        {
            "id": "61573659100790",
            "count": 0
        },
        {
            "id": "61573732417461",
            "count": 0
        },
        {
            "id": "61573916759463",
            "count": 0
        },
        {
            "id": "61573595503558",
            "count": 0
        },
        {
            "id": "61573686251419",
            "count": 0
        },
        {
            "id": "61573622383814",
            "count": 0
        },
        {
            "id": "61573868430946",
            "count": 0
        },
        {
            "id": "61573521617524",
            "count": 8
        },
        {
            "id": "61573592385914",
            "count": 0
        },
        {
            "id": "61573812275901",
            "count": 12
        },
        {
            "id": "61573512192946",
            "count": 4
        }
    ],
    "day": [
        {
            "id": "61573481554045",
            "count": 0,
            "name": "ڔٰ۫ڔﭑڪٰ۫ﹻۧﹻٰ۫ﹻۧﮱﮋﮊ ۦٰ۪ﮧۧ،"
        },
        {
            "id": "100092265180435",
            "count": 0,
            "name": "Người dùng facebook"
        },
        {
            "id": "61572723522328",
            "count": 0,
            "name": "Người dùng facebook"
        },
        {
            "id": "61565739221987",
            "count": 0,
            "name": "Asil Bou"
        },
        {
            "id": "100003256089688",
            "count": 0,
            "name": "ヾ༊Ԋʌɱσυԃყ࿐ 㷭ΡʌႦʅσ"
        },
        {
            "id": "61566323552836",
            "count": 0,
            "name": "Ξ︱࿆Ş᭄ Sanau ꜤꜤぐꕑ"
        },
        {
            "id": "61558564203331",
            "count": 0,
            "name": "Urlovee'x Midouch"
        },
        {
            "id": "61555671868915",
            "count": 0,
            "name": "CHikorkom Moh Whrani Ane"
        },
        {
            "id": "61572941954453",
            "count": 0,
            "name": "سيـمو ۦ٭۬ﮧ۬"
        },
        {
            "id": "61573026748956",
            "count": 0,
            "name": "ヾꜝ.ቶ ADAM ぐ〖ꜝ爾ゑ〗"
        },
        {
            "id": "100091710202364",
            "count": 0,
            "name": "X-Møh Q. Mdayni"
        },
        {
            "id": "61573272630612",
            "count": 0,
            "name": "Người dùng facebook"
        },
        {
            "id": "100000707660764",
            "count": 0,
            "name": "Djâbâlah Fares"
        },
        {
            "id": "61573173200726",
            "count": 0,
            "name": "αɱσυɳα ニ ヽ・　T.T"
        },
        {
            "id": "61573098642244",
            "count": 0,
            "name": "Người dùng facebook"
        },
        {
            "id": "61572913693432",
            "count": 0,
            "name": "Người dùng facebook"
        },
        {
            "id": "61565051556046",
            "count": 0,
            "name": "ʬIllıllı Fouad ʬIllıllı LLILLI　H　　K　　O　P　　X　　E　　S　K　　S　　V　　P　N　　A　　B　　C　D　　E　　F　　G　H　　J　　V　　IF　　N　　Z　　K　M　　O　　K　　Z　X　　T　　B　　T　W　　A　　U　　K　　L　　N　　O　　R　Y　　C　　Q　　J　I　　Y　　J　　N　G　　F　　D　　Q　M　　N　　X　　X　X　　X　　X"
        },
        {
            "id": "61573428688323",
            "count": 0,
            "name": "仝︱ヾꜝ ƙḧσʋɭσʋḋゞ 図"
        },
        {
            "id": "61563051852183",
            "count": 0,
            "name": "Người dùng facebook"
        },
        {
            "id": "61569739804909",
            "count": 0,
            "name": "Người dùng facebook"
        },
        {
            "id": "61570485360335",
            "count": 0,
            "name": "Người dùng facebook"
        },
        {
            "id": "100087210887329",
            "count": 0,
            "name": "ٱٱٱ. ميلفاي خخ"
        },
        {
            "id": "61562447780576",
            "count": 0,
            "name": "ٱٱٱ.سـْـْـْييـفُوو. بــررکݣ.سِــيـگمگݣ"
        },
        {
            "id": "61573549014752",
            "count": 0,
            "name": "اسامة تيبازي"
        },
        {
            "id": "61573202892716",
            "count": 0,
            "name": "M'e-Outchi Oussama X Oi-Itachi"
        },
        {
            "id": "61571925062419",
            "count": 0,
            "name": "Ayoub Swizi"
        },
        {
            "id": "61572440938601",
            "count": 0,
            "name": "Người dùng facebook"
        },
        {
            "id": "61573611123393",
            "count": 0,
            "name": "Người dùng facebook"
        },
        {
            "id": "61573381923665",
            "count": 0,
            "name": "عبدو لڪيوت ۦۦۦۦۦ"
        },
        {
            "id": "61573494091014",
            "count": 0,
            "name": "Người dùng facebook"
        },
        {
            "id": "100026244009179",
            "count": 0,
            "name": "Người dùng facebook"
        },
        {
            "id": "61573373335565",
            "count": 0,
            "name": "彡『O』OUS AMA ꔮぐ囚﹆"
        },
        {
            "id": "61573618469260",
            "count": 0,
            "name": "Người dùng facebook"
        },
        {
            "id": "100082818151679",
            "count": 0,
            "name": "䄟ꜝくNADER ꜝ ᜊꜝ食﹅"
        },
        {
            "id": "61570146524644",
            "count": 0,
            "name": "ۥۥٰﹾٰٰ۪۪٭ﹾٰٰ۪۪۫ۦٰ٭ أﻤﹻ۬ﹻۛٓ۬ۛﹻﹻۛﹻۛٓ۬ۛﹻريڪﻲ ۥۥٰﹾٰٰ۪۪٭"
        },
        {
            "id": "61573046686274",
            "count": 0,
            "name": "المهم أنا إنسان صريح و نحب الخير للناس و خاطيني طريق المصلحة منطمع كان في ربي خاطيني طريق لحرام و الطحين مهم راك عرفتني محسوب وش حاب تزيد تعرف عليا به تبعت انفي ايا بعت وخليك منين تقرعيج هه"
        },
        {
            "id": "100026520853028",
            "count": 0,
            "name": "ذڪۥٰ۬ۥٰ۬ۥٰ۬ۥٰ۬رﯾۥۥٰ۬ۥٰ۬ۥٰ۬ﺄﺄت ﻗۥٰ۬ۥٰ۬ۥٰ۬ۥٰ۬ﻠۥۥٰ۬ۥٰ۬ۥٰ۬ۥٰ۬ﺐ ﻣۥٰ۬ۥٰۥٰ۬ۥﺟۥٰ۬ۥٰ۬ۥٰ۬روح ۦۧۦۧۦۧۦۧۦۧۦۧۦۧﮩٰٰ"
        },
        {
            "id": "61569817455087",
            "count": 0,
            "name": "ጽጽጽጽ ጽጽጽጽ"
        },
        {
            "id": "61573840341788",
            "count": 0,
            "name": "Người dùng facebook"
        },
        {
            "id": "61573102081752",
            "count": 0,
            "name": "Người dùng facebook"
        },
        {
            "id": "61573596212054",
            "count": 0,
            "name": "Người dùng facebook"
        },
        {
            "id": "61573394683669",
            "count": 0,
            "name": "Người dùng facebook"
        },
        {
            "id": "61573396989300",
            "count": 0,
            "name": "ٱ. عٌبًدٍوٌ سِـکْمًکْ"
        },
        {
            "id": "61573732974274",
            "count": 0,
            "name": "وٌحًشُـةّ. عٌبًأّسِـيِّةّ. نِکْمًکْ."
        },
        {
            "id": "61572617891963",
            "count": 0,
            "name": "Justcallme X. Malak"
        },
        {
            "id": "61573400055349",
            "count": 0,
            "name": "Người dùng facebook"
        },
        {
            "id": "61562408587729",
            "count": 0,
            "name": "Người dùng facebook"
        },
        {
            "id": "100003272598601",
            "count": 0,
            "name": "Người dùng facebook"
        },
        {
            "id": "61572984185009",
            "count": 0,
            "name": "Người dùng facebook"
        },
        {
            "id": "61557834929291",
            "count": 0,
            "name": "ᏕᎧ  ᏝᏖᏗᏁ"
        },
        {
            "id": "61573799008249",
            "count": 0,
            "name": "Người dùng facebook"
        },
        {
            "id": "61571160765784",
            "count": 0,
            "name": "X- Ⴝiოσ ぐ〖ՅՅՅ豪〗"
        },
        {
            "id": "100003532127581",
            "count": 0,
            "name": "一 ᏂᎥፈᏂᏋᎷ ː-Ꮗ T.T　o.O"
        },
        {
            "id": "61573277657669",
            "count": 0,
            "name": "Người dùng facebook"
        },
        {
            "id": "100002053380446",
            "count": 0,
            "name": "عپدو- ﭑݪبليديۦ ۦۧۦ،ٰۧۦ،ٰۧۦۦ؍ﹻٛﹻۧﹻﮱۦۦﮩﮩ"
        },
        {
            "id": "61573702954807",
            "count": 0,
            "name": "وحش موح وهراني"
        },
        {
            "id": "61573535143064",
            "count": 0,
            "name": "Người dùng facebook"
        },
        {
            "id": "100004714873206",
            "count": 0,
            "name": "Người dùng facebook"
        },
        {
            "id": "61568828095948",
            "count": 0,
            "name": "ﻣﹻٰ۫۬ﹻٰﹻٰ۫۬ﮱﯿﹻٰ۫۬ﹻٰﹻٰ۫۬ﮱﮍﺂﺂۦۦ ﭑﭑلاﻧﹻﹻﹻٛۧﹻٛۧﹻٛۧﹻﺪآل بغگ'ﮮ"
        },
        {
            "id": "100004208084291",
            "count": 0,
            "name": "ꜝャ S"
        },
        {
            "id": "61573515051177",
            "count": 0,
            "name": "نياخ نسرين جيجلية"
        },
        {
            "id": "61573618520800",
            "count": 0,
            "name": "اڪـــــــرم شاوي نيڪمتڪم"
        },
        {
            "id": "61573403128931",
            "count": 0,
            "name": "ҒᎪᎡᎬՏ ཬྀྀ ꜝ.ꜝ ཬꜝ Algɇrià ꜝ䄟 зз"
        },
        {
            "id": "61572238726779",
            "count": 0,
            "name": "Người dùng facebook"
        },
        {
            "id": "61573743274835",
            "count": 0,
            "name": "Người dùng facebook"
        },
        {
            "id": "61573433536608",
            "count": 0,
            "name": "ﻧياڪ.يمات ٱدم طارفي ۦٰٰٰۦٰٰۦٰ٭۬ﮧ۬"
        },
        {
            "id": "100004097349023",
            "count": 0,
            "name": "ﹾ٭ﹾ مہٰٖافہٰٖيةۦ بہٰٖوسہٰٖعاديۦٰﹾ٭"
        },
        {
            "id": "100002404624756",
            "count": 0,
            "name": "Fares Mostik"
        },
        {
            "id": "61573991451998",
            "count": 0,
            "name": "شيڪورڪ تلمسااني ڪمك طاڪ"
        },
        {
            "id": "61573200167982",
            "count": 0,
            "name": "Người dùng facebook"
        },
        {
            "id": "61573972193774",
            "count": 0,
            "name": "Người dùng facebook"
        },
        {
            "id": "61573834771020",
            "count": 0,
            "name": "يوووووووووووووووووسف تلمساني"
        },
        {
            "id": "61573830840989",
            "count": 0,
            "name": "Người dùng facebook"
        },
        {
            "id": "61573975582860",
            "count": 0,
            "name": "Người dùng facebook"
        },
        {
            "id": "100002514163694",
            "count": 0,
            "name": "ﷻمعٱڪ-جمهڕية-ٱدم-ݪعبٱسي تعوي-نڪݪڪ-سوتعمڪ ڪعبﷻ"
        },
        {
            "id": "61566794587338",
            "count": 0,
            "name": "ٱٱ.ڪ.م رب-تشريد- ادم-لعباسي ٱٱ-نڪمڪ-رڪوع"
        },
        {
            "id": "61573793372866",
            "count": 0,
            "name": "Người dùng facebook"
        },
        {
            "id": "100088488834383",
            "count": 0,
            "name": "ٱٱ.ڪ.م رب-تشريد- ادم-لعباسي ٱٱ-نڪمڪ-رڪوع"
        },
        {
            "id": "100003058455776",
            "count": 0,
            "name": "Zakaria Aaraj"
        },
        {
            "id": "61573647969842",
            "count": 0,
            "name": "Gika Tom"
        },
        {
            "id": "61573867557333",
            "count": 0,
            "name": "Người dùng facebook"
        },
        {
            "id": "61573777054546",
            "count": 0,
            "name": "Người dùng facebook"
        },
        {
            "id": "61571626403255",
            "count": 0,
            "name": "Ws Sim"
        },
        {
            "id": "61573748466935",
            "count": 0,
            "name": "Adam Abbasy"
        },
        {
            "id": "61573529145713",
            "count": 0,
            "name": "Người dùng facebook"
        },
        {
            "id": "61573565296002",
            "count": 0,
            "name": "Người dùng facebook"
        },
        {
            "id": "61573867048528",
            "count": 0,
            "name": "Oussama Tipazi"
        },
        {
            "id": "61573659100790",
            "count": 0,
            "name": "اسامة ڪيوت"
        },
        {
            "id": "61573732417461",
            "count": 0,
            "name": "ٱٱ.ڪ.م رب-تشريد- اسامة-تيبازي- ٱٱ-نڪمڪ-رڪوع"
        },
        {
            "id": "61573916759463",
            "count": 0,
            "name": "تيبازي هربڪ"
        },
        {
            "id": "61573595503558",
            "count": 0,
            "name": "ՕቶՕ〗ぐ ᎻᎥටිᎾᏦᎪ ぐ〖"
        },
        {
            "id": "61573686251419",
            "count": 0,
            "name": "Người dùng facebook"
        },
        {
            "id": "61573622383814",
            "count": 0,
            "name": "Người dùng facebook"
        },
        {
            "id": "61573868430946",
            "count": 0,
            "name": "نهاد مغيـولةة"
        },
        {
            "id": "61573521617524",
            "count": 0,
            "name": "عپدو ﭑݪبليديۦ ۦۧۦ،ٰۧۦ"
        },
        {
            "id": "61573592385914",
            "count": 0,
            "name": "شيڪور سسسسسسسسسسسسسسسوتاعموك"
        },
        {
            "id": "61573812275901",
            "count": 0,
            "name": "كلبكم موح وهراني"
        },
        {
            "id": "61573512192946",
            "count": 0,
            "name": "وحش موح وهراني"
        }
    ],
    "time": 3,
    "last": {
        "time": 5,
        "day": [
            {
                "id": "61573481554045",
                "count": 0
            },
            {
                "id": "100092265180435",
                "count": 0
            },
            {
                "id": "61572723522328",
                "count": 0
            },
            {
                "id": "61565739221987",
                "count": 0
            },
            {
                "id": "100003256089688",
                "count": 0
            },
            {
                "id": "61566323552836",
                "count": 0
            },
            {
                "id": "61558564203331",
                "count": 0
            },
            {
                "id": "61555671868915",
                "count": 0
            },
            {
                "id": "61572941954453",
                "count": 0
            },
            {
                "id": "61573026748956",
                "count": 0
            },
            {
                "id": "100091710202364",
                "count": 0
            },
            {
                "id": "61573272630612",
                "count": 0
            },
            {
                "id": "100000707660764",
                "count": 0
            },
            {
                "id": "61573173200726",
                "count": 0
            },
            {
                "id": "61573098642244",
                "count": 0
            },
            {
                "id": "61572913693432",
                "count": 0
            },
            {
                "id": "61565051556046",
                "count": 0
            },
            {
                "id": "61573428688323",
                "count": 0
            },
            {
                "id": "61563051852183",
                "count": 0
            },
            {
                "id": "61569739804909",
                "count": 0
            },
            {
                "id": "61570485360335",
                "count": 0
            },
            {
                "id": "100087210887329",
                "count": 0
            },
            {
                "id": "61562447780576",
                "count": 0
            },
            {
                "id": "61573549014752",
                "count": 0
            },
            {
                "id": "61573202892716",
                "count": 0
            },
            {
                "id": "61571925062419",
                "count": 0
            },
            {
                "id": "61572440938601",
                "count": 0
            },
            {
                "id": "61573611123393",
                "count": 0
            },
            {
                "id": "61573381923665",
                "count": 0
            },
            {
                "id": "61573494091014",
                "count": 0
            },
            {
                "id": "100026244009179",
                "count": 0
            },
            {
                "id": "61573373335565",
                "count": 0
            },
            {
                "id": "61573618469260",
                "count": 0
            },
            {
                "id": "100082818151679",
                "count": 0
            },
            {
                "id": "61570146524644",
                "count": 0
            },
            {
                "id": "61573046686274",
                "count": 0
            },
            {
                "id": "100026520853028",
                "count": 0
            },
            {
                "id": "61569817455087",
                "count": 0
            },
            {
                "id": "61573840341788",
                "count": 0
            },
            {
                "id": "61573102081752",
                "count": 0
            },
            {
                "id": "61573596212054",
                "count": 0
            },
            {
                "id": "61573394683669",
                "count": 0
            },
            {
                "id": "61573396989300",
                "count": 0
            },
            {
                "id": "61573732974274",
                "count": 0
            },
            {
                "id": "61572617891963",
                "count": 0
            },
            {
                "id": "61573400055349",
                "count": 0
            },
            {
                "id": "61562408587729",
                "count": 0
            },
            {
                "id": "100003272598601",
                "count": 0
            },
            {
                "id": "61572984185009",
                "count": 0
            },
            {
                "id": "61557834929291",
                "count": 0
            },
            {
                "id": "61573799008249",
                "count": 0
            },
            {
                "id": "61571160765784",
                "count": 0
            },
            {
                "id": "100003532127581",
                "count": 0
            },
            {
                "id": "61573277657669",
                "count": 0
            },
            {
                "id": "100002053380446",
                "count": 0
            },
            {
                "id": "61573702954807",
                "count": 0
            },
            {
                "id": "61573535143064",
                "count": 0
            },
            {
                "id": "100004714873206",
                "count": 0
            },
            {
                "id": "61568828095948",
                "count": 0
            },
            {
                "id": "100004208084291",
                "count": 0
            },
            {
                "id": "61573515051177",
                "count": 0
            },
            {
                "id": "61573618520800",
                "count": 0
            },
            {
                "id": "61573403128931",
                "count": 0
            },
            {
                "id": "61572238726779",
                "count": 0
            },
            {
                "id": "61573743274835",
                "count": 0
            },
            {
                "id": "61573433536608",
                "count": 0
            },
            {
                "id": "100004097349023",
                "count": 0
            },
            {
                "id": "100002404624756",
                "count": 0
            },
            {
                "id": "61573991451998",
                "count": 0
            },
            {
                "id": "61573200167982",
                "count": 0
            },
            {
                "id": "61573972193774",
                "count": 0
            },
            {
                "id": "61573834771020",
                "count": 0
            },
            {
                "id": "61573830840989",
                "count": 0
            },
            {
                "id": "61573975582860",
                "count": 0
            },
            {
                "id": "100002514163694",
                "count": 0
            },
            {
                "id": "61566794587338",
                "count": 0
            },
            {
                "id": "61573793372866",
                "count": 0
            },
            {
                "id": "100088488834383",
                "count": 0
            },
            {
                "id": "100003058455776",
                "count": 0
            },
            {
                "id": "61573647969842",
                "count": 0
            },
            {
                "id": "61573867557333",
                "count": 0
            },
            {
                "id": "61573777054546",
                "count": 0
            },
            {
                "id": "61571626403255",
                "count": 0
            },
            {
                "id": "61573748466935",
                "count": 0
            },
            {
                "id": "61573529145713",
                "count": 0
            },
            {
                "id": "61573565296002",
                "count": 0
            },
            {
                "id": "61573867048528",
                "count": 0
            },
            {
                "id": "61573659100790",
                "count": 0
            },
            {
                "id": "61573732417461",
                "count": 0
            },
            {
                "id": "61573916759463",
                "count": 0
            },
            {
                "id": "61573595503558",
                "count": 0
            },
            {
                "id": "61573686251419",
                "count": 0
            },
            {
                "id": "61573622383814",
                "count": 0
            },
            {
                "id": "61573868430946",
                "count": 0
            },
            {
                "id": "61573521617524",
                "count": 0
            },
            {
                "id": "61573592385914",
                "count": 0
            },
            {
                "id": "61573812275901",
                "count": 0
            },
            {
                "id": "61573512192946",
                "count": 0
            }
        ],
        "week": [
            {
                "id": "61573481554045",
                "count": 0
            },
            {
                "id": "100092265180435",
                "count": 0
            },
            {
                "id": "61572723522328",
                "count": 0
            },
            {
                "id": "61565739221987",
                "count": 0
            },
            {
                "id": "100003256089688",
                "count": 0
            },
            {
                "id": "61566323552836",
                "count": 0
            },
            {
                "id": "61558564203331",
                "count": 0
            },
            {
                "id": "61555671868915",
                "count": 0
            },
            {
                "id": "61572941954453",
                "count": 0
            },
            {
                "id": "61573026748956",
                "count": 0
            },
            {
                "id": "100091710202364",
                "count": 0
            },
            {
                "id": "61573272630612",
                "count": 0
            },
            {
                "id": "100000707660764",
                "count": 0
            },
            {
                "id": "61573173200726",
                "count": 0
            },
            {
                "id": "61573098642244",
                "count": 0
            },
            {
                "id": "61572913693432",
                "count": 0
            },
            {
                "id": "61565051556046",
                "count": 0
            },
            {
                "id": "61573428688323",
                "count": 0
            },
            {
                "id": "61563051852183",
                "count": 0
            },
            {
                "id": "61569739804909",
                "count": 0
            },
            {
                "id": "61570485360335",
                "count": 0
            },
            {
                "id": "100087210887329",
                "count": 0
            },
            {
                "id": "61562447780576",
                "count": 0
            },
            {
                "id": "61573549014752",
                "count": 0
            },
            {
                "id": "61573202892716",
                "count": 0
            },
            {
                "id": "61571925062419",
                "count": 0
            },
            {
                "id": "61572440938601",
                "count": 0
            },
            {
                "id": "61573611123393",
                "count": 0
            },
            {
                "id": "61573381923665",
                "count": 0
            },
            {
                "id": "61573494091014",
                "count": 0
            },
            {
                "id": "100026244009179",
                "count": 0
            },
            {
                "id": "61573373335565",
                "count": 0
            },
            {
                "id": "61573618469260",
                "count": 0
            },
            {
                "id": "100082818151679",
                "count": 0
            },
            {
                "id": "61570146524644",
                "count": 0
            },
            {
                "id": "61573046686274",
                "count": 0
            },
            {
                "id": "100026520853028",
                "count": 0
            },
            {
                "id": "61569817455087",
                "count": 0
            },
            {
                "id": "61573840341788",
                "count": 0
            },
            {
                "id": "61573102081752",
                "count": 0
            },
            {
                "id": "61573596212054",
                "count": 0
            },
            {
                "id": "61573394683669",
                "count": 0
            },
            {
                "id": "61573396989300",
                "count": 0
            },
            {
                "id": "61573732974274",
                "count": 0
            },
            {
                "id": "61572617891963",
                "count": 0
            },
            {
                "id": "61573400055349",
                "count": 0
            },
            {
                "id": "61562408587729",
                "count": 0
            },
            {
                "id": "100003272598601",
                "count": 0
            },
            {
                "id": "61572984185009",
                "count": 0
            },
            {
                "id": "61557834929291",
                "count": 0
            },
            {
                "id": "61573799008249",
                "count": 0
            },
            {
                "id": "61571160765784",
                "count": 0
            },
            {
                "id": "100003532127581",
                "count": 0
            },
            {
                "id": "61573277657669",
                "count": 0
            },
            {
                "id": "100002053380446",
                "count": 0
            },
            {
                "id": "61573702954807",
                "count": 0
            },
            {
                "id": "61573535143064",
                "count": 0
            },
            {
                "id": "100004714873206",
                "count": 0
            },
            {
                "id": "61568828095948",
                "count": 0
            },
            {
                "id": "100004208084291",
                "count": 0
            },
            {
                "id": "61573515051177",
                "count": 0
            },
            {
                "id": "61573618520800",
                "count": 0
            },
            {
                "id": "61573403128931",
                "count": 0
            },
            {
                "id": "61572238726779",
                "count": 0
            },
            {
                "id": "61573743274835",
                "count": 0
            },
            {
                "id": "61573433536608",
                "count": 0
            },
            {
                "id": "100004097349023",
                "count": 0
            },
            {
                "id": "100002404624756",
                "count": 0
            },
            {
                "id": "61573991451998",
                "count": 0
            },
            {
                "id": "61573200167982",
                "count": 0
            },
            {
                "id": "61573972193774",
                "count": 0
            },
            {
                "id": "61573834771020",
                "count": 0
            },
            {
                "id": "61573830840989",
                "count": 0
            },
            {
                "id": "61573975582860",
                "count": 0
            },
            {
                "id": "100002514163694",
                "count": 0
            },
            {
                "id": "61566794587338",
                "count": 0
            },
            {
                "id": "61573793372866",
                "count": 0
            },
            {
                "id": "100088488834383",
                "count": 0
            },
            {
                "id": "100003058455776",
                "count": 0
            },
            {
                "id": "61573647969842",
                "count": 0
            },
            {
                "id": "61573867557333",
                "count": 0
            },
            {
                "id": "61573777054546",
                "count": 0
            },
            {
                "id": "61571626403255",
                "count": 0
            },
            {
                "id": "61573748466935",
                "count": 0
            },
            {
                "id": "61573529145713",
                "count": 0
            },
            {
                "id": "61573565296002",
                "count": 0
            },
            {
                "id": "61573867048528",
                "count": 0
            },
            {
                "id": "61573659100790",
                "count": 0
            },
            {
                "id": "61573732417461",
                "count": 0
            },
            {
                "id": "61573916759463",
                "count": 0
            },
            {
                "id": "61573595503558",
                "count": 0
            },
            {
                "id": "61573686251419",
                "count": 0
            },
            {
                "id": "61573622383814",
                "count": 0
            },
            {
                "id": "61573868430946",
                "count": 0
            },
            {
                "id": "61573521617524",
                "count": 0
            },
            {
                "id": "61573592385914",
                "count": 0
            },
            {
                "id": "61573812275901",
                "count": 0
            },
            {
                "id": "61573512192946",
                "count": 0
            }
        ]
    }
}