{
    "total": [
        {
            "id": "61573422021567",
            "count": 0
        },
        {
            "id": "61573118220844",
            "count": 0
        },
        {
            "id": "100030331840927",
            "count": 0
        },
        {
            "id": "61572984185009",
            "count": 0
        },
        {
            "id": "61572868664294",
            "count": 0
        },
        {
            "id": "61573052849394",
            "count": 0
        },
        {
            "id": "100091710202364",
            "count": 0
        },
        {
            "id": "61563920802319",
            "count": 0
        },
        {
            "id": "61566323552836",
            "count": 0
        },
        {
            "id": "61573376032823",
            "count": 0
        },
        {
            "id": "61572925285034",
            "count": 0
        },
        {
            "id": "61569575141717",
            "count": 0
        },
        {
            "id": "61573370273940",
            "count": 0
        },
        {
            "id": "61573000986070",
            "count": 0
        },
        {
            "id": "61559197347472",
            "count": 0
        },
        {
            "id": "61573373335565",
            "count": 0
        },
        {
            "id": "61573078144627",
            "count": 0
        },
        {
            "id": "61572699556264",
            "count": 0
        },
        {
            "id": "61573203898598",
            "count": 0
        },
        {
            "id": "61573208518249",
            "count": 0
        },
        {
            "id": "61573459551366",
            "count": 0
        },
        {
            "id": "61573418723050",
            "count": 0
        },
        {
            "id": "61572898182951",
            "count": 0
        },
        {
            "id": "61572689431207",
            "count": 0
        },
        {
            "id": "61572792102415",
            "count": 0
        },
        {
            "id": "61562886031089",
            "count": 0
        },
        {
            "id": "61573201553302",
            "count": 0
        },
        {
            "id": "61572964844406",
            "count": 0
        },
        {
            "id": "61572761776234",
            "count": 0
        },
        {
            "id": "61573024177665",
            "count": 0
        },
        {
            "id": "61573003452619",
            "count": 0
        },
        {
            "id": "61573166584801",
            "count": 0
        },
        {
            "id": "61573015572678",
            "count": 0
        },
        {
            "id": "61573437717399",
            "count": 0
        },
        {
            "id": "61573007355113",
            "count": 0
        },
        {
            "id": "61573549014752",
            "count": 0
        },
        {
            "id": "100002514163694",
            "count": 0
        },
        {
            "id": "61573381923665",
            "count": 0
        },
        {
            "id": "61573123062745",
            "count": 0
        },
        {
            "id": "61565457851633",
            "count": 0
        },
        {
            "id": "61573122673730",
            "count": 0
        },
        {
            "id": "61573743050689",
            "count": 0
        },
        {
            "id": "61573174121541",
            "count": 0
        },
        {
            "id": "61573437668785",
            "count": 0
        },
        {
            "id": "61573202892716",
            "count": 0
        },
        {
            "id": "61573494091014",
            "count": 0
        },
        {
            "id": "100026244009179",
            "count": 0
        },
        {
            "id": "61572892925020",
            "count": 0
        },
        {
            "id": "61562408587729",
            "count": 0
        },
        {
            "id": "61573102081752",
            "count": 0
        },
        {
            "id": "100003272598601",
            "count": 0
        },
        {
            "id": "61573394683669",
            "count": 0
        },
        {
            "id": "61573400055349",
            "count": 0
        },
        {
            "id": "61573799008249",
            "count": 0
        },
        {
            "id": "61571160765784",
            "count": 0
        },
        {
            "id": "100003532127581",
            "count": 0
        },
        {
            "id": "61573277657669",
            "count": 0
        },
        {
            "id": "100004714873206",
            "count": 0
        },
        {
            "id": "61568828095948",
            "count": 0
        },
        {
            "id": "61573991451998",
            "count": 0
        },
        {
            "id": "61573200167982",
            "count": 0
        },
        {
            "id": "61573515051177",
            "count": 0
        },
        {
            "id": "61573972193774",
            "count": 0
        },
        {
            "id": "100002053380446",
            "count": 0
        },
        {
            "id": "61573975582860",
            "count": 0
        },
        {
            "id": "100004208084291",
            "count": 404
        },
        {
            "id": "61573834771020",
            "count": 0
        },
        {
            "id": "100088488834383",
            "count": 0
        },
        {
            "id": "61573793372866",
            "count": 0
        },
        {
            "id": "61573867557333",
            "count": 0
        },
        {
            "id": "61573723116816",
            "count": 0
        },
        {
            "id": "61573647969842",
            "count": 0
        },
        {
            "id": "61573659100790",
            "count": 0
        },
        {
            "id": "61573732417461",
            "count": 0
        },
        {
            "id": "61573867048528",
            "count": 0
        },
        {
            "id": "61573777054546",
            "count": 0
        },
        {
            "id": "61574069300095",
            "count": 0
        },
        {
            "id": "61571626403255",
            "count": 0
        },
        {
            "id": "61573529145713",
            "count": 0
        },
        {
            "id": "61573748466935",
            "count": 0
        },
        {
            "id": "61573565296002",
            "count": 0
        },
        {
            "id": "100000939076507",
            "count": 232
        },
        {
            "id": "100004062702431",
            "count": 0
        },
        {
            "id": "61573686251419",
            "count": 0
        },
        {
            "id": "61573622383814",
            "count": 0
        },
        {
            "id": "61573521617524",
            "count": 576
        },
        {
            "id": "61573592385914",
            "count": 0
        },
        {
            "id": "61573916759463",
            "count": 0
        }
    ],
    "week": [
        {
            "id": "61573422021567",
            "count": 0
        },
        {
            "id": "61573118220844",
            "count": 0
        },
        {
            "id": "100030331840927",
            "count": 0
        },
        {
            "id": "61572984185009",
            "count": 0
        },
        {
            "id": "61572868664294",
            "count": 0
        },
        {
            "id": "61573052849394",
            "count": 0
        },
        {
            "id": "100091710202364",
            "count": 0
        },
        {
            "id": "61563920802319",
            "count": 0
        },
        {
            "id": "61566323552836",
            "count": 0
        },
        {
            "id": "61573376032823",
            "count": 0
        },
        {
            "id": "61572925285034",
            "count": 0
        },
        {
            "id": "61569575141717",
            "count": 0
        },
        {
            "id": "61573370273940",
            "count": 0
        },
        {
            "id": "61573000986070",
            "count": 0
        },
        {
            "id": "61559197347472",
            "count": 0
        },
        {
            "id": "61573373335565",
            "count": 0
        },
        {
            "id": "61573078144627",
            "count": 0
        },
        {
            "id": "61572699556264",
            "count": 0
        },
        {
            "id": "61573203898598",
            "count": 0
        },
        {
            "id": "61573208518249",
            "count": 0
        },
        {
            "id": "61573459551366",
            "count": 0
        },
        {
            "id": "61573418723050",
            "count": 0
        },
        {
            "id": "61572898182951",
            "count": 0
        },
        {
            "id": "61572689431207",
            "count": 0
        },
        {
            "id": "61572792102415",
            "count": 0
        },
        {
            "id": "61562886031089",
            "count": 0
        },
        {
            "id": "61573201553302",
            "count": 0
        },
        {
            "id": "61572964844406",
            "count": 0
        },
        {
            "id": "61572761776234",
            "count": 0
        },
        {
            "id": "61573024177665",
            "count": 0
        },
        {
            "id": "61573003452619",
            "count": 0
        },
        {
            "id": "61573166584801",
            "count": 0
        },
        {
            "id": "61573015572678",
            "count": 0
        },
        {
            "id": "61573437717399",
            "count": 0
        },
        {
            "id": "61573007355113",
            "count": 0
        },
        {
            "id": "61573549014752",
            "count": 0
        },
        {
            "id": "100002514163694",
            "count": 0
        },
        {
            "id": "61573381923665",
            "count": 0
        },
        {
            "id": "61573123062745",
            "count": 0
        },
        {
            "id": "61565457851633",
            "count": 0
        },
        {
            "id": "61573122673730",
            "count": 0
        },
        {
            "id": "61573743050689",
            "count": 0
        },
        {
            "id": "61573174121541",
            "count": 0
        },
        {
            "id": "61573437668785",
            "count": 0
        },
        {
            "id": "61573202892716",
            "count": 0
        },
        {
            "id": "61573494091014",
            "count": 0
        },
        {
            "id": "100026244009179",
            "count": 0
        },
        {
            "id": "61572892925020",
            "count": 0
        },
        {
            "id": "61562408587729",
            "count": 0
        },
        {
            "id": "61573102081752",
            "count": 0
        },
        {
            "id": "100003272598601",
            "count": 0
        },
        {
            "id": "61573394683669",
            "count": 0
        },
        {
            "id": "61573400055349",
            "count": 0
        },
        {
            "id": "61573799008249",
            "count": 0
        },
        {
            "id": "61571160765784",
            "count": 0
        },
        {
            "id": "100003532127581",
            "count": 0
        },
        {
            "id": "61573277657669",
            "count": 0
        },
        {
            "id": "100004714873206",
            "count": 0
        },
        {
            "id": "61568828095948",
            "count": 0
        },
        {
            "id": "61573991451998",
            "count": 0
        },
        {
            "id": "61573200167982",
            "count": 0
        },
        {
            "id": "61573515051177",
            "count": 0
        },
        {
            "id": "61573972193774",
            "count": 0
        },
        {
            "id": "100002053380446",
            "count": 0
        },
        {
            "id": "61573975582860",
            "count": 0
        },
        {
            "id": "100004208084291",
            "count": 404
        },
        {
            "id": "61573834771020",
            "count": 0
        },
        {
            "id": "100088488834383",
            "count": 0
        },
        {
            "id": "61573793372866",
            "count": 0
        },
        {
            "id": "61573867557333",
            "count": 0
        },
        {
            "id": "61573723116816",
            "count": 0
        },
        {
            "id": "61573647969842",
            "count": 0
        },
        {
            "id": "61573659100790",
            "count": 0
        },
        {
            "id": "61573732417461",
            "count": 0
        },
        {
            "id": "61573867048528",
            "count": 0
        },
        {
            "id": "61573777054546",
            "count": 0
        },
        {
            "id": "61574069300095",
            "count": 0
        },
        {
            "id": "61571626403255",
            "count": 0
        },
        {
            "id": "61573529145713",
            "count": 0
        },
        {
            "id": "61573748466935",
            "count": 0
        },
        {
            "id": "61573565296002",
            "count": 0
        },
        {
            "id": "100000939076507",
            "count": 232
        },
        {
            "id": "100004062702431",
            "count": 0
        },
        {
            "id": "61573686251419",
            "count": 0
        },
        {
            "id": "61573622383814",
            "count": 0
        },
        {
            "id": "61573521617524",
            "count": 576
        },
        {
            "id": "61573592385914",
            "count": 0
        },
        {
            "id": "61573916759463",
            "count": 0
        }
    ],
    "day": [
        {
            "id": "61573422021567",
            "count": 0
        },
        {
            "id": "61573118220844",
            "count": 0
        },
        {
            "id": "100030331840927",
            "count": 0
        },
        {
            "id": "61572984185009",
            "count": 0
        },
        {
            "id": "61572868664294",
            "count": 0
        },
        {
            "id": "61573052849394",
            "count": 0
        },
        {
            "id": "100091710202364",
            "count": 0
        },
        {
            "id": "61563920802319",
            "count": 0
        },
        {
            "id": "61566323552836",
            "count": 0
        },
        {
            "id": "61573376032823",
            "count": 0
        },
        {
            "id": "61572925285034",
            "count": 0
        },
        {
            "id": "61569575141717",
            "count": 0
        },
        {
            "id": "61573370273940",
            "count": 0
        },
        {
            "id": "61573000986070",
            "count": 0
        },
        {
            "id": "61559197347472",
            "count": 0
        },
        {
            "id": "61573373335565",
            "count": 0
        },
        {
            "id": "61573078144627",
            "count": 0
        },
        {
            "id": "61572699556264",
            "count": 0
        },
        {
            "id": "61573203898598",
            "count": 0
        },
        {
            "id": "61573208518249",
            "count": 0
        },
        {
            "id": "61573459551366",
            "count": 0
        },
        {
            "id": "61573418723050",
            "count": 0
        },
        {
            "id": "61572898182951",
            "count": 0
        },
        {
            "id": "61572689431207",
            "count": 0
        },
        {
            "id": "61572792102415",
            "count": 0
        },
        {
            "id": "61562886031089",
            "count": 0
        },
        {
            "id": "61573201553302",
            "count": 0
        },
        {
            "id": "61572964844406",
            "count": 0
        },
        {
            "id": "61572761776234",
            "count": 0
        },
        {
            "id": "61573024177665",
            "count": 0
        },
        {
            "id": "61573003452619",
            "count": 0
        },
        {
            "id": "61573166584801",
            "count": 0
        },
        {
            "id": "61573015572678",
            "count": 0
        },
        {
            "id": "61573437717399",
            "count": 0
        },
        {
            "id": "61573007355113",
            "count": 0
        },
        {
            "id": "61573549014752",
            "count": 0
        },
        {
            "id": "100002514163694",
            "count": 0
        },
        {
            "id": "61573381923665",
            "count": 0
        },
        {
            "id": "61573123062745",
            "count": 0
        },
        {
            "id": "61565457851633",
            "count": 0
        },
        {
            "id": "61573122673730",
            "count": 0
        },
        {
            "id": "61573743050689",
            "count": 0
        },
        {
            "id": "61573174121541",
            "count": 0
        },
        {
            "id": "61573437668785",
            "count": 0
        },
        {
            "id": "61573202892716",
            "count": 0
        },
        {
            "id": "61573494091014",
            "count": 0
        },
        {
            "id": "100026244009179",
            "count": 0
        },
        {
            "id": "61572892925020",
            "count": 0
        },
        {
            "id": "61562408587729",
            "count": 0
        },
        {
            "id": "61573102081752",
            "count": 0
        },
        {
            "id": "100003272598601",
            "count": 0
        },
        {
            "id": "61573394683669",
            "count": 0
        },
        {
            "id": "61573400055349",
            "count": 0
        },
        {
            "id": "61573799008249",
            "count": 0
        },
        {
            "id": "61571160765784",
            "count": 0
        },
        {
            "id": "100003532127581",
            "count": 0
        },
        {
            "id": "61573277657669",
            "count": 0
        },
        {
            "id": "100004714873206",
            "count": 0
        },
        {
            "id": "61568828095948",
            "count": 0
        },
        {
            "id": "61573991451998",
            "count": 0
        },
        {
            "id": "61573200167982",
            "count": 0
        },
        {
            "id": "61573515051177",
            "count": 0
        },
        {
            "id": "61573972193774",
            "count": 0
        },
        {
            "id": "100002053380446",
            "count": 0
        },
        {
            "id": "61573975582860",
            "count": 0
        },
        {
            "id": "100004208084291",
            "count": 404
        },
        {
            "id": "61573834771020",
            "count": 0
        },
        {
            "id": "100088488834383",
            "count": 0
        },
        {
            "id": "61573793372866",
            "count": 0
        },
        {
            "id": "61573867557333",
            "count": 0
        },
        {
            "id": "61573723116816",
            "count": 0
        },
        {
            "id": "61573647969842",
            "count": 0
        },
        {
            "id": "61573659100790",
            "count": 0
        },
        {
            "id": "61573732417461",
            "count": 0
        },
        {
            "id": "61573867048528",
            "count": 0
        },
        {
            "id": "61573777054546",
            "count": 0
        },
        {
            "id": "61574069300095",
            "count": 0
        },
        {
            "id": "61571626403255",
            "count": 0
        },
        {
            "id": "61573529145713",
            "count": 0
        },
        {
            "id": "61573748466935",
            "count": 0
        },
        {
            "id": "61573565296002",
            "count": 0
        },
        {
            "id": "100000939076507",
            "count": 232
        },
        {
            "id": "100004062702431",
            "count": 0
        },
        {
            "id": "61573686251419",
            "count": 0
        },
        {
            "id": "61573622383814",
            "count": 0
        },
        {
            "id": "61573521617524",
            "count": 576
        },
        {
            "id": "61573592385914",
            "count": 0
        },
        {
            "id": "61573916759463",
            "count": 0
        }
    ],
    "time": 3,
    "last": {
        "time": 5,
        "day": [
            {
                "id": "61573422021567",
                "count": 0
            },
            {
                "id": "61573118220844",
                "count": 0
            },
            {
                "id": "100030331840927",
                "count": 0
            },
            {
                "id": "61572984185009",
                "count": 0
            },
            {
                "id": "61572868664294",
                "count": 0
            },
            {
                "id": "61573052849394",
                "count": 0
            },
            {
                "id": "100091710202364",
                "count": 0
            },
            {
                "id": "61563920802319",
                "count": 0
            },
            {
                "id": "61566323552836",
                "count": 0
            },
            {
                "id": "61573376032823",
                "count": 0
            },
            {
                "id": "61572925285034",
                "count": 0
            },
            {
                "id": "61569575141717",
                "count": 0
            },
            {
                "id": "61573370273940",
                "count": 0
            },
            {
                "id": "61573000986070",
                "count": 0
            },
            {
                "id": "61559197347472",
                "count": 0
            },
            {
                "id": "61573373335565",
                "count": 0
            },
            {
                "id": "61573078144627",
                "count": 0
            },
            {
                "id": "61572699556264",
                "count": 0
            },
            {
                "id": "61573203898598",
                "count": 0
            },
            {
                "id": "61573208518249",
                "count": 0
            },
            {
                "id": "61573459551366",
                "count": 0
            },
            {
                "id": "61573418723050",
                "count": 0
            },
            {
                "id": "61572898182951",
                "count": 0
            },
            {
                "id": "61572689431207",
                "count": 0
            },
            {
                "id": "61572792102415",
                "count": 0
            },
            {
                "id": "61562886031089",
                "count": 0
            },
            {
                "id": "61573201553302",
                "count": 0
            },
            {
                "id": "61572964844406",
                "count": 0
            },
            {
                "id": "61572761776234",
                "count": 0
            },
            {
                "id": "61573024177665",
                "count": 0
            },
            {
                "id": "61573003452619",
                "count": 0
            },
            {
                "id": "61573166584801",
                "count": 0
            },
            {
                "id": "61573015572678",
                "count": 0
            },
            {
                "id": "61573437717399",
                "count": 0
            },
            {
                "id": "61573007355113",
                "count": 0
            },
            {
                "id": "61573549014752",
                "count": 0
            },
            {
                "id": "100002514163694",
                "count": 0
            },
            {
                "id": "61573381923665",
                "count": 0
            },
            {
                "id": "61573123062745",
                "count": 0
            },
            {
                "id": "61565457851633",
                "count": 0
            },
            {
                "id": "61573122673730",
                "count": 0
            },
            {
                "id": "61573743050689",
                "count": 0
            },
            {
                "id": "61573174121541",
                "count": 0
            },
            {
                "id": "61573437668785",
                "count": 0
            },
            {
                "id": "61573202892716",
                "count": 0
            },
            {
                "id": "61573494091014",
                "count": 0
            },
            {
                "id": "100026244009179",
                "count": 0
            },
            {
                "id": "61572892925020",
                "count": 0
            },
            {
                "id": "61562408587729",
                "count": 0
            },
            {
                "id": "61573102081752",
                "count": 0
            },
            {
                "id": "100003272598601",
                "count": 0
            },
            {
                "id": "61573394683669",
                "count": 0
            },
            {
                "id": "61573400055349",
                "count": 0
            },
            {
                "id": "61573799008249",
                "count": 0
            },
            {
                "id": "61571160765784",
                "count": 0
            },
            {
                "id": "100003532127581",
                "count": 0
            },
            {
                "id": "61573277657669",
                "count": 0
            },
            {
                "id": "100004714873206",
                "count": 0
            },
            {
                "id": "61568828095948",
                "count": 0
            },
            {
                "id": "61573991451998",
                "count": 0
            },
            {
                "id": "61573200167982",
                "count": 0
            },
            {
                "id": "61573515051177",
                "count": 0
            },
            {
                "id": "61573972193774",
                "count": 0
            },
            {
                "id": "100002053380446",
                "count": 0
            },
            {
                "id": "61573975582860",
                "count": 0
            },
            {
                "id": "100004208084291",
                "count": 0
            },
            {
                "id": "61573834771020",
                "count": 0
            },
            {
                "id": "100088488834383",
                "count": 0
            },
            {
                "id": "61573793372866",
                "count": 0
            },
            {
                "id": "61573867557333",
                "count": 0
            },
            {
                "id": "61573723116816",
                "count": 0
            },
            {
                "id": "61573647969842",
                "count": 0
            },
            {
                "id": "61573659100790",
                "count": 0
            },
            {
                "id": "61573732417461",
                "count": 0
            },
            {
                "id": "61573867048528",
                "count": 0
            },
            {
                "id": "61573777054546",
                "count": 0
            },
            {
                "id": "61574069300095",
                "count": 0
            },
            {
                "id": "61571626403255",
                "count": 0
            },
            {
                "id": "61573529145713",
                "count": 0
            },
            {
                "id": "61573748466935",
                "count": 0
            },
            {
                "id": "61573565296002",
                "count": 0
            },
            {
                "id": "100000939076507",
                "count": 0
            },
            {
                "id": "100004062702431",
                "count": 0
            },
            {
                "id": "61573686251419",
                "count": 0
            },
            {
                "id": "61573622383814",
                "count": 0
            },
            {
                "id": "61573521617524",
                "count": 0
            },
            {
                "id": "61573592385914",
                "count": 0
            },
            {
                "id": "61573916759463",
                "count": 0
            }
        ],
        "week": [
            {
                "id": "61573422021567",
                "count": 0
            },
            {
                "id": "61573118220844",
                "count": 0
            },
            {
                "id": "100030331840927",
                "count": 0
            },
            {
                "id": "61572984185009",
                "count": 0
            },
            {
                "id": "61572868664294",
                "count": 0
            },
            {
                "id": "61573052849394",
                "count": 0
            },
            {
                "id": "100091710202364",
                "count": 0
            },
            {
                "id": "61563920802319",
                "count": 0
            },
            {
                "id": "61566323552836",
                "count": 0
            },
            {
                "id": "61573376032823",
                "count": 0
            },
            {
                "id": "61572925285034",
                "count": 0
            },
            {
                "id": "61569575141717",
                "count": 0
            },
            {
                "id": "61573370273940",
                "count": 0
            },
            {
                "id": "61573000986070",
                "count": 0
            },
            {
                "id": "61559197347472",
                "count": 0
            },
            {
                "id": "61573373335565",
                "count": 0
            },
            {
                "id": "61573078144627",
                "count": 0
            },
            {
                "id": "61572699556264",
                "count": 0
            },
            {
                "id": "61573203898598",
                "count": 0
            },
            {
                "id": "61573208518249",
                "count": 0
            },
            {
                "id": "61573459551366",
                "count": 0
            },
            {
                "id": "61573418723050",
                "count": 0
            },
            {
                "id": "61572898182951",
                "count": 0
            },
            {
                "id": "61572689431207",
                "count": 0
            },
            {
                "id": "61572792102415",
                "count": 0
            },
            {
                "id": "61562886031089",
                "count": 0
            },
            {
                "id": "61573201553302",
                "count": 0
            },
            {
                "id": "61572964844406",
                "count": 0
            },
            {
                "id": "61572761776234",
                "count": 0
            },
            {
                "id": "61573024177665",
                "count": 0
            },
            {
                "id": "61573003452619",
                "count": 0
            },
            {
                "id": "61573166584801",
                "count": 0
            },
            {
                "id": "61573015572678",
                "count": 0
            },
            {
                "id": "61573437717399",
                "count": 0
            },
            {
                "id": "61573007355113",
                "count": 0
            },
            {
                "id": "61573549014752",
                "count": 0
            },
            {
                "id": "100002514163694",
                "count": 0
            },
            {
                "id": "61573381923665",
                "count": 0
            },
            {
                "id": "61573123062745",
                "count": 0
            },
            {
                "id": "61565457851633",
                "count": 0
            },
            {
                "id": "61573122673730",
                "count": 0
            },
            {
                "id": "61573743050689",
                "count": 0
            },
            {
                "id": "61573174121541",
                "count": 0
            },
            {
                "id": "61573437668785",
                "count": 0
            },
            {
                "id": "61573202892716",
                "count": 0
            },
            {
                "id": "61573494091014",
                "count": 0
            },
            {
                "id": "100026244009179",
                "count": 0
            },
            {
                "id": "61572892925020",
                "count": 0
            },
            {
                "id": "61562408587729",
                "count": 0
            },
            {
                "id": "61573102081752",
                "count": 0
            },
            {
                "id": "100003272598601",
                "count": 0
            },
            {
                "id": "61573394683669",
                "count": 0
            },
            {
                "id": "61573400055349",
                "count": 0
            },
            {
                "id": "61573799008249",
                "count": 0
            },
            {
                "id": "61571160765784",
                "count": 0
            },
            {
                "id": "100003532127581",
                "count": 0
            },
            {
                "id": "61573277657669",
                "count": 0
            },
            {
                "id": "100004714873206",
                "count": 0
            },
            {
                "id": "61568828095948",
                "count": 0
            },
            {
                "id": "61573991451998",
                "count": 0
            },
            {
                "id": "61573200167982",
                "count": 0
            },
            {
                "id": "61573515051177",
                "count": 0
            },
            {
                "id": "61573972193774",
                "count": 0
            },
            {
                "id": "100002053380446",
                "count": 0
            },
            {
                "id": "61573975582860",
                "count": 0
            },
            {
                "id": "100004208084291",
                "count": 0
            },
            {
                "id": "61573834771020",
                "count": 0
            },
            {
                "id": "100088488834383",
                "count": 0
            },
            {
                "id": "61573793372866",
                "count": 0
            },
            {
                "id": "61573867557333",
                "count": 0
            },
            {
                "id": "61573723116816",
                "count": 0
            },
            {
                "id": "61573647969842",
                "count": 0
            },
            {
                "id": "61573659100790",
                "count": 0
            },
            {
                "id": "61573732417461",
                "count": 0
            },
            {
                "id": "61573867048528",
                "count": 0
            },
            {
                "id": "61573777054546",
                "count": 0
            },
            {
                "id": "61574069300095",
                "count": 0
            },
            {
                "id": "61571626403255",
                "count": 0
            },
            {
                "id": "61573529145713",
                "count": 0
            },
            {
                "id": "61573748466935",
                "count": 0
            },
            {
                "id": "61573565296002",
                "count": 0
            },
            {
                "id": "100000939076507",
                "count": 0
            },
            {
                "id": "100004062702431",
                "count": 0
            },
            {
                "id": "61573686251419",
                "count": 0
            },
            {
                "id": "61573622383814",
                "count": 0
            },
            {
                "id": "61573521617524",
                "count": 0
            },
            {
                "id": "61573592385914",
                "count": 0
            },
            {
                "id": "61573916759463",
                "count": 0
            }
        ]
    }
}