{
    "total": [
        {
            "id": "61563061873306",
            "count": 0
        },
        {
            "id": "61573387240474",
            "count": 0
        },
        {
            "id": "100088432909482",
            "count": 28
        }
    ],
    "week": [
        {
            "id": "61563061873306",
            "count": 0
        },
        {
            "id": "61573387240474",
            "count": 0
        },
        {
            "id": "100088432909482",
            "count": 28
        }
    ],
    "day": [
        {
            "id": "61563061873306",
            "count": 0,
            "name": "Bot Xb"
        },
        {
            "id": "61573387240474",
            "count": 0,
            "name": "بوت مادرا"
        },
        {
            "id": "100088432909482",
            "count": 0,
            "name": "  Aziz Kadderi 🩵🫥👿🫨󱢏"
        }
    ],
    "time": 3,
    "last": {
        "time": 3,
        "day": [
            {
                "id": "61563061873306",
                "count": 0
            },
            {
                "id": "61573387240474",
                "count": 0
            },
            {
                "id": "100088432909482",
                "count": 0
            }
        ],
        "week": [
            {
                "id": "61563061873306",
                "count": 0
            },
            {
                "id": "61573387240474",
                "count": 0
            },
            {
                "id": "100088432909482",
                "count": 0
            }
        ]
    }
}