{
    "total": [
        {
            "id": "100085666955529",
            "count": 72
        },
        {
            "id": "61573990976908",
            "count": 45
        },
        {
            "id": "61573916759463",
            "count": 0
        },
        {
            "id": "61573168298391",
            "count": 0
        },
        {
            "id": "100082550240081",
            "count": 40
        },
        {
            "id": "100095235715479",
            "count": 0
        },
        {
            "id": "61574209130699",
            "count": 0
        },
        {
            "id": "61573549014752",
            "count": 0
        },
        {
            "id": "61574006910845",
            "count": 24
        },
        {
            "id": "100002514163694",
            "count": 34
        }
    ],
    "week": [
        {
            "id": "100085666955529",
            "count": 72
        },
        {
            "id": "61573990976908",
            "count": 45
        },
        {
            "id": "61573916759463",
            "count": 0
        },
        {
            "id": "61573168298391",
            "count": 0
        },
        {
            "id": "100082550240081",
            "count": 40
        },
        {
            "id": "100095235715479",
            "count": 0
        },
        {
            "id": "61574209130699",
            "count": 0
        },
        {
            "id": "61573549014752",
            "count": 0
        },
        {
            "id": "61574006910845",
            "count": 24
        },
        {
            "id": "100002514163694",
            "count": 34
        }
    ],
    "day": [
        {
            "id": "100085666955529",
            "count": 72
        },
        {
            "id": "61573990976908",
            "count": 45
        },
        {
            "id": "61573916759463",
            "count": 0
        },
        {
            "id": "61573168298391",
            "count": 0
        },
        {
            "id": "100082550240081",
            "count": 40
        },
        {
            "id": "100095235715479",
            "count": 0
        },
        {
            "id": "61574209130699",
            "count": 0
        },
        {
            "id": "61573549014752",
            "count": 0
        },
        {
            "id": "61574006910845",
            "count": 24
        },
        {
            "id": "100002514163694",
            "count": 34
        }
    ],
    "time": 3,
    "last": {
        "time": 1,
        "day": [
            {
                "id": "100085666955529",
                "count": 0
            },
            {
                "id": "61573699994715",
                "count": 0
            },
            {
                "id": "61573990976908",
                "count": 0
            },
            {
                "id": "61573916759463",
                "count": 0
            },
            {
                "id": "61573168298391",
                "count": 0
            },
            {
                "id": "100082550240081",
                "count": 0
            },
            {
                "id": "100095235715479",
                "count": 0
            },
            {
                "id": "61574209130699",
                "count": 0
            },
            {
                "id": "61573549014752",
                "count": 0
            },
            {
                "id": "61574006910845",
                "count": 0
            },
            {
                "id": "100002514163694",
                "count": 0
            }
        ],
        "week": [
            {
                "id": "100085666955529",
                "count": 0
            },
            {
                "id": "61573699994715",
                "count": 0
            },
            {
                "id": "61573990976908",
                "count": 0
            },
            {
                "id": "61573916759463",
                "count": 0
            },
            {
                "id": "61573168298391",
                "count": 0
            },
            {
                "id": "100082550240081",
                "count": 0
            },
            {
                "id": "100095235715479",
                "count": 0
            },
            {
                "id": "61574209130699",
                "count": 0
            },
            {
                "id": "61573549014752",
                "count": 0
            },
            {
                "id": "61574006910845",
                "count": 0
            },
            {
                "id": "100002514163694",
                "count": 0
            }
        ]
    }
}