{
    "total": [
        {
            "id": "61574931455100",
            "count": 0
        },
        {
            "id": "100085666955529",
            "count": 42
        },
        {
            "id": "100093440923797",
            "count": 18
        }
    ],
    "week": [
        {
            "id": "61574931455100",
            "count": 0
        },
        {
            "id": "100085666955529",
            "count": 42
        },
        {
            "id": "100093440923797",
            "count": 18
        }
    ],
    "day": [
        {
            "id": "61574931455100",
            "count": 0
        },
        {
            "id": "100085666955529",
            "count": 42
        },
        {
            "id": "100093440923797",
            "count": 18
        }
    ],
    "time": 3,
    "last": {
        "time": 3,
        "day": [
            {
                "id": "61573468118352",
                "count": 0
            },
            {
                "id": "61574931455100",
                "count": 0
            },
            {
                "id": "100085666955529",
                "count": 0
            },
            {
                "id": "100093440923797",
                "count": 0
            }
        ],
        "week": [
            {
                "id": "61573468118352",
                "count": 0
            },
            {
                "id": "61574931455100",
                "count": 0
            },
            {
                "id": "100085666955529",
                "count": 0
            },
            {
                "id": "100093440923797",
                "count": 0
            }
        ]
    }
}