{
    "total": [
        {
            "id": "61572723522328",
            "count": 0
        },
        {
            "id": "100002514163694",
            "count": 0
        },
        {
            "id": "61566031753134",
            "count": 0
        },
        {
            "id": "61557990167186",
            "count": 0
        },
        {
            "id": "61573373335565",
            "count": 0
        },
        {
            "id": "61573102081752",
            "count": 0
        },
        {
            "id": "100063535986926",
            "count": 0
        },
        {
            "id": "61573026748956",
            "count": 0
        },
        {
            "id": "61553388099443",
            "count": 0
        },
        {
            "id": "100092647262332",
            "count": 0
        },
        {
            "id": "61573248561013",
            "count": 0
        },
        {
            "id": "100083732107347",
            "count": 0
        },
        {
            "id": "61573036478306",
            "count": 0
        },
        {
            "id": "61551243265399",
            "count": 0
        },
        {
            "id": "100082694021566",
            "count": 0
        },
        {
            "id": "61553256279205",
            "count": 0
        },
        {
            "id": "61568279908871",
            "count": 0
        },
        {
            "id": "61573198622022",
            "count": 0
        },
        {
            "id": "61568189937588",
            "count": 0
        },
        {
            "id": "100085403923659",
            "count": 0
        },
        {
            "id": "61572761776234",
            "count": 0
        },
        {
            "id": "100003661972503",
            "count": 0
        },
        {
            "id": "100051909562565",
            "count": 0
        },
        {
            "id": "61566323552836",
            "count": 0
        },
        {
            "id": "100088112122426",
            "count": 0
        },
        {
            "id": "100002557971610",
            "count": 0
        },
        {
            "id": "61565803523912",
            "count": 0
        },
        {
            "id": "61572458023837",
            "count": 0
        },
        {
            "id": "61553687134808",
            "count": 0
        },
        {
            "id": "61572611314004",
            "count": 0
        },
        {
            "id": "61572974740732",
            "count": 0
        },
        {
            "id": "61573056701667",
            "count": 0
        },
        {
            "id": "61573439810768",
            "count": 0
        },
        {
            "id": "61571639738212",
            "count": 0
        },
        {
            "id": "100089616943324",
            "count": 0
        },
        {
            "id": "61571458897136",
            "count": 0
        },
        {
            "id": "100004530573975",
            "count": 0
        },
        {
            "id": "61573083934127",
            "count": 0
        },
        {
            "id": "100086293582302",
            "count": 0
        },
        {
            "id": "100066467091436",
            "count": 0
        },
        {
            "id": "61573066814572",
            "count": 0
        },
        {
            "id": "61573688751639",
            "count": 0
        },
        {
            "id": "100006982845527",
            "count": 0
        },
        {
            "id": "61568219285214",
            "count": 0
        },
        {
            "id": "61573558680778",
            "count": 0
        },
        {
            "id": "61573098642244",
            "count": 0
        },
        {
            "id": "61564391514177",
            "count": 0
        },
        {
            "id": "100004363277936",
            "count": 0
        },
        {
            "id": "100008101368222",
            "count": 0
        },
        {
            "id": "100007886054986",
            "count": 0
        },
        {
            "id": "61573073533489",
            "count": 0
        },
        {
            "id": "61572792123858",
            "count": 0
        },
        {
            "id": "61571641476058",
            "count": 0
        },
        {
            "id": "61573570286717",
            "count": 0
        },
        {
            "id": "61573370592119",
            "count": 0
        },
        {
            "id": "61573596212054",
            "count": 0
        },
        {
            "id": "100004195337777",
            "count": 0
        },
        {
            "id": "61572970472821",
            "count": 0
        },
        {
            "id": "61572966471359",
            "count": 0
        },
        {
            "id": "61573774645476",
            "count": 0
        },
        {
            "id": "61573434697243",
            "count": 0
        },
        {
            "id": "61573394683669",
            "count": 0
        },
        {
            "id": "100003272598601",
            "count": 0
        },
        {
            "id": "61573549014752",
            "count": 0
        },
        {
            "id": "61562408587729",
            "count": 0
        },
        {
            "id": "100026244009179",
            "count": 0
        },
        {
            "id": "61572984185009",
            "count": 0
        },
        {
            "id": "61573799008249",
            "count": 0
        },
        {
            "id": "61571160765784",
            "count": 0
        },
        {
            "id": "100003532127581",
            "count": 2
        },
        {
            "id": "61573277657669",
            "count": 0
        },
        {
            "id": "100004714873206",
            "count": 0
        },
        {
            "id": "61573618520800",
            "count": 0
        },
        {
            "id": "61568828095948",
            "count": 0
        },
        {
            "id": "61573972193774",
            "count": 0
        },
        {
            "id": "61566794587338",
            "count": 0
        },
        {
            "id": "100088488834383",
            "count": 0
        },
        {
            "id": "61573793372866",
            "count": 0
        },
        {
            "id": "61573867557333",
            "count": 0
        },
        {
            "id": "61573647969842",
            "count": 0
        },
        {
            "id": "61573748466935",
            "count": 0
        },
        {
            "id": "61573565296002",
            "count": 0
        },
        {
            "id": "61573659100790",
            "count": 0
        },
        {
            "id": "61573732417461",
            "count": 0
        },
        {
            "id": "61573867048528",
            "count": 0
        },
        {
            "id": "61573777054546",
            "count": 0
        },
        {
            "id": "61573686251419",
            "count": 0
        },
        {
            "id": "61573622383814",
            "count": 0
        },
        {
            "id": "61573521617524",
            "count": 0
        },
        {
            "id": "61573592385914",
            "count": 0
        },
        {
            "id": "61573812275901",
            "count": 0
        },
        {
            "id": "61573916759463",
            "count": 0
        },
        {
            "id": "61573792595662",
            "count": 0
        },
        {
            "id": "61573853434111",
            "count": 0
        },
        {
            "id": "61573990976908",
            "count": 0
        },
        {
            "id": "61573943578182",
            "count": 0
        },
        {
            "id": "61574053793858",
            "count": 0
        },
        {
            "id": "61573725701986",
            "count": 0
        },
        {
            "id": "61573952490077",
            "count": 10
        }
    ],
    "week": [
        {
            "id": "61572723522328",
            "count": 0
        },
        {
            "id": "100002514163694",
            "count": 0
        },
        {
            "id": "61566031753134",
            "count": 0
        },
        {
            "id": "61557990167186",
            "count": 0
        },
        {
            "id": "61573373335565",
            "count": 0
        },
        {
            "id": "61573102081752",
            "count": 0
        },
        {
            "id": "100063535986926",
            "count": 0
        },
        {
            "id": "61573026748956",
            "count": 0
        },
        {
            "id": "61553388099443",
            "count": 0
        },
        {
            "id": "100092647262332",
            "count": 0
        },
        {
            "id": "61573248561013",
            "count": 0
        },
        {
            "id": "100083732107347",
            "count": 0
        },
        {
            "id": "61573036478306",
            "count": 0
        },
        {
            "id": "61551243265399",
            "count": 0
        },
        {
            "id": "100082694021566",
            "count": 0
        },
        {
            "id": "61553256279205",
            "count": 0
        },
        {
            "id": "61568279908871",
            "count": 0
        },
        {
            "id": "61573198622022",
            "count": 0
        },
        {
            "id": "61568189937588",
            "count": 0
        },
        {
            "id": "100085403923659",
            "count": 0
        },
        {
            "id": "61572761776234",
            "count": 0
        },
        {
            "id": "100003661972503",
            "count": 0
        },
        {
            "id": "100051909562565",
            "count": 0
        },
        {
            "id": "61566323552836",
            "count": 0
        },
        {
            "id": "100088112122426",
            "count": 0
        },
        {
            "id": "100002557971610",
            "count": 0
        },
        {
            "id": "61565803523912",
            "count": 0
        },
        {
            "id": "61572458023837",
            "count": 0
        },
        {
            "id": "61553687134808",
            "count": 0
        },
        {
            "id": "61572611314004",
            "count": 0
        },
        {
            "id": "61572974740732",
            "count": 0
        },
        {
            "id": "61573056701667",
            "count": 0
        },
        {
            "id": "61573439810768",
            "count": 0
        },
        {
            "id": "61571639738212",
            "count": 0
        },
        {
            "id": "100089616943324",
            "count": 0
        },
        {
            "id": "61571458897136",
            "count": 0
        },
        {
            "id": "100004530573975",
            "count": 0
        },
        {
            "id": "61573083934127",
            "count": 0
        },
        {
            "id": "100086293582302",
            "count": 0
        },
        {
            "id": "100066467091436",
            "count": 0
        },
        {
            "id": "61573066814572",
            "count": 0
        },
        {
            "id": "61573688751639",
            "count": 0
        },
        {
            "id": "100006982845527",
            "count": 0
        },
        {
            "id": "61568219285214",
            "count": 0
        },
        {
            "id": "61573558680778",
            "count": 0
        },
        {
            "id": "61573098642244",
            "count": 0
        },
        {
            "id": "61564391514177",
            "count": 0
        },
        {
            "id": "100004363277936",
            "count": 0
        },
        {
            "id": "100008101368222",
            "count": 0
        },
        {
            "id": "100007886054986",
            "count": 0
        },
        {
            "id": "61573073533489",
            "count": 0
        },
        {
            "id": "61572792123858",
            "count": 0
        },
        {
            "id": "61571641476058",
            "count": 0
        },
        {
            "id": "61573570286717",
            "count": 0
        },
        {
            "id": "61573370592119",
            "count": 0
        },
        {
            "id": "61573596212054",
            "count": 0
        },
        {
            "id": "100004195337777",
            "count": 0
        },
        {
            "id": "61572970472821",
            "count": 0
        },
        {
            "id": "61572966471359",
            "count": 0
        },
        {
            "id": "61573774645476",
            "count": 0
        },
        {
            "id": "61573434697243",
            "count": 0
        },
        {
            "id": "61573394683669",
            "count": 0
        },
        {
            "id": "100003272598601",
            "count": 0
        },
        {
            "id": "61573549014752",
            "count": 0
        },
        {
            "id": "61562408587729",
            "count": 0
        },
        {
            "id": "100026244009179",
            "count": 0
        },
        {
            "id": "61572984185009",
            "count": 0
        },
        {
            "id": "61573799008249",
            "count": 0
        },
        {
            "id": "61571160765784",
            "count": 0
        },
        {
            "id": "100003532127581",
            "count": 2
        },
        {
            "id": "61573277657669",
            "count": 0
        },
        {
            "id": "100004714873206",
            "count": 0
        },
        {
            "id": "61573618520800",
            "count": 0
        },
        {
            "id": "61568828095948",
            "count": 0
        },
        {
            "id": "61573972193774",
            "count": 0
        },
        {
            "id": "61566794587338",
            "count": 0
        },
        {
            "id": "100088488834383",
            "count": 0
        },
        {
            "id": "61573793372866",
            "count": 0
        },
        {
            "id": "61573867557333",
            "count": 0
        },
        {
            "id": "61573647969842",
            "count": 0
        },
        {
            "id": "61573748466935",
            "count": 0
        },
        {
            "id": "61573565296002",
            "count": 0
        },
        {
            "id": "61573659100790",
            "count": 0
        },
        {
            "id": "61573732417461",
            "count": 0
        },
        {
            "id": "61573867048528",
            "count": 0
        },
        {
            "id": "61573777054546",
            "count": 0
        },
        {
            "id": "61573686251419",
            "count": 0
        },
        {
            "id": "61573622383814",
            "count": 0
        },
        {
            "id": "61573521617524",
            "count": 0
        },
        {
            "id": "61573592385914",
            "count": 0
        },
        {
            "id": "61573812275901",
            "count": 0
        },
        {
            "id": "61573916759463",
            "count": 0
        },
        {
            "id": "61573792595662",
            "count": 0
        },
        {
            "id": "61573853434111",
            "count": 0
        },
        {
            "id": "61573990976908",
            "count": 0
        },
        {
            "id": "61573943578182",
            "count": 0
        },
        {
            "id": "61574053793858",
            "count": 0
        },
        {
            "id": "61573725701986",
            "count": 0
        },
        {
            "id": "61573952490077",
            "count": 10
        }
    ],
    "day": [
        {
            "id": "61572723522328",
            "count": 0,
            "name": "Người dùng facebook"
        },
        {
            "id": "100002514163694",
            "count": 0,
            "name": "ﷻمعٱڪ-جمهڕية-ٱدم-ݪعبٱسي تعوي-نڪݪڪ-سوتعمڪ ڪعبﷻ"
        },
        {
            "id": "61566031753134",
            "count": 0,
            "name": "ﷻمعٱڪ-جمهڕية-اكرم تعوي نڪلڰ-سوتعمڪ ڪعبﷻ"
        },
        {
            "id": "61557990167186",
            "count": 0,
            "name": "Người dùng facebook"
        },
        {
            "id": "61573373335565",
            "count": 0,
            "name": "彡『O』OUS AMA ꔮぐ囚﹆"
        },
        {
            "id": "61573102081752",
            "count": 0,
            "name": "Người dùng facebook"
        },
        {
            "id": "100063535986926",
            "count": 0,
            "name": "K. Kalil ↂ[❶❷❸❹❺❻❼❽❾❿"
        },
        {
            "id": "61573026748956",
            "count": 0,
            "name": "ヾꜝ.ቶ ADAM ぐ〖ꜝ爾ゑ〗"
        },
        {
            "id": "61553388099443",
            "count": 0,
            "name": "A. Abdou ↂ[❶❷❸❹❺❻❼❽❾❿ ](➃➄ ➅)㈤⅒ ⅓⓺⓻⓼⓽ ⓾❼⑧❽❼⑧❽⑨❾①⓿⑨❾①⓿㈧㈨ ㊀⑤❺⓺❻⑦❼⑧❽⑨❾①⓿()*⅛⅜⅝⅞↉①②③④⑤"
        },
        {
            "id": "100092647262332",
            "count": 0,
            "name": "Belmir Adam ☃️🎳"
        },
        {
            "id": "61573248561013",
            "count": 0,
            "name": "أمي جنتي"
        },
        {
            "id": "100083732107347",
            "count": 0,
            "name": "Người dùng facebook"
        },
        {
            "id": "61573036478306",
            "count": 0,
            "name": "Người dùng facebook"
        },
        {
            "id": "61551243265399",
            "count": 0,
            "name": "براهيم پرگ عباسي"
        },
        {
            "id": "100082694021566",
            "count": 0,
            "name": "Haithem Assimi"
        },
        {
            "id": "61553256279205",
            "count": 0,
            "name": "لينةة كوغولي بليدية"
        },
        {
            "id": "61568279908871",
            "count": 0,
            "name": "ﭑيۧۄۧۛڜ ﺳﹷﹻٰﻠﹷﹻٰﻄﹷﹻٰﺄﻧﹷﹻٰۿﮧۧٚ ﺄﻟﹷﹻٰﺒﹷﹻٰﻨﹷﹻٰﺄت٭۬ﮧ۬"
        },
        {
            "id": "61573198622022",
            "count": 0,
            "name": "ﭑﭑݪﭑﭑݪݪۓٰۛﯙۙحٖ٘ۓٰۛشٰ ﭑݪعۓٰۛٱصيميۓٰۛﻱۧۦ ۦۧۦ"
        },
        {
            "id": "61568189937588",
            "count": 0,
            "name": "Adam A'ssimi X. A'lg"
        },
        {
            "id": "100085403923659",
            "count": 0,
            "name": "ヾひ꯭遊. Rαsil ꜝ.ቶ"
        },
        {
            "id": "61572761776234",
            "count": 0,
            "name": "Người dùng facebook"
        },
        {
            "id": "100003661972503",
            "count": 0,
            "name": "Người dùng facebook"
        },
        {
            "id": "100051909562565",
            "count": 0,
            "name": "Người dùng facebook"
        },
        {
            "id": "61566323552836",
            "count": 0,
            "name": "Ξ︱࿆Ş᭄ Sanau ꜤꜤぐꕑ"
        },
        {
            "id": "100088112122426",
            "count": 0,
            "name": "Salima Sali"
        },
        {
            "id": "100002557971610",
            "count": 0,
            "name": "Người dùng facebook"
        },
        {
            "id": "61565803523912",
            "count": 0,
            "name": "Çilginë Prenşes"
        },
        {
            "id": "61572458023837",
            "count": 0,
            "name": "حمودي بالأكوانت البديل"
        },
        {
            "id": "61553687134808",
            "count": 0,
            "name": "أليكسا بليس"
        },
        {
            "id": "61572611314004",
            "count": 0,
            "name": "Người dùng facebook"
        },
        {
            "id": "61572974740732",
            "count": 0,
            "name": "Người dùng facebook"
        },
        {
            "id": "61573056701667",
            "count": 0,
            "name": "سِڪغُةّ جّيَجّلَيَةّ"
        },
        {
            "id": "61573439810768",
            "count": 0,
            "name": "Bibo Ja"
        },
        {
            "id": "61571639738212",
            "count": 0,
            "name": "G-x Mouha"
        },
        {
            "id": "100089616943324",
            "count": 0,
            "name": "Alôxensa S Tàbouza"
        },
        {
            "id": "61571458897136",
            "count": 0,
            "name": "Anes RA"
        },
        {
            "id": "100004530573975",
            "count": 0,
            "name": "Người dùng facebook"
        },
        {
            "id": "61573083934127",
            "count": 0,
            "name": "Người dùng facebook"
        },
        {
            "id": "100086293582302",
            "count": 0,
            "name": "Người dùng facebook"
        },
        {
            "id": "100066467091436",
            "count": 0,
            "name": "Người dùng facebook"
        },
        {
            "id": "61573066814572",
            "count": 0,
            "name": "Người dùng facebook"
        },
        {
            "id": "61573688751639",
            "count": 0,
            "name": "Người dùng facebook"
        },
        {
            "id": "100006982845527",
            "count": 0,
            "name": "㒪꯭ヾ.Ꮪᠻꪖꪀᥴꪗꜝ ヾ豪."
        },
        {
            "id": "61568219285214",
            "count": 0,
            "name": "今︱ Ꭶ'siɱoʋくみ"
        },
        {
            "id": "61573558680778",
            "count": 0,
            "name": "Người dùng facebook"
        },
        {
            "id": "61573098642244",
            "count": 0,
            "name": "Người dùng facebook"
        },
        {
            "id": "61564391514177",
            "count": 0,
            "name": "ヾひ꯭遊Simo ぐ『ჸቶ豪』"
        },
        {
            "id": "100004363277936",
            "count": 0,
            "name": "ﻗﹻ۬ﹻ٭ﹻ۬ﹻﭑﭑﺋﮧ۪ۖ۬ﹻ۬ﹻ٭ﹻ۬ﹻﺪ ﻗﹻ۬ﹻ٭ﹻ۬ﹻﯡات ﭑﻟﹻ۬ﹻ٭ﹻ۬ﹻﺪﻣﹻ۬ﹻ٭ﹻ۬ﹻﭑﭑر"
        },
        {
            "id": "100008101368222",
            "count": 0,
            "name": "ﭑﻧﺘﺣ ﺂݛ 'ﹺ"
        },
        {
            "id": "100007886054986",
            "count": 0,
            "name": "Xuanbinh Dao"
        },
        {
            "id": "61573073533489",
            "count": 0,
            "name": "Người dùng facebook"
        },
        {
            "id": "61572792123858",
            "count": 0,
            "name": "Người dùng facebook"
        },
        {
            "id": "61571641476058",
            "count": 0,
            "name": "Hk Djihade"
        },
        {
            "id": "61573570286717",
            "count": 0,
            "name": "Người dùng facebook"
        },
        {
            "id": "61573370592119",
            "count": 0,
            "name": "Người dùng facebook"
        },
        {
            "id": "61573596212054",
            "count": 0,
            "name": "Người dùng facebook"
        },
        {
            "id": "100004195337777",
            "count": 0,
            "name": "Người dùng facebook"
        },
        {
            "id": "61572970472821",
            "count": 0,
            "name": "قيـادة اڪررررم شـاوي نيـــــــڪمتڪم"
        },
        {
            "id": "61572966471359",
            "count": 0,
            "name": "ٱٱ.ڪ.ناڪ.سوتعمڪ سيدو جلفاوي"
        },
        {
            "id": "61573774645476",
            "count": 0,
            "name": "ﺂٖۛﺂٖۛﮪﮱٰۛﮱٰۛﻤﮱٰۛﮱٰۛﺂٖۛﺂٖۛڵ ۦٰ۪ۦٰ۪ﮯٰٖۛٓۧ۬ ۦٰ۪ﮯٰٖۛٓۧ۬ﮯٰٖ"
        },
        {
            "id": "61573434697243",
            "count": 0,
            "name": "Người dùng facebook"
        },
        {
            "id": "61573394683669",
            "count": 0,
            "name": "Người dùng facebook"
        },
        {
            "id": "100003272598601",
            "count": 0,
            "name": "Người dùng facebook"
        },
        {
            "id": "61573549014752",
            "count": 0,
            "name": "اسامة تيبازي"
        },
        {
            "id": "61562408587729",
            "count": 0,
            "name": "Người dùng facebook"
        },
        {
            "id": "100026244009179",
            "count": 0,
            "name": "Người dùng facebook"
        },
        {
            "id": "61572984185009",
            "count": 0,
            "name": "Người dùng facebook"
        },
        {
            "id": "61573799008249",
            "count": 0,
            "name": "Người dùng facebook"
        },
        {
            "id": "61571160765784",
            "count": 0,
            "name": "X- Ⴝiოσ ぐ〖ՅՅՅ豪〗"
        },
        {
            "id": "100003532127581",
            "count": 0,
            "name": "一 ᏂᎥፈᏂᏋᎷ ː-Ꮗ T.T　o.O"
        },
        {
            "id": "61573277657669",
            "count": 0,
            "name": "Người dùng facebook"
        },
        {
            "id": "100004714873206",
            "count": 0,
            "name": "Người dùng facebook"
        },
        {
            "id": "61573618520800",
            "count": 0,
            "name": "اڪـــــــرم شاوي نيڪمتڪم"
        },
        {
            "id": "61568828095948",
            "count": 0,
            "name": "ﻣﹻٰ۫۬ﹻٰﹻٰ۫۬ﮱﯿﹻٰ۫۬ﹻٰﹻٰ۫۬ﮱﮍﺂﺂۦۦ ﭑﭑلاﻧﹻﹻﹻٛۧﹻٛۧﹻٛۧﹻﺪآل بغگ'ﮮ"
        },
        {
            "id": "61573972193774",
            "count": 0,
            "name": "Người dùng facebook"
        },
        {
            "id": "61566794587338",
            "count": 0,
            "name": "ٱٱ.ڪ.م رب-تشريد- ادم-لعباسي ٱٱ-نڪمڪ-رڪوع"
        },
        {
            "id": "100088488834383",
            "count": 0,
            "name": "ٱٱ.ڪ.م رب-تشريد- ادم-لعباسي ٱٱ-نڪمڪ-رڪوع"
        },
        {
            "id": "61573793372866",
            "count": 0,
            "name": "Người dùng facebook"
        },
        {
            "id": "61573867557333",
            "count": 0,
            "name": "Người dùng facebook"
        },
        {
            "id": "61573647969842",
            "count": 0,
            "name": "Gika Tom"
        },
        {
            "id": "61573748466935",
            "count": 0,
            "name": "Adam Abbasy"
        },
        {
            "id": "61573565296002",
            "count": 0,
            "name": "Người dùng facebook"
        },
        {
            "id": "61573659100790",
            "count": 0,
            "name": "اسامة ڪيوت"
        },
        {
            "id": "61573732417461",
            "count": 0,
            "name": "ٱٱ.ڪ.م رب-تشريد- اسامة-تيبازي- ٱٱ-نڪمڪ-رڪوع"
        },
        {
            "id": "61573867048528",
            "count": 0,
            "name": "Oussama Tipazi"
        },
        {
            "id": "61573777054546",
            "count": 0,
            "name": "Người dùng facebook"
        },
        {
            "id": "61573686251419",
            "count": 0,
            "name": "Người dùng facebook"
        },
        {
            "id": "61573622383814",
            "count": 0,
            "name": "Người dùng facebook"
        },
        {
            "id": "61573521617524",
            "count": 0,
            "name": "عپدو ﭑݪبليديۦ ۦۧۦ،ٰۧۦ"
        },
        {
            "id": "61573592385914",
            "count": 0,
            "name": "شيڪور سسسسسسسسسسسسسسسوتاعموك"
        },
        {
            "id": "61573812275901",
            "count": 0,
            "name": "كلبكم موح وهراني"
        },
        {
            "id": "61573916759463",
            "count": 0,
            "name": "تيبازي هربڪ"
        },
        {
            "id": "61573792595662",
            "count": 0,
            "name": "ヾひ꯭遊 CHAHIN ぐ『ჸቶ豪』"
        },
        {
            "id": "61573853434111",
            "count": 0,
            "name": "شيڪور حتشون يماڪ"
        },
        {
            "id": "61573990976908",
            "count": 0,
            "name": "Oo Oo"
        },
        {
            "id": "61573943578182",
            "count": 0,
            "name": "Mimi Bak"
        },
        {
            "id": "61574053793858",
            "count": 0,
            "name": "ادم برك"
        },
        {
            "id": "61573725701986",
            "count": 0,
            "name": "ٱٱ.ڪ.م رب-تشريد- اسامة-تيبازي- ٱٱ-نڪمڪ-رڪوع"
        },
        {
            "id": "61573952490077",
            "count": 0,
            "name": "ٱٱ.ڪ.م رب-تشريد- اسامة-تيبازي- ٱٱ-نڪمڪ-رڪوع"
        }
    ],
    "time": 3,
    "last": {
        "time": 6,
        "day": [
            {
                "id": "61572723522328",
                "count": 0
            },
            {
                "id": "100002514163694",
                "count": 0
            },
            {
                "id": "61566031753134",
                "count": 0
            },
            {
                "id": "61557990167186",
                "count": 0
            },
            {
                "id": "61573373335565",
                "count": 0
            },
            {
                "id": "61573102081752",
                "count": 0
            },
            {
                "id": "100063535986926",
                "count": 0
            },
            {
                "id": "61573026748956",
                "count": 0
            },
            {
                "id": "61553388099443",
                "count": 0
            },
            {
                "id": "100092647262332",
                "count": 0
            },
            {
                "id": "61573248561013",
                "count": 0
            },
            {
                "id": "100083732107347",
                "count": 0
            },
            {
                "id": "61573036478306",
                "count": 0
            },
            {
                "id": "61551243265399",
                "count": 0
            },
            {
                "id": "100082694021566",
                "count": 0
            },
            {
                "id": "61553256279205",
                "count": 0
            },
            {
                "id": "61568279908871",
                "count": 0
            },
            {
                "id": "61573198622022",
                "count": 0
            },
            {
                "id": "61568189937588",
                "count": 0
            },
            {
                "id": "100085403923659",
                "count": 0
            },
            {
                "id": "61572761776234",
                "count": 0
            },
            {
                "id": "100003661972503",
                "count": 0
            },
            {
                "id": "100051909562565",
                "count": 0
            },
            {
                "id": "61566323552836",
                "count": 0
            },
            {
                "id": "100088112122426",
                "count": 0
            },
            {
                "id": "100002557971610",
                "count": 0
            },
            {
                "id": "61565803523912",
                "count": 0
            },
            {
                "id": "61572458023837",
                "count": 0
            },
            {
                "id": "61553687134808",
                "count": 0
            },
            {
                "id": "61572611314004",
                "count": 0
            },
            {
                "id": "61572974740732",
                "count": 0
            },
            {
                "id": "61573056701667",
                "count": 0
            },
            {
                "id": "61573439810768",
                "count": 0
            },
            {
                "id": "61571639738212",
                "count": 0
            },
            {
                "id": "100089616943324",
                "count": 0
            },
            {
                "id": "61571458897136",
                "count": 0
            },
            {
                "id": "100004530573975",
                "count": 0
            },
            {
                "id": "61573083934127",
                "count": 0
            },
            {
                "id": "100086293582302",
                "count": 0
            },
            {
                "id": "100066467091436",
                "count": 0
            },
            {
                "id": "61573066814572",
                "count": 0
            },
            {
                "id": "61573688751639",
                "count": 0
            },
            {
                "id": "100006982845527",
                "count": 0
            },
            {
                "id": "61568219285214",
                "count": 0
            },
            {
                "id": "61573558680778",
                "count": 0
            },
            {
                "id": "61573098642244",
                "count": 0
            },
            {
                "id": "61564391514177",
                "count": 0
            },
            {
                "id": "100004363277936",
                "count": 0
            },
            {
                "id": "100008101368222",
                "count": 0
            },
            {
                "id": "100007886054986",
                "count": 0
            },
            {
                "id": "61573073533489",
                "count": 0
            },
            {
                "id": "61572792123858",
                "count": 0
            },
            {
                "id": "61571641476058",
                "count": 0
            },
            {
                "id": "61573570286717",
                "count": 0
            },
            {
                "id": "61573370592119",
                "count": 0
            },
            {
                "id": "61573596212054",
                "count": 0
            },
            {
                "id": "100004195337777",
                "count": 0
            },
            {
                "id": "61572970472821",
                "count": 0
            },
            {
                "id": "61572966471359",
                "count": 0
            },
            {
                "id": "61573774645476",
                "count": 0
            },
            {
                "id": "61573434697243",
                "count": 0
            },
            {
                "id": "61573394683669",
                "count": 0
            },
            {
                "id": "100003272598601",
                "count": 0
            },
            {
                "id": "61573549014752",
                "count": 0
            },
            {
                "id": "61562408587729",
                "count": 0
            },
            {
                "id": "100026244009179",
                "count": 0
            },
            {
                "id": "61572984185009",
                "count": 0
            },
            {
                "id": "61573799008249",
                "count": 0
            },
            {
                "id": "61571160765784",
                "count": 0
            },
            {
                "id": "100003532127581",
                "count": 0
            },
            {
                "id": "61573277657669",
                "count": 0
            },
            {
                "id": "100004714873206",
                "count": 0
            },
            {
                "id": "61573618520800",
                "count": 0
            },
            {
                "id": "61568828095948",
                "count": 0
            },
            {
                "id": "61573972193774",
                "count": 0
            },
            {
                "id": "61566794587338",
                "count": 0
            },
            {
                "id": "100088488834383",
                "count": 0
            },
            {
                "id": "61573793372866",
                "count": 0
            },
            {
                "id": "61573867557333",
                "count": 0
            },
            {
                "id": "61573647969842",
                "count": 0
            },
            {
                "id": "61573748466935",
                "count": 0
            },
            {
                "id": "61573565296002",
                "count": 0
            },
            {
                "id": "61573659100790",
                "count": 0
            },
            {
                "id": "61573732417461",
                "count": 0
            },
            {
                "id": "61573867048528",
                "count": 0
            },
            {
                "id": "61573777054546",
                "count": 0
            },
            {
                "id": "61573686251419",
                "count": 0
            },
            {
                "id": "61573622383814",
                "count": 0
            },
            {
                "id": "61573521617524",
                "count": 0
            },
            {
                "id": "61573592385914",
                "count": 0
            },
            {
                "id": "61573812275901",
                "count": 0
            },
            {
                "id": "61573916759463",
                "count": 0
            },
            {
                "id": "61573792595662",
                "count": 0
            },
            {
                "id": "61573853434111",
                "count": 0
            },
            {
                "id": "61573990976908",
                "count": 0
            },
            {
                "id": "61573943578182",
                "count": 0
            },
            {
                "id": "61574053793858",
                "count": 0
            },
            {
                "id": "61573725701986",
                "count": 0
            },
            {
                "id": "61573952490077",
                "count": 0
            }
        ],
        "week": [
            {
                "id": "61572723522328",
                "count": 0
            },
            {
                "id": "100002514163694",
                "count": 0
            },
            {
                "id": "61566031753134",
                "count": 0
            },
            {
                "id": "61557990167186",
                "count": 0
            },
            {
                "id": "61573373335565",
                "count": 0
            },
            {
                "id": "61573102081752",
                "count": 0
            },
            {
                "id": "100063535986926",
                "count": 0
            },
            {
                "id": "61573026748956",
                "count": 0
            },
            {
                "id": "61553388099443",
                "count": 0
            },
            {
                "id": "100092647262332",
                "count": 0
            },
            {
                "id": "61573248561013",
                "count": 0
            },
            {
                "id": "100083732107347",
                "count": 0
            },
            {
                "id": "61573036478306",
                "count": 0
            },
            {
                "id": "61551243265399",
                "count": 0
            },
            {
                "id": "100082694021566",
                "count": 0
            },
            {
                "id": "61553256279205",
                "count": 0
            },
            {
                "id": "61568279908871",
                "count": 0
            },
            {
                "id": "61573198622022",
                "count": 0
            },
            {
                "id": "61568189937588",
                "count": 0
            },
            {
                "id": "100085403923659",
                "count": 0
            },
            {
                "id": "61572761776234",
                "count": 0
            },
            {
                "id": "100003661972503",
                "count": 0
            },
            {
                "id": "100051909562565",
                "count": 0
            },
            {
                "id": "61566323552836",
                "count": 0
            },
            {
                "id": "100088112122426",
                "count": 0
            },
            {
                "id": "100002557971610",
                "count": 0
            },
            {
                "id": "61565803523912",
                "count": 0
            },
            {
                "id": "61572458023837",
                "count": 0
            },
            {
                "id": "61553687134808",
                "count": 0
            },
            {
                "id": "61572611314004",
                "count": 0
            },
            {
                "id": "61572974740732",
                "count": 0
            },
            {
                "id": "61573056701667",
                "count": 0
            },
            {
                "id": "61573439810768",
                "count": 0
            },
            {
                "id": "61571639738212",
                "count": 0
            },
            {
                "id": "100089616943324",
                "count": 0
            },
            {
                "id": "61571458897136",
                "count": 0
            },
            {
                "id": "100004530573975",
                "count": 0
            },
            {
                "id": "61573083934127",
                "count": 0
            },
            {
                "id": "100086293582302",
                "count": 0
            },
            {
                "id": "100066467091436",
                "count": 0
            },
            {
                "id": "61573066814572",
                "count": 0
            },
            {
                "id": "61573688751639",
                "count": 0
            },
            {
                "id": "100006982845527",
                "count": 0
            },
            {
                "id": "61568219285214",
                "count": 0
            },
            {
                "id": "61573558680778",
                "count": 0
            },
            {
                "id": "61573098642244",
                "count": 0
            },
            {
                "id": "61564391514177",
                "count": 0
            },
            {
                "id": "100004363277936",
                "count": 0
            },
            {
                "id": "100008101368222",
                "count": 0
            },
            {
                "id": "100007886054986",
                "count": 0
            },
            {
                "id": "61573073533489",
                "count": 0
            },
            {
                "id": "61572792123858",
                "count": 0
            },
            {
                "id": "61571641476058",
                "count": 0
            },
            {
                "id": "61573570286717",
                "count": 0
            },
            {
                "id": "61573370592119",
                "count": 0
            },
            {
                "id": "61573596212054",
                "count": 0
            },
            {
                "id": "100004195337777",
                "count": 0
            },
            {
                "id": "61572970472821",
                "count": 0
            },
            {
                "id": "61572966471359",
                "count": 0
            },
            {
                "id": "61573774645476",
                "count": 0
            },
            {
                "id": "61573434697243",
                "count": 0
            },
            {
                "id": "61573394683669",
                "count": 0
            },
            {
                "id": "100003272598601",
                "count": 0
            },
            {
                "id": "61573549014752",
                "count": 0
            },
            {
                "id": "61562408587729",
                "count": 0
            },
            {
                "id": "100026244009179",
                "count": 0
            },
            {
                "id": "61572984185009",
                "count": 0
            },
            {
                "id": "61573799008249",
                "count": 0
            },
            {
                "id": "61571160765784",
                "count": 0
            },
            {
                "id": "100003532127581",
                "count": 0
            },
            {
                "id": "61573277657669",
                "count": 0
            },
            {
                "id": "100004714873206",
                "count": 0
            },
            {
                "id": "61573618520800",
                "count": 0
            },
            {
                "id": "61568828095948",
                "count": 0
            },
            {
                "id": "61573972193774",
                "count": 0
            },
            {
                "id": "61566794587338",
                "count": 0
            },
            {
                "id": "100088488834383",
                "count": 0
            },
            {
                "id": "61573793372866",
                "count": 0
            },
            {
                "id": "61573867557333",
                "count": 0
            },
            {
                "id": "61573647969842",
                "count": 0
            },
            {
                "id": "61573748466935",
                "count": 0
            },
            {
                "id": "61573565296002",
                "count": 0
            },
            {
                "id": "61573659100790",
                "count": 0
            },
            {
                "id": "61573732417461",
                "count": 0
            },
            {
                "id": "61573867048528",
                "count": 0
            },
            {
                "id": "61573777054546",
                "count": 0
            },
            {
                "id": "61573686251419",
                "count": 0
            },
            {
                "id": "61573622383814",
                "count": 0
            },
            {
                "id": "61573521617524",
                "count": 0
            },
            {
                "id": "61573592385914",
                "count": 0
            },
            {
                "id": "61573812275901",
                "count": 0
            },
            {
                "id": "61573916759463",
                "count": 0
            },
            {
                "id": "61573792595662",
                "count": 0
            },
            {
                "id": "61573853434111",
                "count": 0
            },
            {
                "id": "61573990976908",
                "count": 0
            },
            {
                "id": "61573943578182",
                "count": 0
            },
            {
                "id": "61574053793858",
                "count": 0
            },
            {
                "id": "61573725701986",
                "count": 0
            },
            {
                "id": "61573952490077",
                "count": 0
            }
        ]
    }
}