{
    "total": [
        {
            "id": "61571241184011",
            "count": 0
        },
        {
            "id": "100000661710841",
            "count": 0
        },
        {
            "id": "61552780836580",
            "count": 0
        },
        {
            "id": "61573442691774",
            "count": 0
        },
        {
            "id": "100021565786631",
            "count": 0
        },
        {
            "id": "100089616943324",
            "count": 0
        },
        {
            "id": "100004242434996",
            "count": 4
        },
        {
            "id": "100093442343675",
            "count": 0
        },
        {
            "id": "61573535760775",
            "count": 0
        },
        {
            "id": "61573462476126",
            "count": 0
        },
        {
            "id": "61573641020790",
            "count": 44
        },
        {
            "id": "61562886031089",
            "count": 0
        },
        {
            "id": "61557932481444",
            "count": 0
        },
        {
            "id": "61573572154608",
            "count": 0
        },
        {
            "id": "61572912061106",
            "count": 2
        },
        {
            "id": "61573690114384",
            "count": 0
        },
        {
            "id": "61559920305865",
            "count": 0
        },
        {
            "id": "61573245826353",
            "count": 48
        },
        {
            "id": "61571215397286",
            "count": 0
        },
        {
            "id": "100032677730658",
            "count": 2
        },
        {
            "id": "61573878052102",
            "count": 0
        },
        {
            "id": "100055775004878",
            "count": 28
        },
        {
            "id": "100004813894194",
            "count": 0
        },
        {
            "id": "61553535984982",
            "count": 0
        },
        {
            "id": "61553256279205",
            "count": 0
        },
        {
            "id": "100089655505433",
            "count": 0
        },
        {
            "id": "61564391514177",
            "count": 0
        },
        {
            "id": "100085157983453",
            "count": 0
        },
        {
            "id": "61573889755984",
            "count": 12
        },
        {
            "id": "100095070185415",
            "count": 0
        },
        {
            "id": "61573710988519",
            "count": 12
        },
        {
            "id": "61573484137350",
            "count": 0
        },
        {
            "id": "100094471035548",
            "count": 0
        },
        {
            "id": "100061380555816",
            "count": 0
        },
        {
            "id": "61573990821001",
            "count": 4
        },
        {
            "id": "61573506098756",
            "count": 0
        },
        {
            "id": "61573840431463",
            "count": 0
        },
        {
            "id": "61557960014395",
            "count": 0
        },
        {
            "id": "61573855790560",
            "count": 0
        },
        {
            "id": "100033098535781",
            "count": 0
        },
        {
            "id": "61573834771020",
            "count": 0
        },
        {
            "id": "61573648208565",
            "count": 0
        },
        {
            "id": "61573728273475",
            "count": 0
        },
        {
            "id": "61573103375726",
            "count": 6
        },
        {
            "id": "61568189937588",
            "count": 0
        },
        {
            "id": "61573991451998",
            "count": 0
        },
        {
            "id": "100006370537227",
            "count": 2
        },
        {
            "id": "61550853005450",
            "count": 0
        },
        {
            "id": "61573834528731",
            "count": 0
        },
        {
            "id": "61573568115789",
            "count": 0
        },
        {
            "id": "61565739221987",
            "count": 0
        },
        {
            "id": "61566323552836",
            "count": 0
        },
        {
            "id": "61573026748956",
            "count": 0
        },
        {
            "id": "61573373335565",
            "count": 301
        },
        {
            "id": "61573666782015",
            "count": 50
        },
        {
            "id": "100085666955529",
            "count": 180
        },
        {
            "id": "61573452043253",
            "count": 0
        },
        {
            "id": "61573723116816",
            "count": 102
        },
        {
            "id": "61573905688752",
            "count": 1211
        },
        {
            "id": "61573916759463",
            "count": 2
        },
        {
            "id": "100002339828934",
            "count": 64
        },
        {
            "id": "61573943578182",
            "count": 0
        },
        {
            "id": "61573732417461",
            "count": 0
        },
        {
            "id": "61568828095948",
            "count": 0
        },
        {
            "id": "61573819467546",
            "count": 0
        },
        {
            "id": "61566794587338",
            "count": 560
        },
        {
            "id": "61573763403614",
            "count": 0
        },
        {
            "id": "61573723625932",
            "count": 0
        },
        {
            "id": "61573472566696",
            "count": 0
        },
        {
            "id": "61573651288499",
            "count": 0
        },
        {
            "id": "61569267831276",
            "count": 0
        },
        {
            "id": "61565791092494",
            "count": 0
        },
        {
            "id": "61574016625165",
            "count": 2
        },
        {
            "id": "61572956781810",
            "count": 0
        },
        {
            "id": "61573951465792",
            "count": 0
        },
        {
            "id": "100004789564425",
            "count": 0
        },
        {
            "id": "61573608789444",
            "count": 0
        },
        {
            "id": "61573748466935",
            "count": 0
        },
        {
            "id": "61573829674599",
            "count": 0
        },
        {
            "id": "61573722242233",
            "count": 0
        },
        {
            "id": "61572927983503",
            "count": 54
        },
        {
            "id": "61573570097050",
            "count": 0
        },
        {
            "id": "61573592385914",
            "count": 204
        },
        {
            "id": "61559039261397",
            "count": 10
        },
        {
            "id": "61562057534672",
            "count": 68
        },
        {
            "id": "61573691691519",
            "count": 1050
        },
        {
            "id": "61573149028701",
            "count": 0
        },
        {
            "id": "61573785033240",
            "count": 0
        },
        {
            "id": "61573853434111",
            "count": 0
        },
        {
            "id": "61573902290489",
            "count": 0
        },
        {
            "id": "61571119661943",
            "count": 0
        },
        {
            "id": "61573990976908",
            "count": 86
        },
        {
            "id": "61573961398523",
            "count": 0
        },
        {
            "id": "61574053793858",
            "count": 834
        },
        {
            "id": "61573812275901",
            "count": 0
        },
        {
            "id": "61570631626344",
            "count": 2
        },
        {
            "id": "61573904667062",
            "count": 0
        },
        {
            "id": "61555671868915",
            "count": 0
        },
        {
            "id": "100003532127581",
            "count": 0
        },
        {
            "id": "61573659100790",
            "count": 0
        },
        {
            "id": "100000271383071",
            "count": 0
        },
        {
            "id": "61573792595662",
            "count": 0
        },
        {
            "id": "61573370273940",
            "count": 0
        },
        {
            "id": "61573867048528",
            "count": 0
        },
        {
            "id": "61573647969842",
            "count": 54
        },
        {
            "id": "61574011287787",
            "count": 294
        },
        {
            "id": "61573796648206",
            "count": 0
        },
        {
            "id": "100016830788715",
            "count": 14
        },
        {
            "id": "61564661465414",
            "count": 0
        },
        {
            "id": "61568524687017",
            "count": 0
        },
        {
            "id": "61563920802319",
            "count": 78
        },
        {
            "id": "100055259898924",
            "count": 0
        },
        {
            "id": "100000505207594",
            "count": 0
        },
        {
            "id": "61555908730667",
            "count": 70
        },
        {
            "id": "61573161472302",
            "count": 0
        },
        {
            "id": "61572402492252",
            "count": 0
        },
        {
            "id": "61572970472821",
            "count": 0
        },
        {
            "id": "61573512141662",
            "count": 0
        },
        {
            "id": "61573955610004",
            "count": 268
        },
        {
            "id": "100002751848876",
            "count": 2
        },
        {
            "id": "61574019356813",
            "count": 0
        },
        {
            "id": "61573881243728",
            "count": 0
        },
        {
            "id": "61557974905854",
            "count": 738
        },
        {
            "id": "100009066276944",
            "count": 0
        },
        {
            "id": "61573073554520",
            "count": 0
        },
        {
            "id": "100082550240081",
            "count": 63
        },
        {
            "id": "61574006910845",
            "count": 0
        },
        {
            "id": "61572863653978",
            "count": 0
        },
        {
            "id": "61570212971684",
            "count": 0
        },
        {
            "id": "61573739081522",
            "count": 0
        },
        {
            "id": "61573941245629",
            "count": 0
        },
        {
            "id": "61569808867170",
            "count": 0
        },
        {
            "id": "61571709073466",
            "count": 0
        },
        {
            "id": "61572634985245",
            "count": 0
        },
        {
            "id": "100088769345318",
            "count": 0
        },
        {
            "id": "61574209130699",
            "count": 0
        },
        {
            "id": "61573982464621",
            "count": 0
        },
        {
            "id": "61573767972860",
            "count": 0
        }
    ],
    "week": [
        {
            "id": "61571241184011",
            "count": 0
        },
        {
            "id": "100000661710841",
            "count": 0
        },
        {
            "id": "61552780836580",
            "count": 0
        },
        {
            "id": "61573442691774",
            "count": 0
        },
        {
            "id": "100021565786631",
            "count": 0
        },
        {
            "id": "100089616943324",
            "count": 0
        },
        {
            "id": "100004242434996",
            "count": 4
        },
        {
            "id": "100093442343675",
            "count": 0
        },
        {
            "id": "61573535760775",
            "count": 0
        },
        {
            "id": "61573462476126",
            "count": 0
        },
        {
            "id": "61573641020790",
            "count": 44
        },
        {
            "id": "61562886031089",
            "count": 0
        },
        {
            "id": "61557932481444",
            "count": 0
        },
        {
            "id": "61573572154608",
            "count": 0
        },
        {
            "id": "61572912061106",
            "count": 2
        },
        {
            "id": "61573690114384",
            "count": 0
        },
        {
            "id": "61559920305865",
            "count": 0
        },
        {
            "id": "61573245826353",
            "count": 48
        },
        {
            "id": "61571215397286",
            "count": 0
        },
        {
            "id": "100032677730658",
            "count": 2
        },
        {
            "id": "61573878052102",
            "count": 0
        },
        {
            "id": "100055775004878",
            "count": 28
        },
        {
            "id": "100004813894194",
            "count": 0
        },
        {
            "id": "61553535984982",
            "count": 0
        },
        {
            "id": "61553256279205",
            "count": 0
        },
        {
            "id": "100089655505433",
            "count": 0
        },
        {
            "id": "61564391514177",
            "count": 0
        },
        {
            "id": "100085157983453",
            "count": 0
        },
        {
            "id": "61573889755984",
            "count": 12
        },
        {
            "id": "100095070185415",
            "count": 0
        },
        {
            "id": "61573710988519",
            "count": 12
        },
        {
            "id": "61573484137350",
            "count": 0
        },
        {
            "id": "100094471035548",
            "count": 0
        },
        {
            "id": "100061380555816",
            "count": 0
        },
        {
            "id": "61573990821001",
            "count": 4
        },
        {
            "id": "61573506098756",
            "count": 0
        },
        {
            "id": "61573840431463",
            "count": 0
        },
        {
            "id": "61557960014395",
            "count": 0
        },
        {
            "id": "61573855790560",
            "count": 0
        },
        {
            "id": "100033098535781",
            "count": 0
        },
        {
            "id": "61573834771020",
            "count": 0
        },
        {
            "id": "61573648208565",
            "count": 0
        },
        {
            "id": "61573728273475",
            "count": 0
        },
        {
            "id": "61573103375726",
            "count": 6
        },
        {
            "id": "61568189937588",
            "count": 0
        },
        {
            "id": "61573991451998",
            "count": 0
        },
        {
            "id": "100006370537227",
            "count": 2
        },
        {
            "id": "61550853005450",
            "count": 0
        },
        {
            "id": "61573834528731",
            "count": 0
        },
        {
            "id": "61573568115789",
            "count": 0
        },
        {
            "id": "61565739221987",
            "count": 0
        },
        {
            "id": "61566323552836",
            "count": 0
        },
        {
            "id": "61573026748956",
            "count": 0
        },
        {
            "id": "61573373335565",
            "count": 301
        },
        {
            "id": "61573666782015",
            "count": 50
        },
        {
            "id": "100085666955529",
            "count": 180
        },
        {
            "id": "61573452043253",
            "count": 0
        },
        {
            "id": "61573723116816",
            "count": 102
        },
        {
            "id": "61573905688752",
            "count": 1211
        },
        {
            "id": "61573916759463",
            "count": 2
        },
        {
            "id": "100002339828934",
            "count": 64
        },
        {
            "id": "61573943578182",
            "count": 0
        },
        {
            "id": "61573732417461",
            "count": 0
        },
        {
            "id": "61568828095948",
            "count": 0
        },
        {
            "id": "61573819467546",
            "count": 0
        },
        {
            "id": "61566794587338",
            "count": 560
        },
        {
            "id": "61573763403614",
            "count": 0
        },
        {
            "id": "61573723625932",
            "count": 0
        },
        {
            "id": "61573472566696",
            "count": 0
        },
        {
            "id": "61573651288499",
            "count": 0
        },
        {
            "id": "61569267831276",
            "count": 0
        },
        {
            "id": "61565791092494",
            "count": 0
        },
        {
            "id": "61574016625165",
            "count": 2
        },
        {
            "id": "61572956781810",
            "count": 0
        },
        {
            "id": "61573951465792",
            "count": 0
        },
        {
            "id": "100004789564425",
            "count": 0
        },
        {
            "id": "61573608789444",
            "count": 0
        },
        {
            "id": "61573748466935",
            "count": 0
        },
        {
            "id": "61573829674599",
            "count": 0
        },
        {
            "id": "61573722242233",
            "count": 0
        },
        {
            "id": "61572927983503",
            "count": 54
        },
        {
            "id": "61573570097050",
            "count": 0
        },
        {
            "id": "61573592385914",
            "count": 204
        },
        {
            "id": "61559039261397",
            "count": 10
        },
        {
            "id": "61562057534672",
            "count": 68
        },
        {
            "id": "61573691691519",
            "count": 1050
        },
        {
            "id": "61573149028701",
            "count": 0
        },
        {
            "id": "61573785033240",
            "count": 0
        },
        {
            "id": "61573853434111",
            "count": 0
        },
        {
            "id": "61573902290489",
            "count": 0
        },
        {
            "id": "61571119661943",
            "count": 0
        },
        {
            "id": "61573990976908",
            "count": 86
        },
        {
            "id": "61573961398523",
            "count": 0
        },
        {
            "id": "61574053793858",
            "count": 834
        },
        {
            "id": "61573812275901",
            "count": 0
        },
        {
            "id": "61570631626344",
            "count": 2
        },
        {
            "id": "61573904667062",
            "count": 0
        },
        {
            "id": "61555671868915",
            "count": 0
        },
        {
            "id": "100003532127581",
            "count": 0
        },
        {
            "id": "61573659100790",
            "count": 0
        },
        {
            "id": "100000271383071",
            "count": 0
        },
        {
            "id": "61573792595662",
            "count": 0
        },
        {
            "id": "61573370273940",
            "count": 0
        },
        {
            "id": "61573867048528",
            "count": 0
        },
        {
            "id": "61573647969842",
            "count": 54
        },
        {
            "id": "61574011287787",
            "count": 294
        },
        {
            "id": "61573796648206",
            "count": 0
        },
        {
            "id": "100016830788715",
            "count": 14
        },
        {
            "id": "61564661465414",
            "count": 0
        },
        {
            "id": "61568524687017",
            "count": 0
        },
        {
            "id": "61563920802319",
            "count": 78
        },
        {
            "id": "100055259898924",
            "count": 0
        },
        {
            "id": "100000505207594",
            "count": 0
        },
        {
            "id": "61555908730667",
            "count": 70
        },
        {
            "id": "61573161472302",
            "count": 0
        },
        {
            "id": "61572402492252",
            "count": 0
        },
        {
            "id": "61572970472821",
            "count": 0
        },
        {
            "id": "61573512141662",
            "count": 0
        },
        {
            "id": "61573955610004",
            "count": 268
        },
        {
            "id": "100002751848876",
            "count": 2
        },
        {
            "id": "61574019356813",
            "count": 0
        },
        {
            "id": "61573881243728",
            "count": 0
        },
        {
            "id": "61557974905854",
            "count": 738
        },
        {
            "id": "100009066276944",
            "count": 0
        },
        {
            "id": "61573073554520",
            "count": 0
        },
        {
            "id": "100082550240081",
            "count": 63
        },
        {
            "id": "61574006910845",
            "count": 0
        },
        {
            "id": "61572863653978",
            "count": 0
        },
        {
            "id": "61570212971684",
            "count": 0
        },
        {
            "id": "61573739081522",
            "count": 0
        },
        {
            "id": "61573941245629",
            "count": 0
        },
        {
            "id": "61569808867170",
            "count": 0
        },
        {
            "id": "61571709073466",
            "count": 0
        },
        {
            "id": "61572634985245",
            "count": 0
        },
        {
            "id": "100088769345318",
            "count": 0
        },
        {
            "id": "61574209130699",
            "count": 0
        },
        {
            "id": "61573982464621",
            "count": 0
        },
        {
            "id": "61573767972860",
            "count": 0
        }
    ],
    "day": [
        {
            "id": "61571241184011",
            "count": 0,
            "name": "ꪶ拿ꜝ.ヽʂαʅɱα ꜝ ꗄ〘会〙"
        },
        {
            "id": "100000661710841",
            "count": 0,
            "name": "G-assim S'kkdia X. A'lg"
        },
        {
            "id": "61552780836580",
            "count": 0,
            "name": "ᎦᎦ-x︱ Iskanꜝder ぐ숌"
        },
        {
            "id": "61573442691774",
            "count": 0,
            "name": "䄟ꜝくIVEDOKIAꜝ ᜊꜝ食﹅"
        },
        {
            "id": "100021565786631",
            "count": 0,
            "name": "Razika Brk"
        },
        {
            "id": "100089616943324",
            "count": 0,
            "name": "Alôxensa S Tàbouza"
        },
        {
            "id": "100004242434996",
            "count": 4,
            "name": "ꜝꜞ ꗄ Ί.şĻάм ꜝ.ꜝ ཬྀྀ ʌʟģḕɽίʌ〘私〙"
        },
        {
            "id": "100093442343675",
            "count": 0,
            "name": "やꜝɯaro 〼ϰɭā.ꜛ"
        },
        {
            "id": "61573535760775",
            "count": 0,
            "name": "ThJojo Sk"
        },
        {
            "id": "61573462476126",
            "count": 0,
            "name": "الہٰڪابٰٰوسہٰ الہٰجيٰجلہٰيٰ"
        },
        {
            "id": "61573641020790",
            "count": 0,
            "name": "ٱٱيـة الاسـڪندريـة 'ﮮ"
        },
        {
            "id": "61562886031089",
            "count": 0,
            "name": "ﭑﺂٕݪبۧٱﺂݛۢۅٚڼ ۦٰ۪ﮧۧۦ"
        },
        {
            "id": "61557932481444",
            "count": 0,
            "name": "تآجوآ مـشـتغآنمـيـﮯ"
        },
        {
            "id": "61573572154608",
            "count": 0,
            "name": "Savıo︱ A. Simoヾ豪."
        },
        {
            "id": "61572912061106",
            "count": 0,
            "name": "ɕ'ᵎʑཬ ꜝ䄟 ཬ ꜝ䄟Simoch"
        },
        {
            "id": "61573690114384",
            "count": 0,
            "name": "Gxɇ.あ.SARA ꜝ 䄟ꜝꜝ"
        },
        {
            "id": "61559920305865",
            "count": 0,
            "name": "太. ззꜝˏ፧ʀᴀԋIɱ፧ ɕ'ᵎʑ"
        },
        {
            "id": "61573245826353",
            "count": 0,
            "name": "〼ϰɭā.ꜛ やꜝنڛࢪين"
        },
        {
            "id": "61571215397286",
            "count": 0,
            "name": "This'is Malak X-Oil Damn"
        },
        {
            "id": "100032677730658",
            "count": 0,
            "name": "Bh-Khe Lif-bh"
        },
        {
            "id": "61573878052102",
            "count": 0,
            "name": "谷ꜛꜛ〘DOUAA〙 ぷ〖ホ〗"
        },
        {
            "id": "100055775004878",
            "count": 28,
            "name": "X-Kalilɇ Q. Daflawi"
        },
        {
            "id": "100004813894194",
            "count": 0,
            "name": "ﯡﯡﺣﹻ۬ﹷٰﹷﺶ ﯾﹻ۬ﹷٰﹷﮣﺂﺂﯾﹻ۬ﹷٰﹷﮍ"
        },
        {
            "id": "61553535984982",
            "count": 0,
            "name": "ﹻﹻۣۗۗۗﹻﹺ٭ﹺ٭ آرجٰٖنتيني ﹺ٭ﹺ٭ ہٰٖہٰٖعم٭ﹻۣۗۗۗﹻۣۛﹻۣۗۗۗﹻﹺ٭"
        },
        {
            "id": "61553256279205",
            "count": 0,
            "name": "لينةة كوغولي بليدية"
        },
        {
            "id": "100089655505433",
            "count": 0,
            "name": "豪』Moh ぐ【Ձ】 ぐ『ჸቶ豪』"
        },
        {
            "id": "61564391514177",
            "count": 0,
            "name": "ヾひ꯭遊Simo ぐ『ჸቶ豪』"
        },
        {
            "id": "100085157983453",
            "count": 0,
            "name": "Xxꜝ-Zino ゝ篇ꞈ ꗄ"
        },
        {
            "id": "61573889755984",
            "count": 12,
            "name": "sıαуκοア"
        },
        {
            "id": "100095070185415",
            "count": 0,
            "name": "M.あ﹆Mσαɱҽɳ ヽ・　T.T"
        },
        {
            "id": "61573710988519",
            "count": 10,
            "name": "Somenzo ヽ"
        },
        {
            "id": "61573484137350",
            "count": 0,
            "name": "ぃꜛꜝ ɠ.ợʉ ɠợʉゞꜝꜝ　٭"
        },
        {
            "id": "100094471035548",
            "count": 0,
            "name": "やꜝمـٰيـﻤوٰ 〼ϰɭā.ꜛ"
        },
        {
            "id": "100061380555816",
            "count": 0,
            "name": "a.sαyouri tbonmok 金"
        },
        {
            "id": "61573990821001",
            "count": 4,
            "name": "Ouùxヽ"
        },
        {
            "id": "61573506098756",
            "count": 0,
            "name": "سيموش زلوش اورو دولاغ"
        },
        {
            "id": "61573840431463",
            "count": 0,
            "name": "Người dùng facebook"
        },
        {
            "id": "61557960014395",
            "count": 0,
            "name": "Rawan Mazyani"
        },
        {
            "id": "61573855790560",
            "count": 0,
            "name": "simo.ꜝあسيمو"
        },
        {
            "id": "100033098535781",
            "count": 0,
            "name": "α. sımo ヽ"
        },
        {
            "id": "61573834771020",
            "count": 0,
            "name": "يوووووووووووووووووسف تلمساني"
        },
        {
            "id": "61573648208565",
            "count": 0,
            "name": "㒪꯭ヾ.Ꭵʂɭʌɱḕꜝꜝ ぐ〘な〙"
        },
        {
            "id": "61573728273475",
            "count": 0,
            "name": "ヾひ꯭遊Ayoub ぐ『ჸቶ豪』"
        },
        {
            "id": "61573103375726",
            "count": 6,
            "name": "Iłあ命 豐࿐Ił ටිᎥfϴʋꜝ"
        },
        {
            "id": "61568189937588",
            "count": 0,
            "name": "Adam A'ssimi X. A'lg"
        },
        {
            "id": "61573991451998",
            "count": 0,
            "name": "شيڪورڪ تلمسااني ڪمك طاڪ"
        },
        {
            "id": "100006370537227",
            "count": 0,
            "name": "رابح 'ے"
        },
        {
            "id": "61550853005450",
            "count": 0,
            "name": "ﮪﹻ۬ﹻۛ۬ﹻ۬ﹻﻤﹻ۬ﹻۛ۬ﹻ۬ﹻﺴﹻ۬ﹻۛ۬ﹻ۬ﹻﻪ اﻣﹻ۬ﹻۛ۬ﹻ۬ﹻﹻ۬ﹻۛ۬ﹻ۬ﹻﻞۦۦۦﮩٰ۫٭"
        },
        {
            "id": "61573834528731",
            "count": 0,
            "name": "امير تبسي"
        },
        {
            "id": "61573568115789",
            "count": 0,
            "name": "Người dùng facebook"
        },
        {
            "id": "61565739221987",
            "count": 0,
            "name": "Asil Bou"
        },
        {
            "id": "61566323552836",
            "count": 0,
            "name": "Ξ︱࿆Ş᭄ Sanau ꜤꜤぐꕑ"
        },
        {
            "id": "61573026748956",
            "count": 0,
            "name": "ヾꜝ.ቶ ADAM ぐ〖ꜝ爾ゑ〗"
        },
        {
            "id": "61573373335565",
            "count": 0,
            "name": "彡『O』OUS AMA ꔮぐ囚﹆"
        },
        {
            "id": "61573666782015",
            "count": 2,
            "name": "ٱ.ڪٰٰٖٖ.نٱڪٰٰ.سوتعموڪٰٰٖٖ مووﺣ عنآپي"
        },
        {
            "id": "100085666955529",
            "count": 180,
            "name": "   souhaib Jr🦢🪼🪽🫎󱢏"
        },
        {
            "id": "61573452043253",
            "count": 0,
            "name": "媛. ᏦᎯᎮᏒᎥᏃᎯ ぷ.乌"
        },
        {
            "id": "61573723116816",
            "count": 0,
            "name": "آڪ يوسف تلمساني آآ"
        },
        {
            "id": "61573905688752",
            "count": 0,
            "name": "آآڪ يوسف تلمساني يربڪ"
        },
        {
            "id": "61573916759463",
            "count": 2,
            "name": "تيبازي هربڪ"
        },
        {
            "id": "100002339828934",
            "count": 0,
            "name": "Juan Paredes"
        },
        {
            "id": "61573943578182",
            "count": 0,
            "name": "Mimi Bak"
        },
        {
            "id": "61573732417461",
            "count": 0,
            "name": "ٱٱ.ڪ.م رب-تشريد- اسامة-تيبازي- ٱٱ-نڪمڪ-رڪوع"
        },
        {
            "id": "61568828095948",
            "count": 0,
            "name": "ﻣﹻٰ۫۬ﹻٰﹻٰ۫۬ﮱﯿﹻٰ۫۬ﹻٰﹻٰ۫۬ﮱﮍﺂﺂۦۦ ﭑﭑلاﻧﹻﹻﹻٛۧﹻٛۧﹻٛۧﹻﺪآل بغگ'ﮮ"
        },
        {
            "id": "61573819467546",
            "count": 0,
            "name": "امينو تلمساني"
        },
        {
            "id": "61566794587338",
            "count": 0,
            "name": "ٱٱ.ڪ.م رب-تشريد- ادم-لعباسي ٱٱ-نڪمڪ-رڪوع"
        },
        {
            "id": "61573763403614",
            "count": 0,
            "name": "Người dùng facebook"
        },
        {
            "id": "61573723625932",
            "count": 0,
            "name": "Người dùng facebook"
        },
        {
            "id": "61573472566696",
            "count": 0,
            "name": "ٱ. ڪ. عٌلَآء. شُلَفُيَ"
        },
        {
            "id": "61573651288499",
            "count": 0,
            "name": "Người dùng facebook"
        },
        {
            "id": "61569267831276",
            "count": 0,
            "name": "Người dùng facebook"
        },
        {
            "id": "61565791092494",
            "count": 0,
            "name": "Người dùng facebook"
        },
        {
            "id": "61574016625165",
            "count": 2,
            "name": "Người dùng facebook"
        },
        {
            "id": "61572956781810",
            "count": 0,
            "name": "Người dùng facebook"
        },
        {
            "id": "61573951465792",
            "count": 0,
            "name": "Người dùng facebook"
        },
        {
            "id": "100004789564425",
            "count": 0,
            "name": "Người dùng facebook"
        },
        {
            "id": "61573608789444",
            "count": 0,
            "name": "Người dùng facebook"
        },
        {
            "id": "61573748466935",
            "count": 0,
            "name": "Adam Abbasy"
        },
        {
            "id": "61573829674599",
            "count": 0,
            "name": "Người dùng facebook"
        },
        {
            "id": "61573722242233",
            "count": 0,
            "name": "Người dùng facebook"
        },
        {
            "id": "61572927983503",
            "count": 34,
            "name": "Brâhîm Tūø"
        },
        {
            "id": "61573570097050",
            "count": 0,
            "name": "Người dùng facebook"
        },
        {
            "id": "61573592385914",
            "count": 140,
            "name": "شيڪور سسسسسسسسسسسسسسسوتاعموك"
        },
        {
            "id": "61559039261397",
            "count": 0,
            "name": "一︒ʜisḧʌɱ. ꜝ　٭　 ぬ"
        },
        {
            "id": "61562057534672",
            "count": 68,
            "name": "Người dùng facebook"
        },
        {
            "id": "61573691691519",
            "count": 0,
            "name": "ٱٱڪٰٰٖٖنٱڪٰٰسٰٖوٰٖتٖعمٰوڪٰٰٖٖ چَليِلْ عَپٓاسٍيٖ"
        },
        {
            "id": "61573149028701",
            "count": 0,
            "name": "やꜝ ڜيـمأء 〼ϰɭā.ꜛ"
        },
        {
            "id": "61573785033240",
            "count": 0,
            "name": "وحش تيبازي هربك"
        },
        {
            "id": "61573853434111",
            "count": 0,
            "name": "شيڪور حتشون يماڪ"
        },
        {
            "id": "61573902290489",
            "count": 0,
            "name": "Người dùng facebook"
        },
        {
            "id": "61571119661943",
            "count": 0,
            "name": "Người dùng facebook"
        },
        {
            "id": "61573990976908",
            "count": 86,
            "name": "Oo Oo"
        },
        {
            "id": "61573961398523",
            "count": 0,
            "name": "Người dùng facebook"
        },
        {
            "id": "61574053793858",
            "count": 0,
            "name": "ادم برك"
        },
        {
            "id": "61573812275901",
            "count": 0,
            "name": "كلبكم موح وهراني"
        },
        {
            "id": "61570631626344",
            "count": 0,
            "name": "ヾᎠƴᎪᏚʌ ϻα ඉ්ꜝ﹅"
        },
        {
            "id": "61573904667062",
            "count": 0
        },
        {
            "id": "61555671868915",
            "count": 0
        },
        {
            "id": "100003532127581",
            "count": 0
        },
        {
            "id": "61573659100790",
            "count": 0
        },
        {
            "id": "100000271383071",
            "count": 0
        },
        {
            "id": "61573792595662",
            "count": 0
        },
        {
            "id": "61573370273940",
            "count": 0
        },
        {
            "id": "61573867048528",
            "count": 0
        },
        {
            "id": "61573647969842",
            "count": 54
        },
        {
            "id": "61574011287787",
            "count": 294
        },
        {
            "id": "61573796648206",
            "count": 0
        },
        {
            "id": "100016830788715",
            "count": 14
        },
        {
            "id": "61564661465414",
            "count": 0
        },
        {
            "id": "61568524687017",
            "count": 0
        },
        {
            "id": "61563920802319",
            "count": 78
        },
        {
            "id": "100055259898924",
            "count": 0
        },
        {
            "id": "100000505207594",
            "count": 0
        },
        {
            "id": "61555908730667",
            "count": 70
        },
        {
            "id": "61573161472302",
            "count": 0
        },
        {
            "id": "61572402492252",
            "count": 0
        },
        {
            "id": "61572970472821",
            "count": 0
        },
        {
            "id": "61573512141662",
            "count": 0
        },
        {
            "id": "61573955610004",
            "count": 268
        },
        {
            "id": "100002751848876",
            "count": 2
        },
        {
            "id": "61574019356813",
            "count": 0
        },
        {
            "id": "61573881243728",
            "count": 0
        },
        {
            "id": "61557974905854",
            "count": 738
        },
        {
            "id": "100009066276944",
            "count": 0
        },
        {
            "id": "61573073554520",
            "count": 0
        },
        {
            "id": "100082550240081",
            "count": 63
        },
        {
            "id": "61574006910845",
            "count": 0
        },
        {
            "id": "61572863653978",
            "count": 0
        },
        {
            "id": "61570212971684",
            "count": 0
        },
        {
            "id": "61573739081522",
            "count": 0
        },
        {
            "id": "61573941245629",
            "count": 0
        },
        {
            "id": "61569808867170",
            "count": 0
        },
        {
            "id": "61571709073466",
            "count": 0
        },
        {
            "id": "61572634985245",
            "count": 0
        },
        {
            "id": "100088769345318",
            "count": 0
        },
        {
            "id": "61574209130699",
            "count": 0
        },
        {
            "id": "61573982464621",
            "count": 0
        },
        {
            "id": "61573767972860",
            "count": 0
        }
    ],
    "time": 3,
    "last": {
        "time": 5,
        "day": [
            {
                "id": "61573110465738",
                "count": 0
            },
            {
                "id": "61571745766649",
                "count": 0
            },
            {
                "id": "61571241184011",
                "count": 0
            },
            {
                "id": "61559033225213",
                "count": 0
            },
            {
                "id": "100000661710841",
                "count": 0
            },
            {
                "id": "61573220510508",
                "count": 0
            },
            {
                "id": "100080475334800",
                "count": 0
            },
            {
                "id": "61573212617111",
                "count": 0
            },
            {
                "id": "61552780836580",
                "count": 0
            },
            {
                "id": "61573442691774",
                "count": 0
            },
            {
                "id": "61573650779443",
                "count": 0
            },
            {
                "id": "100021565786631",
                "count": 0
            },
            {
                "id": "100004728933856",
                "count": 0
            },
            {
                "id": "100089616943324",
                "count": 0
            },
            {
                "id": "100004242434996",
                "count": 0
            },
            {
                "id": "61567922851878",
                "count": 0
            },
            {
                "id": "100093442343675",
                "count": 0
            },
            {
                "id": "61573535760775",
                "count": 0
            },
            {
                "id": "100004499644522",
                "count": 0
            },
            {
                "id": "61573732974274",
                "count": 0
            },
            {
                "id": "61573379588044",
                "count": 0
            },
            {
                "id": "61572024977414",
                "count": 0
            },
            {
                "id": "61573462476126",
                "count": 0
            },
            {
                "id": "61553151552698",
                "count": 0
            },
            {
                "id": "61573758904666",
                "count": 0
            },
            {
                "id": "61573641020790",
                "count": 0
            },
            {
                "id": "61562886031089",
                "count": 0
            },
            {
                "id": "61557932481444",
                "count": 0
            },
            {
                "id": "61562077344796",
                "count": 0
            },
            {
                "id": "61573572154608",
                "count": 0
            },
            {
                "id": "100048982846585",
                "count": 0
            },
            {
                "id": "61572912061106",
                "count": 0
            },
            {
                "id": "61573690114384",
                "count": 0
            },
            {
                "id": "61574002103047",
                "count": 0
            },
            {
                "id": "61559920305865",
                "count": 0
            },
            {
                "id": "100093128372239",
                "count": 0
            },
            {
                "id": "61573245826353",
                "count": 0
            },
            {
                "id": "61571215397286",
                "count": 0
            },
            {
                "id": "100011380210153",
                "count": 0
            },
            {
                "id": "100032677730658",
                "count": 0
            },
            {
                "id": "61573878052102",
                "count": 0
            },
            {
                "id": "61571896019394",
                "count": 0
            },
            {
                "id": "61573134371256",
                "count": 0
            },
            {
                "id": "100063535986926",
                "count": 0
            },
            {
                "id": "100055775004878",
                "count": 0
            },
            {
                "id": "100081060849123",
                "count": 0
            },
            {
                "id": "100004813894194",
                "count": 0
            },
            {
                "id": "61553535984982",
                "count": 0
            },
            {
                "id": "61572848833268",
                "count": 0
            },
            {
                "id": "61553256279205",
                "count": 0
            },
            {
                "id": "61574024540533",
                "count": 0
            },
            {
                "id": "61573908590169",
                "count": 0
            },
            {
                "id": "100085604710233",
                "count": 0
            },
            {
                "id": "100089655505433",
                "count": 0
            },
            {
                "id": "61564391514177",
                "count": 0
            },
            {
                "id": "100002884398544",
                "count": 0
            },
            {
                "id": "61572968193164",
                "count": 0
            },
            {
                "id": "100085157983453",
                "count": 0
            },
            {
                "id": "61573906257603",
                "count": 0
            },
            {
                "id": "61573889755984",
                "count": 0
            },
            {
                "id": "100095070185415",
                "count": 0
            },
            {
                "id": "61573041765814",
                "count": 0
            },
            {
                "id": "61572460086930",
                "count": 0
            },
            {
                "id": "100012773445420",
                "count": 0
            },
            {
                "id": "61567668278941",
                "count": 0
            },
            {
                "id": "61557944161222",
                "count": 0
            },
            {
                "id": "61573710988519",
                "count": 0
            },
            {
                "id": "61573484137350",
                "count": 0
            },
            {
                "id": "100094471035548",
                "count": 0
            },
            {
                "id": "61572319026027",
                "count": 0
            },
            {
                "id": "61573424755426",
                "count": 0
            },
            {
                "id": "61573783562521",
                "count": 0
            },
            {
                "id": "100072661852714",
                "count": 0
            },
            {
                "id": "61555070577263",
                "count": 0
            },
            {
                "id": "100061380555816",
                "count": 0
            },
            {
                "id": "61565019175867",
                "count": 0
            },
            {
                "id": "61573990821001",
                "count": 0
            },
            {
                "id": "61573506098756",
                "count": 0
            },
            {
                "id": "61573840431463",
                "count": 0
            },
            {
                "id": "61573554766179",
                "count": 0
            },
            {
                "id": "100087652554997",
                "count": 0
            },
            {
                "id": "61557960014395",
                "count": 0
            },
            {
                "id": "61573763197438",
                "count": 0
            },
            {
                "id": "61573855790560",
                "count": 0
            },
            {
                "id": "100033098535781",
                "count": 0
            },
            {
                "id": "100082700646765",
                "count": 0
            },
            {
                "id": "61573834771020",
                "count": 0
            },
            {
                "id": "61573648208565",
                "count": 0
            },
            {
                "id": "61573728273475",
                "count": 0
            },
            {
                "id": "61573103375726",
                "count": 0
            },
            {
                "id": "61568189937588",
                "count": 0
            },
            {
                "id": "61572533807457",
                "count": 0
            },
            {
                "id": "100000954094833",
                "count": 0
            },
            {
                "id": "61573818621206",
                "count": 0
            },
            {
                "id": "100003935237419",
                "count": 0
            },
            {
                "id": "61573991451998",
                "count": 0
            },
            {
                "id": "61572441158823",
                "count": 0
            },
            {
                "id": "100006370537227",
                "count": 0
            },
            {
                "id": "100063763671433",
                "count": 0
            },
            {
                "id": "61573629997774",
                "count": 0
            },
            {
                "id": "61570609565478",
                "count": 0
            },
            {
                "id": "61554442191893",
                "count": 0
            },
            {
                "id": "61573137209976",
                "count": 0
            },
            {
                "id": "100067649695553",
                "count": 0
            },
            {
                "id": "61550853005450",
                "count": 0
            },
            {
                "id": "61573156156593",
                "count": 0
            },
            {
                "id": "61573461693229",
                "count": 0
            },
            {
                "id": "100088432909482",
                "count": 0
            },
            {
                "id": "61573834528731",
                "count": 0
            },
            {
                "id": "61573568115789",
                "count": 0
            },
            {
                "id": "61572681560257",
                "count": 0
            },
            {
                "id": "61573818419363",
                "count": 0
            },
            {
                "id": "61573433536608",
                "count": 0
            },
            {
                "id": "61565739221987",
                "count": 0
            },
            {
                "id": "61566323552836",
                "count": 0
            },
            {
                "id": "61572436654141",
                "count": 0
            },
            {
                "id": "61573026748956",
                "count": 0
            },
            {
                "id": "61573640583277",
                "count": 0
            },
            {
                "id": "61573373335565",
                "count": 0
            },
            {
                "id": "100000338016091",
                "count": 0
            },
            {
                "id": "61573202580932",
                "count": 0
            },
            {
                "id": "61573666782015",
                "count": 0
            },
            {
                "id": "100003377722680",
                "count": 0
            },
            {
                "id": "100019865112935",
                "count": 0
            },
            {
                "id": "100085666955529",
                "count": 0
            },
            {
                "id": "61573452043253",
                "count": 0
            },
            {
                "id": "61573723116816",
                "count": 0
            },
            {
                "id": "61573905688752",
                "count": 0
            },
            {
                "id": "61573916759463",
                "count": 0
            },
            {
                "id": "100000568939101",
                "count": 0
            },
            {
                "id": "100002339828934",
                "count": 0
            },
            {
                "id": "61573943578182",
                "count": 0
            },
            {
                "id": "61573732417461",
                "count": 0
            },
            {
                "id": "61568828095948",
                "count": 0
            },
            {
                "id": "61573819467546",
                "count": 0
            },
            {
                "id": "100095223375883",
                "count": 0
            },
            {
                "id": "100003645938664",
                "count": 0
            },
            {
                "id": "61573700403763",
                "count": 0
            },
            {
                "id": "61573812531548",
                "count": 0
            },
            {
                "id": "61566794587338",
                "count": 0
            },
            {
                "id": "61573763403614",
                "count": 0
            },
            {
                "id": "61571959862577",
                "count": 0
            },
            {
                "id": "61573723625932",
                "count": 0
            },
            {
                "id": "61573472566696",
                "count": 0
            },
            {
                "id": "61573651288499",
                "count": 0
            },
            {
                "id": "61569267831276",
                "count": 0
            },
            {
                "id": "100007829925423",
                "count": 0
            },
            {
                "id": "61565791092494",
                "count": 0
            },
            {
                "id": "61572894733854",
                "count": 0
            },
            {
                "id": "61574016625165",
                "count": 0
            },
            {
                "id": "100007532445959",
                "count": 0
            },
            {
                "id": "100094541659362",
                "count": 0
            },
            {
                "id": "61571883997032",
                "count": 0
            },
            {
                "id": "61573833470614",
                "count": 0
            },
            {
                "id": "61571870848873",
                "count": 0
            },
            {
                "id": "61572956781810",
                "count": 0
            },
            {
                "id": "61573277567800",
                "count": 0
            },
            {
                "id": "61573424327728",
                "count": 0
            },
            {
                "id": "61573550682381",
                "count": 0
            },
            {
                "id": "61573951465792",
                "count": 0
            },
            {
                "id": "100004789564425",
                "count": 0
            },
            {
                "id": "61573608789444",
                "count": 0
            },
            {
                "id": "61550022879213",
                "count": 0
            },
            {
                "id": "61573762409144",
                "count": 0
            },
            {
                "id": "100010520705813",
                "count": 0
            },
            {
                "id": "61573592385914",
                "count": 0
            },
            {
                "id": "61573748466935",
                "count": 0
            },
            {
                "id": "61573812275901",
                "count": 0
            },
            {
                "id": "61573829674599",
                "count": 0
            },
            {
                "id": "61573722242233",
                "count": 0
            },
            {
                "id": "61572927983503",
                "count": 0
            },
            {
                "id": "61572992701940",
                "count": 0
            },
            {
                "id": "61573570097050",
                "count": 0
            },
            {
                "id": "61567518600863",
                "count": 0
            },
            {
                "id": "61559039261397",
                "count": 0
            },
            {
                "id": "61570184682257",
                "count": 0
            },
            {
                "id": "100042928552298",
                "count": 0
            },
            {
                "id": "61562057534672",
                "count": 0
            },
            {
                "id": "61568642931031",
                "count": 0
            },
            {
                "id": "61573691691519",
                "count": 0
            },
            {
                "id": "61573149028701",
                "count": 0
            },
            {
                "id": "61573785033240",
                "count": 0
            },
            {
                "id": "61573853434111",
                "count": 0
            },
            {
                "id": "61573902290489",
                "count": 0
            },
            {
                "id": "100000668036369",
                "count": 0
            },
            {
                "id": "61571119661943",
                "count": 0
            },
            {
                "id": "61573990976908",
                "count": 0
            },
            {
                "id": "100004764855006",
                "count": 0
            },
            {
                "id": "61573961398523",
                "count": 0
            },
            {
                "id": "61574053793858",
                "count": 0
            },
            {
                "id": "61560488200596",
                "count": 0
            },
            {
                "id": "61553037955561",
                "count": 0
            },
            {
                "id": "61570631626344",
                "count": 0
            },
            {
                "id": "61573904667062",
                "count": 0
            },
            {
                "id": "61555671868915",
                "count": 0
            },
            {
                "id": "100003532127581",
                "count": 0
            },
            {
                "id": "61573659100790",
                "count": 0
            },
            {
                "id": "100000271383071",
                "count": 0
            },
            {
                "id": "61573792595662",
                "count": 0
            },
            {
                "id": "61573370273940",
                "count": 0
            },
            {
                "id": "61573867048528",
                "count": 0
            },
            {
                "id": "61573647969842",
                "count": 0
            },
            {
                "id": "61563802028631",
                "count": 0
            },
            {
                "id": "61574011287787",
                "count": 0
            },
            {
                "id": "61573796648206",
                "count": 0
            },
            {
                "id": "100016830788715",
                "count": 0
            },
            {
                "id": "61564661465414",
                "count": 0
            },
            {
                "id": "61568524687017",
                "count": 0
            },
            {
                "id": "61563920802319",
                "count": 0
            },
            {
                "id": "100055259898924",
                "count": 0
            },
            {
                "id": "100000505207594",
                "count": 0
            },
            {
                "id": "100002053380446",
                "count": 0
            },
            {
                "id": "61555908730667",
                "count": 0
            },
            {
                "id": "61573161472302",
                "count": 0
            },
            {
                "id": "61572402492252",
                "count": 0
            },
            {
                "id": "61573172251954",
                "count": 0
            },
            {
                "id": "61572970472821",
                "count": 0
            },
            {
                "id": "61573512141662",
                "count": 0
            },
            {
                "id": "61573955610004",
                "count": 0
            },
            {
                "id": "100002751848876",
                "count": 0
            },
            {
                "id": "61574019356813",
                "count": 0
            },
            {
                "id": "61573881243728",
                "count": 0
            },
            {
                "id": "61557974905854",
                "count": 0
            },
            {
                "id": "100009066276944",
                "count": 0
            },
            {
                "id": "61573073554520",
                "count": 0
            },
            {
                "id": "100082550240081",
                "count": 0
            },
            {
                "id": "61574006910845",
                "count": 0
            },
            {
                "id": "61572863653978",
                "count": 0
            },
            {
                "id": "61570212971684",
                "count": 0
            },
            {
                "id": "61573739081522",
                "count": 0
            },
            {
                "id": "61573941245629",
                "count": 0
            },
            {
                "id": "61569808867170",
                "count": 0
            },
            {
                "id": "61571709073466",
                "count": 0
            },
            {
                "id": "61572634985245",
                "count": 0
            },
            {
                "id": "100088769345318",
                "count": 0
            },
            {
                "id": "61574209130699",
                "count": 0
            },
            {
                "id": "61573982464621",
                "count": 0
            },
            {
                "id": "61573767972860",
                "count": 0
            }
        ],
        "week": [
            {
                "id": "61573110465738",
                "count": 0
            },
            {
                "id": "61571745766649",
                "count": 0
            },
            {
                "id": "61571241184011",
                "count": 0
            },
            {
                "id": "61559033225213",
                "count": 0
            },
            {
                "id": "100000661710841",
                "count": 0
            },
            {
                "id": "61573220510508",
                "count": 0
            },
            {
                "id": "100080475334800",
                "count": 0
            },
            {
                "id": "61573212617111",
                "count": 0
            },
            {
                "id": "61552780836580",
                "count": 0
            },
            {
                "id": "61573442691774",
                "count": 0
            },
            {
                "id": "61573650779443",
                "count": 0
            },
            {
                "id": "100021565786631",
                "count": 0
            },
            {
                "id": "100004728933856",
                "count": 0
            },
            {
                "id": "100089616943324",
                "count": 0
            },
            {
                "id": "100004242434996",
                "count": 0
            },
            {
                "id": "61567922851878",
                "count": 0
            },
            {
                "id": "100093442343675",
                "count": 0
            },
            {
                "id": "61573535760775",
                "count": 0
            },
            {
                "id": "100004499644522",
                "count": 0
            },
            {
                "id": "61573732974274",
                "count": 0
            },
            {
                "id": "61573379588044",
                "count": 0
            },
            {
                "id": "61572024977414",
                "count": 0
            },
            {
                "id": "61573462476126",
                "count": 0
            },
            {
                "id": "61553151552698",
                "count": 0
            },
            {
                "id": "61573758904666",
                "count": 0
            },
            {
                "id": "61573641020790",
                "count": 0
            },
            {
                "id": "61562886031089",
                "count": 0
            },
            {
                "id": "61557932481444",
                "count": 0
            },
            {
                "id": "61562077344796",
                "count": 0
            },
            {
                "id": "61573572154608",
                "count": 0
            },
            {
                "id": "100048982846585",
                "count": 0
            },
            {
                "id": "61572912061106",
                "count": 0
            },
            {
                "id": "61573690114384",
                "count": 0
            },
            {
                "id": "61574002103047",
                "count": 0
            },
            {
                "id": "61559920305865",
                "count": 0
            },
            {
                "id": "100093128372239",
                "count": 0
            },
            {
                "id": "61573245826353",
                "count": 0
            },
            {
                "id": "61571215397286",
                "count": 0
            },
            {
                "id": "100011380210153",
                "count": 0
            },
            {
                "id": "100032677730658",
                "count": 0
            },
            {
                "id": "61573878052102",
                "count": 0
            },
            {
                "id": "61571896019394",
                "count": 0
            },
            {
                "id": "61573134371256",
                "count": 0
            },
            {
                "id": "100063535986926",
                "count": 0
            },
            {
                "id": "100055775004878",
                "count": 0
            },
            {
                "id": "100081060849123",
                "count": 0
            },
            {
                "id": "100004813894194",
                "count": 0
            },
            {
                "id": "61553535984982",
                "count": 0
            },
            {
                "id": "61572848833268",
                "count": 0
            },
            {
                "id": "61553256279205",
                "count": 0
            },
            {
                "id": "61574024540533",
                "count": 0
            },
            {
                "id": "61573908590169",
                "count": 0
            },
            {
                "id": "100085604710233",
                "count": 0
            },
            {
                "id": "100089655505433",
                "count": 0
            },
            {
                "id": "61564391514177",
                "count": 0
            },
            {
                "id": "100002884398544",
                "count": 0
            },
            {
                "id": "61572968193164",
                "count": 0
            },
            {
                "id": "100085157983453",
                "count": 0
            },
            {
                "id": "61573906257603",
                "count": 0
            },
            {
                "id": "61573889755984",
                "count": 0
            },
            {
                "id": "100095070185415",
                "count": 0
            },
            {
                "id": "61573041765814",
                "count": 0
            },
            {
                "id": "61572460086930",
                "count": 0
            },
            {
                "id": "100012773445420",
                "count": 0
            },
            {
                "id": "61567668278941",
                "count": 0
            },
            {
                "id": "61557944161222",
                "count": 0
            },
            {
                "id": "61573710988519",
                "count": 0
            },
            {
                "id": "61573484137350",
                "count": 0
            },
            {
                "id": "100094471035548",
                "count": 0
            },
            {
                "id": "61572319026027",
                "count": 0
            },
            {
                "id": "61573424755426",
                "count": 0
            },
            {
                "id": "61573783562521",
                "count": 0
            },
            {
                "id": "100072661852714",
                "count": 0
            },
            {
                "id": "61555070577263",
                "count": 0
            },
            {
                "id": "100061380555816",
                "count": 0
            },
            {
                "id": "61565019175867",
                "count": 0
            },
            {
                "id": "61573990821001",
                "count": 0
            },
            {
                "id": "61573506098756",
                "count": 0
            },
            {
                "id": "61573840431463",
                "count": 0
            },
            {
                "id": "61573554766179",
                "count": 0
            },
            {
                "id": "100087652554997",
                "count": 0
            },
            {
                "id": "61557960014395",
                "count": 0
            },
            {
                "id": "61573763197438",
                "count": 0
            },
            {
                "id": "61573855790560",
                "count": 0
            },
            {
                "id": "100033098535781",
                "count": 0
            },
            {
                "id": "100082700646765",
                "count": 0
            },
            {
                "id": "61573834771020",
                "count": 0
            },
            {
                "id": "61573648208565",
                "count": 0
            },
            {
                "id": "61573728273475",
                "count": 0
            },
            {
                "id": "61573103375726",
                "count": 0
            },
            {
                "id": "61568189937588",
                "count": 0
            },
            {
                "id": "61572533807457",
                "count": 0
            },
            {
                "id": "100000954094833",
                "count": 0
            },
            {
                "id": "61573818621206",
                "count": 0
            },
            {
                "id": "100003935237419",
                "count": 0
            },
            {
                "id": "61573991451998",
                "count": 0
            },
            {
                "id": "61572441158823",
                "count": 0
            },
            {
                "id": "100006370537227",
                "count": 0
            },
            {
                "id": "100063763671433",
                "count": 0
            },
            {
                "id": "61573629997774",
                "count": 0
            },
            {
                "id": "61570609565478",
                "count": 0
            },
            {
                "id": "61554442191893",
                "count": 0
            },
            {
                "id": "61573137209976",
                "count": 0
            },
            {
                "id": "100067649695553",
                "count": 0
            },
            {
                "id": "61550853005450",
                "count": 0
            },
            {
                "id": "61573156156593",
                "count": 0
            },
            {
                "id": "61573461693229",
                "count": 0
            },
            {
                "id": "100088432909482",
                "count": 0
            },
            {
                "id": "61573834528731",
                "count": 0
            },
            {
                "id": "61573568115789",
                "count": 0
            },
            {
                "id": "61572681560257",
                "count": 0
            },
            {
                "id": "61573818419363",
                "count": 0
            },
            {
                "id": "61573433536608",
                "count": 0
            },
            {
                "id": "61565739221987",
                "count": 0
            },
            {
                "id": "61566323552836",
                "count": 0
            },
            {
                "id": "61572436654141",
                "count": 0
            },
            {
                "id": "61573026748956",
                "count": 0
            },
            {
                "id": "61573640583277",
                "count": 0
            },
            {
                "id": "61573373335565",
                "count": 0
            },
            {
                "id": "100000338016091",
                "count": 0
            },
            {
                "id": "61573202580932",
                "count": 0
            },
            {
                "id": "61573666782015",
                "count": 0
            },
            {
                "id": "100003377722680",
                "count": 0
            },
            {
                "id": "100019865112935",
                "count": 0
            },
            {
                "id": "100085666955529",
                "count": 0
            },
            {
                "id": "61573452043253",
                "count": 0
            },
            {
                "id": "61573723116816",
                "count": 0
            },
            {
                "id": "61573905688752",
                "count": 0
            },
            {
                "id": "61573916759463",
                "count": 0
            },
            {
                "id": "100000568939101",
                "count": 0
            },
            {
                "id": "100002339828934",
                "count": 0
            },
            {
                "id": "61573943578182",
                "count": 0
            },
            {
                "id": "61573732417461",
                "count": 0
            },
            {
                "id": "61568828095948",
                "count": 0
            },
            {
                "id": "61573819467546",
                "count": 0
            },
            {
                "id": "100095223375883",
                "count": 0
            },
            {
                "id": "100003645938664",
                "count": 0
            },
            {
                "id": "61573700403763",
                "count": 0
            },
            {
                "id": "61573812531548",
                "count": 0
            },
            {
                "id": "61566794587338",
                "count": 0
            },
            {
                "id": "61573763403614",
                "count": 0
            },
            {
                "id": "61571959862577",
                "count": 0
            },
            {
                "id": "61573723625932",
                "count": 0
            },
            {
                "id": "61573472566696",
                "count": 0
            },
            {
                "id": "61573651288499",
                "count": 0
            },
            {
                "id": "61569267831276",
                "count": 0
            },
            {
                "id": "100007829925423",
                "count": 0
            },
            {
                "id": "61565791092494",
                "count": 0
            },
            {
                "id": "61572894733854",
                "count": 0
            },
            {
                "id": "61574016625165",
                "count": 0
            },
            {
                "id": "100007532445959",
                "count": 0
            },
            {
                "id": "100094541659362",
                "count": 0
            },
            {
                "id": "61571883997032",
                "count": 0
            },
            {
                "id": "61573833470614",
                "count": 0
            },
            {
                "id": "61571870848873",
                "count": 0
            },
            {
                "id": "61572956781810",
                "count": 0
            },
            {
                "id": "61573277567800",
                "count": 0
            },
            {
                "id": "61573424327728",
                "count": 0
            },
            {
                "id": "61573550682381",
                "count": 0
            },
            {
                "id": "61573951465792",
                "count": 0
            },
            {
                "id": "100004789564425",
                "count": 0
            },
            {
                "id": "61573608789444",
                "count": 0
            },
            {
                "id": "61550022879213",
                "count": 0
            },
            {
                "id": "61573762409144",
                "count": 0
            },
            {
                "id": "100010520705813",
                "count": 0
            },
            {
                "id": "61573592385914",
                "count": 0
            },
            {
                "id": "61573748466935",
                "count": 0
            },
            {
                "id": "61573812275901",
                "count": 0
            },
            {
                "id": "61573829674599",
                "count": 0
            },
            {
                "id": "61573722242233",
                "count": 0
            },
            {
                "id": "61572927983503",
                "count": 0
            },
            {
                "id": "61572992701940",
                "count": 0
            },
            {
                "id": "61573570097050",
                "count": 0
            },
            {
                "id": "61567518600863",
                "count": 0
            },
            {
                "id": "61559039261397",
                "count": 0
            },
            {
                "id": "61570184682257",
                "count": 0
            },
            {
                "id": "100042928552298",
                "count": 0
            },
            {
                "id": "61562057534672",
                "count": 0
            },
            {
                "id": "61568642931031",
                "count": 0
            },
            {
                "id": "61573691691519",
                "count": 0
            },
            {
                "id": "61573149028701",
                "count": 0
            },
            {
                "id": "61573785033240",
                "count": 0
            },
            {
                "id": "61573853434111",
                "count": 0
            },
            {
                "id": "61573902290489",
                "count": 0
            },
            {
                "id": "100000668036369",
                "count": 0
            },
            {
                "id": "61571119661943",
                "count": 0
            },
            {
                "id": "61573990976908",
                "count": 0
            },
            {
                "id": "100004764855006",
                "count": 0
            },
            {
                "id": "61573961398523",
                "count": 0
            },
            {
                "id": "61574053793858",
                "count": 0
            },
            {
                "id": "61560488200596",
                "count": 0
            },
            {
                "id": "61553037955561",
                "count": 0
            },
            {
                "id": "61570631626344",
                "count": 0
            },
            {
                "id": "61573904667062",
                "count": 0
            },
            {
                "id": "61555671868915",
                "count": 0
            },
            {
                "id": "100003532127581",
                "count": 0
            },
            {
                "id": "61573659100790",
                "count": 0
            },
            {
                "id": "100000271383071",
                "count": 0
            },
            {
                "id": "61573792595662",
                "count": 0
            },
            {
                "id": "61573370273940",
                "count": 0
            },
            {
                "id": "61573867048528",
                "count": 0
            },
            {
                "id": "61573647969842",
                "count": 0
            },
            {
                "id": "61563802028631",
                "count": 0
            },
            {
                "id": "61574011287787",
                "count": 0
            },
            {
                "id": "61573796648206",
                "count": 0
            },
            {
                "id": "100016830788715",
                "count": 0
            },
            {
                "id": "61564661465414",
                "count": 0
            },
            {
                "id": "61568524687017",
                "count": 0
            },
            {
                "id": "61563920802319",
                "count": 0
            },
            {
                "id": "100055259898924",
                "count": 0
            },
            {
                "id": "100000505207594",
                "count": 0
            },
            {
                "id": "100002053380446",
                "count": 0
            },
            {
                "id": "61555908730667",
                "count": 0
            },
            {
                "id": "61573161472302",
                "count": 0
            },
            {
                "id": "61572402492252",
                "count": 0
            },
            {
                "id": "61573172251954",
                "count": 0
            },
            {
                "id": "61572970472821",
                "count": 0
            },
            {
                "id": "61573512141662",
                "count": 0
            },
            {
                "id": "61573955610004",
                "count": 0
            },
            {
                "id": "100002751848876",
                "count": 0
            },
            {
                "id": "61574019356813",
                "count": 0
            },
            {
                "id": "61573881243728",
                "count": 0
            },
            {
                "id": "61557974905854",
                "count": 0
            },
            {
                "id": "100009066276944",
                "count": 0
            },
            {
                "id": "61573073554520",
                "count": 0
            },
            {
                "id": "100082550240081",
                "count": 0
            },
            {
                "id": "61574006910845",
                "count": 0
            },
            {
                "id": "61572863653978",
                "count": 0
            },
            {
                "id": "61570212971684",
                "count": 0
            },
            {
                "id": "61573739081522",
                "count": 0
            },
            {
                "id": "61573941245629",
                "count": 0
            },
            {
                "id": "61569808867170",
                "count": 0
            },
            {
                "id": "61571709073466",
                "count": 0
            },
            {
                "id": "61572634985245",
                "count": 0
            },
            {
                "id": "100088769345318",
                "count": 0
            },
            {
                "id": "61574209130699",
                "count": 0
            },
            {
                "id": "61573982464621",
                "count": 0
            },
            {
                "id": "61573767972860",
                "count": 0
            }
        ]
    }
}