{
    "total": [
        {
            "id": "61573160366558",
            "count": 0
        },
        {
            "id": "61573162954513",
            "count": 0
        },
        {
            "id": "61574041072333",
            "count": 0
        },
        {
            "id": "100023861407403",
            "count": 2
        },
        {
            "id": "100024564752598",
            "count": 0
        },
        {
            "id": "100030331840927",
            "count": 52
        },
        {
            "id": "61573955363710",
            "count": 0
        },
        {
            "id": "100007680794780",
            "count": 0
        },
        {
            "id": "100002884398544",
            "count": 2
        },
        {
            "id": "100029514072966",
            "count": 0
        },
        {
            "id": "61573424755426",
            "count": 0
        },
        {
            "id": "61573503437309",
            "count": 28
        },
        {
            "id": "61573461693229",
            "count": 153
        },
        {
            "id": "61572912061106",
            "count": 0
        },
        {
            "id": "61573103375726",
            "count": 2
        },
        {
            "id": "61573073533489",
            "count": 0
        },
        {
            "id": "61573349537002",
            "count": 164
        },
        {
            "id": "61573728273475",
            "count": 0
        },
        {
            "id": "61573402912677",
            "count": 0
        },
        {
            "id": "100000939076507",
            "count": 2
        },
        {
            "id": "61570063356115",
            "count": 0
        },
        {
            "id": "61564616142356",
            "count": 0
        },
        {
            "id": "100090194554662",
            "count": 0
        },
        {
            "id": "61574016530612",
            "count": 0
        },
        {
            "id": "100093440923797",
            "count": 0
        },
        {
            "id": "100016830788715",
            "count": 26
        },
        {
            "id": "61564702018103",
            "count": 0
        },
        {
            "id": "61573768379045",
            "count": 0
        },
        {
            "id": "100084330442442",
            "count": 4
        },
        {
            "id": "100000842512288",
            "count": 2
        },
        {
            "id": "61571896019394",
            "count": 0
        },
        {
            "id": "100000338016091",
            "count": 0
        },
        {
            "id": "61573641020790",
            "count": 0
        },
        {
            "id": "100006370537227",
            "count": 0
        },
        {
            "id": "100090343541442",
            "count": 4
        },
        {
            "id": "61573168966175",
            "count": 0
        },
        {
            "id": "61571061207868",
            "count": 26
        },
        {
            "id": "100085666955529",
            "count": 182
        },
        {
            "id": "61573866485008",
            "count": 2
        },
        {
            "id": "100095038462632",
            "count": 0
        },
        {
            "id": "61573059892092",
            "count": 0
        },
        {
            "id": "61573940065308",
            "count": 0
        },
        {
            "id": "61573601486766",
            "count": 0
        },
        {
            "id": "61552035715713",
            "count": 0
        },
        {
            "id": "61573389516523",
            "count": 0
        },
        {
            "id": "61573722242233",
            "count": 0
        },
        {
            "id": "100004242434996",
            "count": 22
        },
        {
            "id": "61573834771020",
            "count": 0
        },
        {
            "id": "61573905688752",
            "count": 0
        },
        {
            "id": "100048982846585",
            "count": 0
        },
        {
            "id": "61574100291617",
            "count": 0
        },
        {
            "id": "61573777314870",
            "count": 0
        },
        {
            "id": "61573862166297",
            "count": 0
        },
        {
            "id": "61573868345874",
            "count": 0
        },
        {
            "id": "61573593594682",
            "count": 0
        },
        {
            "id": "61573916759463",
            "count": 2
        },
        {
            "id": "100002751848876",
            "count": 19
        },
        {
            "id": "61555908730667",
            "count": 6
        },
        {
            "id": "61557974905854",
            "count": 52
        }
    ],
    "week": [
        {
            "id": "61573160366558",
            "count": 0
        },
        {
            "id": "61573162954513",
            "count": 0
        },
        {
            "id": "61574041072333",
            "count": 0
        },
        {
            "id": "100023861407403",
            "count": 2
        },
        {
            "id": "100024564752598",
            "count": 0
        },
        {
            "id": "100030331840927",
            "count": 52
        },
        {
            "id": "61573955363710",
            "count": 0
        },
        {
            "id": "100007680794780",
            "count": 0
        },
        {
            "id": "100002884398544",
            "count": 2
        },
        {
            "id": "100029514072966",
            "count": 0
        },
        {
            "id": "61573424755426",
            "count": 0
        },
        {
            "id": "61573503437309",
            "count": 28
        },
        {
            "id": "61573461693229",
            "count": 153
        },
        {
            "id": "61572912061106",
            "count": 0
        },
        {
            "id": "61573103375726",
            "count": 2
        },
        {
            "id": "61573073533489",
            "count": 0
        },
        {
            "id": "61573349537002",
            "count": 164
        },
        {
            "id": "61573728273475",
            "count": 0
        },
        {
            "id": "61573402912677",
            "count": 0
        },
        {
            "id": "100000939076507",
            "count": 2
        },
        {
            "id": "61570063356115",
            "count": 0
        },
        {
            "id": "61564616142356",
            "count": 0
        },
        {
            "id": "100090194554662",
            "count": 0
        },
        {
            "id": "61574016530612",
            "count": 0
        },
        {
            "id": "100093440923797",
            "count": 0
        },
        {
            "id": "100016830788715",
            "count": 26
        },
        {
            "id": "61564702018103",
            "count": 0
        },
        {
            "id": "61573768379045",
            "count": 0
        },
        {
            "id": "100084330442442",
            "count": 4
        },
        {
            "id": "100000842512288",
            "count": 2
        },
        {
            "id": "61571896019394",
            "count": 0
        },
        {
            "id": "100000338016091",
            "count": 0
        },
        {
            "id": "61573641020790",
            "count": 0
        },
        {
            "id": "100006370537227",
            "count": 0
        },
        {
            "id": "100090343541442",
            "count": 4
        },
        {
            "id": "61573168966175",
            "count": 0
        },
        {
            "id": "61571061207868",
            "count": 26
        },
        {
            "id": "100085666955529",
            "count": 182
        },
        {
            "id": "61573866485008",
            "count": 2
        },
        {
            "id": "100095038462632",
            "count": 0
        },
        {
            "id": "61573059892092",
            "count": 0
        },
        {
            "id": "61573940065308",
            "count": 0
        },
        {
            "id": "61573601486766",
            "count": 0
        },
        {
            "id": "61552035715713",
            "count": 0
        },
        {
            "id": "61573389516523",
            "count": 0
        },
        {
            "id": "61573722242233",
            "count": 0
        },
        {
            "id": "100004242434996",
            "count": 22
        },
        {
            "id": "61573834771020",
            "count": 0
        },
        {
            "id": "61573905688752",
            "count": 0
        },
        {
            "id": "100048982846585",
            "count": 0
        },
        {
            "id": "61574100291617",
            "count": 0
        },
        {
            "id": "61573777314870",
            "count": 0
        },
        {
            "id": "61573862166297",
            "count": 0
        },
        {
            "id": "61573868345874",
            "count": 0
        },
        {
            "id": "61573593594682",
            "count": 0
        },
        {
            "id": "61573916759463",
            "count": 2
        },
        {
            "id": "100002751848876",
            "count": 19
        },
        {
            "id": "61555908730667",
            "count": 6
        },
        {
            "id": "61557974905854",
            "count": 52
        }
    ],
    "day": [
        {
            "id": "61573160366558",
            "count": 0,
            "name": "ﷻزﻋﹻٰ۪۫ﹻﹻٰ۪۫ﹻﹻٰ۪۫ﹻﯿمﷻ ﻋﹻٰ۪۫ﹻﹻٰ۪۫ﹻﹻٰ۪۫ﹻﺼﭑبات ﷻﭑﻟﻔﯿﺴﺒﹻٰ۪۫ﹻﹻٰ۪۫ﹻﹻٰ۪۫ﹻٰﯚكﷻ"
        },
        {
            "id": "61573162954513",
            "count": 0,
            "name": "ﷻزﻋﹻٰ۪۫ﹻﹻٰ۪۫ﹻﹻٰ۪۫ﹻﯿمﷻ ﻟﻔﯿﺴﺒﹻٰ۪۫ﹻﹻٰ۪۫ﹻﹻٰ۪۫ﹻٰﯚكﷻ"
        },
        {
            "id": "61574041072333",
            "count": 0,
            "name": "ﷻزﻋﹻٰ۪۫ﹻﹻٰ۪۫ﹻﹻٰ۪۫ﹻﯿمﷻ ﻋﹻٰ۪۫ﹻﹻٰ۪۫ﹻﹻٰ۪۫ﹻﺼﭑباتﷻ ﭑﻟﻔﯿﺴﺒﹻٰ۪۫ﹻﹻٰ۪۫ﹻﹻٰ۪۫ﹻٰﯚكﷻ"
        },
        {
            "id": "100023861407403",
            "count": 2,
            "name": "Justcallme T. Mostik"
        },
        {
            "id": "100024564752598",
            "count": 0,
            "name": "ﷻزﻋﹻٰ۪۫ﹻﹻٰ۪۫ﹻﹻٰ۪۫ﹻﯿمﷻ ﻋﹻٰ۪۫ﹻﹻٰ۪۫ﹻﹻٰ۪۫ﹻﺼﭑباتﷻ ﭑﻟﻔﯿﺴﺒﹻٰ۪۫ﹻﹻٰ۪۫ﹻﹻٰ۪۫ﹻٰﯚكﷻ"
        },
        {
            "id": "100030331840927",
            "count": 0,
            "name": "مـﹻۥﯾﹷ۬ﹷۥﺰۉ مـﹻۥﺷۥﹷ۬ﻧقـة ﺂﻧﹻۥﹷ۬ﹷتـۥحٱل"
        },
        {
            "id": "61573955363710",
            "count": 0,
            "name": "هّيَـبًتٌکْمً تٌحًتٌ نِعٌـآلَ فُآرسِ بًوٌوٌسِعٌآآدٍيَ"
        },
        {
            "id": "100007680794780",
            "count": 0,
            "name": "ひ꯭遊. ΑყσυႦ くxɇ.ꜝ谷"
        },
        {
            "id": "100002884398544",
            "count": 0,
            "name": "ﭑﺂٕݪبۧٱﺂݛۢۅٚڼ ۦٰ۪ﮧۧۦ"
        },
        {
            "id": "100029514072966",
            "count": 0,
            "name": "ﭑﻧﺘﺣﺂݛ 'ﹺ مݪݪٰ٘'ﹺ ۦۦۦۦٰٰٖ"
        },
        {
            "id": "61573424755426",
            "count": 0,
            "name": "やꜝمـݛوان 〼ϰɭā.ꜛ"
        },
        {
            "id": "61573503437309",
            "count": 0,
            "name": "A'izne ۦ ۦۦヽ.N"
        },
        {
            "id": "61573461693229",
            "count": 153,
            "name": "吸.ꜤꜤꕤᎯᎻᎷᎬᎠ 〼巛〘爾ゑ"
        },
        {
            "id": "61572912061106",
            "count": 0,
            "name": "ɕ'ᵎʑཬ ꜝ䄟 ཬ ꜝ䄟Simoch"
        },
        {
            "id": "61573103375726",
            "count": 2,
            "name": "Iłあ命 豐࿐Ił ටිᎥfϴʋꜝ"
        },
        {
            "id": "61573073533489",
            "count": 0,
            "name": "Người dùng facebook"
        },
        {
            "id": "61573349537002",
            "count": 164,
            "name": "ﺳﹷٰﹻﻜﹻﯚﺑﹻړ ﹺ؍ۛ ﺳﹷٰﹻﻜﹻﯚﺑﹻړ ﹺ؍ۛ"
        },
        {
            "id": "61573728273475",
            "count": 0,
            "name": "ヾひ꯭遊Ayoub ぐ『ჸቶ豪』"
        },
        {
            "id": "61573402912677",
            "count": 0,
            "name": "ᏎᏫᏎ ᏮᏫᏮ"
        },
        {
            "id": "100000939076507",
            "count": 2,
            "name": "Mizu Nayli Hon"
        },
        {
            "id": "61570063356115",
            "count": 0,
            "name": "ဪဪဪဪဪဪဪဪဪဪဪဪဪဪဪဪဪဪဪ ဪဪဪဪဪဪဪဪဪဪဪဪဪဪဪဪဪဪဪ"
        },
        {
            "id": "61564616142356",
            "count": 0,
            "name": "ڪﹻۛٛﭥ؍ﹻۛٛﻳﹻﺑﹻﮭ ﺂﻧﹻۛٛ؍ﹻۛٛﺘﮭﹻۛٛﺂڪ"
        },
        {
            "id": "100090194554662",
            "count": 0,
            "name": "ﹾ٭ 'ﹾ٭ ڪاړلا 'ﮮ"
        },
        {
            "id": "61574016530612",
            "count": 0,
            "name": "ݪــٰٰٖڰوڜـٰٔيٰ ﯾڕڕڕپـــــٰٰٖٖڪ"
        },
        {
            "id": "100093440923797",
            "count": 0,
            "name": "AL EX"
        },
        {
            "id": "100016830788715",
            "count": 22,
            "name": "Zilar X-r"
        },
        {
            "id": "61564702018103",
            "count": 0,
            "name": "Sami X Sife"
        },
        {
            "id": "61573768379045",
            "count": 0
        },
        {
            "id": "100084330442442",
            "count": 4
        },
        {
            "id": "100000842512288",
            "count": 2
        },
        {
            "id": "61571896019394",
            "count": 0
        },
        {
            "id": "100000338016091",
            "count": 0
        },
        {
            "id": "61573641020790",
            "count": 0
        },
        {
            "id": "100006370537227",
            "count": 0
        },
        {
            "id": "100090343541442",
            "count": 4
        },
        {
            "id": "61573168966175",
            "count": 0
        },
        {
            "id": "61571061207868",
            "count": 26
        },
        {
            "id": "100085666955529",
            "count": 182
        },
        {
            "id": "61573866485008",
            "count": 2
        },
        {
            "id": "100095038462632",
            "count": 0
        },
        {
            "id": "61573059892092",
            "count": 0
        },
        {
            "id": "61573940065308",
            "count": 0
        },
        {
            "id": "61573601486766",
            "count": 0
        },
        {
            "id": "61552035715713",
            "count": 0
        },
        {
            "id": "61573389516523",
            "count": 0
        },
        {
            "id": "61573722242233",
            "count": 0
        },
        {
            "id": "100004242434996",
            "count": 22
        },
        {
            "id": "61573834771020",
            "count": 0
        },
        {
            "id": "61573905688752",
            "count": 0
        },
        {
            "id": "100048982846585",
            "count": 0
        },
        {
            "id": "61574100291617",
            "count": 0
        },
        {
            "id": "61573777314870",
            "count": 0
        },
        {
            "id": "61573862166297",
            "count": 0
        },
        {
            "id": "61573868345874",
            "count": 0
        },
        {
            "id": "61573593594682",
            "count": 0
        },
        {
            "id": "61573916759463",
            "count": 2
        },
        {
            "id": "100002751848876",
            "count": 19
        },
        {
            "id": "61555908730667",
            "count": 6
        },
        {
            "id": "61557974905854",
            "count": 52
        }
    ],
    "time": 3,
    "last": {
        "time": 6,
        "day": [
            {
                "id": "61573160366558",
                "count": 0
            },
            {
                "id": "61573162954513",
                "count": 0
            },
            {
                "id": "61574041072333",
                "count": 0
            },
            {
                "id": "100023861407403",
                "count": 0
            },
            {
                "id": "100024564752598",
                "count": 0
            },
            {
                "id": "100000338016091",
                "count": 0
            },
            {
                "id": "100030331840927",
                "count": 0
            },
            {
                "id": "61573955363710",
                "count": 0
            },
            {
                "id": "100003532127581",
                "count": 0
            },
            {
                "id": "100007680794780",
                "count": 0
            },
            {
                "id": "100002884398544",
                "count": 0
            },
            {
                "id": "100088432909482",
                "count": 0
            },
            {
                "id": "100029514072966",
                "count": 0
            },
            {
                "id": "61573459834511",
                "count": 0
            },
            {
                "id": "61572882214374",
                "count": 0
            },
            {
                "id": "61573424755426",
                "count": 0
            },
            {
                "id": "61573503437309",
                "count": 0
            },
            {
                "id": "61573461693229",
                "count": 0
            },
            {
                "id": "61572912061106",
                "count": 0
            },
            {
                "id": "100090068132401",
                "count": 0
            },
            {
                "id": "61573103375726",
                "count": 0
            },
            {
                "id": "61573073533489",
                "count": 0
            },
            {
                "id": "61573349537002",
                "count": 0
            },
            {
                "id": "61573728273475",
                "count": 0
            },
            {
                "id": "61573402912677",
                "count": 0
            },
            {
                "id": "100000939076507",
                "count": 0
            },
            {
                "id": "61570063356115",
                "count": 0
            },
            {
                "id": "61564616142356",
                "count": 0
            },
            {
                "id": "100090194554662",
                "count": 0
            },
            {
                "id": "61574016530612",
                "count": 0
            },
            {
                "id": "100093440923797",
                "count": 0
            },
            {
                "id": "61558533210764",
                "count": 0
            },
            {
                "id": "61573916759463",
                "count": 0
            },
            {
                "id": "100016830788715",
                "count": 0
            },
            {
                "id": "61564702018103",
                "count": 0
            },
            {
                "id": "61573768379045",
                "count": 0
            },
            {
                "id": "100084330442442",
                "count": 0
            },
            {
                "id": "100000842512288",
                "count": 0
            },
            {
                "id": "61571896019394",
                "count": 0
            },
            {
                "id": "61573156156593",
                "count": 0
            },
            {
                "id": "61573641020790",
                "count": 0
            },
            {
                "id": "61573818621206",
                "count": 0
            },
            {
                "id": "100006370537227",
                "count": 0
            },
            {
                "id": "100090343541442",
                "count": 0
            },
            {
                "id": "100002146376302",
                "count": 0
            },
            {
                "id": "61572954105751",
                "count": 0
            },
            {
                "id": "61573168966175",
                "count": 0
            },
            {
                "id": "61571061207868",
                "count": 0
            },
            {
                "id": "100085666955529",
                "count": 0
            },
            {
                "id": "61573629938217",
                "count": 0
            },
            {
                "id": "61573866485008",
                "count": 0
            },
            {
                "id": "100095038462632",
                "count": 0
            },
            {
                "id": "61573681320178",
                "count": 0
            },
            {
                "id": "61573134371256",
                "count": 0
            },
            {
                "id": "61558513839809",
                "count": 0
            },
            {
                "id": "61573045123707",
                "count": 0
            },
            {
                "id": "61573059892092",
                "count": 0
            },
            {
                "id": "61573709876752",
                "count": 0
            },
            {
                "id": "100093224344169",
                "count": 0
            },
            {
                "id": "100026741271982",
                "count": 0
            },
            {
                "id": "61573940065308",
                "count": 0
            },
            {
                "id": "61573601486766",
                "count": 0
            },
            {
                "id": "61571557663863",
                "count": 0
            },
            {
                "id": "61552035715713",
                "count": 0
            },
            {
                "id": "61573389516523",
                "count": 0
            },
            {
                "id": "61573722242233",
                "count": 0
            },
            {
                "id": "100004242434996",
                "count": 0
            },
            {
                "id": "61573228954164",
                "count": 0
            },
            {
                "id": "61572894219386",
                "count": 0
            },
            {
                "id": "61573834771020",
                "count": 0
            },
            {
                "id": "61573905688752",
                "count": 0
            },
            {
                "id": "100048982846585",
                "count": 0
            },
            {
                "id": "61574100291617",
                "count": 0
            },
            {
                "id": "61573777314870",
                "count": 0
            },
            {
                "id": "61573862166297",
                "count": 0
            },
            {
                "id": "61573868345874",
                "count": 0
            },
            {
                "id": "61573593594682",
                "count": 0
            },
            {
                "id": "61573731273782",
                "count": 0
            },
            {
                "id": "100002751848876",
                "count": 0
            },
            {
                "id": "61555908730667",
                "count": 0
            },
            {
                "id": "61557974905854",
                "count": 0
            }
        ],
        "week": [
            {
                "id": "61573160366558",
                "count": 0
            },
            {
                "id": "61573162954513",
                "count": 0
            },
            {
                "id": "61574041072333",
                "count": 0
            },
            {
                "id": "100023861407403",
                "count": 0
            },
            {
                "id": "100024564752598",
                "count": 0
            },
            {
                "id": "100000338016091",
                "count": 0
            },
            {
                "id": "100030331840927",
                "count": 0
            },
            {
                "id": "61573955363710",
                "count": 0
            },
            {
                "id": "100003532127581",
                "count": 0
            },
            {
                "id": "100007680794780",
                "count": 0
            },
            {
                "id": "100002884398544",
                "count": 0
            },
            {
                "id": "100088432909482",
                "count": 0
            },
            {
                "id": "100029514072966",
                "count": 0
            },
            {
                "id": "61573459834511",
                "count": 0
            },
            {
                "id": "61572882214374",
                "count": 0
            },
            {
                "id": "61573424755426",
                "count": 0
            },
            {
                "id": "61573503437309",
                "count": 0
            },
            {
                "id": "61573461693229",
                "count": 0
            },
            {
                "id": "61572912061106",
                "count": 0
            },
            {
                "id": "100090068132401",
                "count": 0
            },
            {
                "id": "61573103375726",
                "count": 0
            },
            {
                "id": "61573073533489",
                "count": 0
            },
            {
                "id": "61573349537002",
                "count": 0
            },
            {
                "id": "61573728273475",
                "count": 0
            },
            {
                "id": "61573402912677",
                "count": 0
            },
            {
                "id": "100000939076507",
                "count": 0
            },
            {
                "id": "61570063356115",
                "count": 0
            },
            {
                "id": "61564616142356",
                "count": 0
            },
            {
                "id": "100090194554662",
                "count": 0
            },
            {
                "id": "61574016530612",
                "count": 0
            },
            {
                "id": "100093440923797",
                "count": 0
            },
            {
                "id": "61558533210764",
                "count": 0
            },
            {
                "id": "61573916759463",
                "count": 0
            },
            {
                "id": "100016830788715",
                "count": 0
            },
            {
                "id": "61564702018103",
                "count": 0
            },
            {
                "id": "61573768379045",
                "count": 0
            },
            {
                "id": "100084330442442",
                "count": 0
            },
            {
                "id": "100000842512288",
                "count": 0
            },
            {
                "id": "61571896019394",
                "count": 0
            },
            {
                "id": "61573156156593",
                "count": 0
            },
            {
                "id": "61573641020790",
                "count": 0
            },
            {
                "id": "61573818621206",
                "count": 0
            },
            {
                "id": "100006370537227",
                "count": 0
            },
            {
                "id": "100090343541442",
                "count": 0
            },
            {
                "id": "100002146376302",
                "count": 0
            },
            {
                "id": "61572954105751",
                "count": 0
            },
            {
                "id": "61573168966175",
                "count": 0
            },
            {
                "id": "61571061207868",
                "count": 0
            },
            {
                "id": "100085666955529",
                "count": 0
            },
            {
                "id": "61573629938217",
                "count": 0
            },
            {
                "id": "61573866485008",
                "count": 0
            },
            {
                "id": "100095038462632",
                "count": 0
            },
            {
                "id": "61573681320178",
                "count": 0
            },
            {
                "id": "61573134371256",
                "count": 0
            },
            {
                "id": "61558513839809",
                "count": 0
            },
            {
                "id": "61573045123707",
                "count": 0
            },
            {
                "id": "61573059892092",
                "count": 0
            },
            {
                "id": "61573709876752",
                "count": 0
            },
            {
                "id": "100093224344169",
                "count": 0
            },
            {
                "id": "100026741271982",
                "count": 0
            },
            {
                "id": "61573940065308",
                "count": 0
            },
            {
                "id": "61573601486766",
                "count": 0
            },
            {
                "id": "61571557663863",
                "count": 0
            },
            {
                "id": "61552035715713",
                "count": 0
            },
            {
                "id": "61573389516523",
                "count": 0
            },
            {
                "id": "61573722242233",
                "count": 0
            },
            {
                "id": "100004242434996",
                "count": 0
            },
            {
                "id": "61573228954164",
                "count": 0
            },
            {
                "id": "61572894219386",
                "count": 0
            },
            {
                "id": "61573834771020",
                "count": 0
            },
            {
                "id": "61573905688752",
                "count": 0
            },
            {
                "id": "100048982846585",
                "count": 0
            },
            {
                "id": "61574100291617",
                "count": 0
            },
            {
                "id": "61573777314870",
                "count": 0
            },
            {
                "id": "61573862166297",
                "count": 0
            },
            {
                "id": "61573868345874",
                "count": 0
            },
            {
                "id": "61573593594682",
                "count": 0
            },
            {
                "id": "61573731273782",
                "count": 0
            },
            {
                "id": "100002751848876",
                "count": 0
            },
            {
                "id": "61555908730667",
                "count": 0
            },
            {
                "id": "61557974905854",
                "count": 0
            }
        ]
    }
}