{
    "total": [
        {
            "id": "61552563352480",
            "count": 0
        },
        {
            "id": "100085666955529",
            "count": 83
        },
        {
            "id": "61550266371531",
            "count": 0
        },
        {
            "id": "61551029666581",
            "count": 0
        },
        {
            "id": "100006370537227",
            "count": 0
        },
        {
            "id": "61554390921448",
            "count": 0
        },
        {
            "id": "61550824954878",
            "count": 0
        },
        {
            "id": "100084542798864",
            "count": 0
        },
        {
            "id": "100081658050408",
            "count": 0
        },
        {
            "id": "61563764183987",
            "count": 0
        },
        {
            "id": "61560961882596",
            "count": 0
        },
        {
            "id": "61553002824538",
            "count": 0
        },
        {
            "id": "61572131142727",
            "count": 0
        },
        {
            "id": "61562659416347",
            "count": 0
        },
        {
            "id": "61552040171471",
            "count": 0
        },
        {
            "id": "100093242905454",
            "count": 0
        },
        {
            "id": "100024001218518",
            "count": 0
        },
        {
            "id": "61568697236590",
            "count": 0
        },
        {
            "id": "61556632169272",
            "count": 0
        },
        {
            "id": "61567259723500",
            "count": 0
        },
        {
            "id": "61573094063993",
            "count": 0
        },
        {
            "id": "61554665381031",
            "count": 0
        },
        {
            "id": "61571970583135",
            "count": 0
        },
        {
            "id": "61565765742463",
            "count": 0
        },
        {
            "id": "61554338383568",
            "count": 0
        },
        {
            "id": "100085362944212",
            "count": 0
        },
        {
            "id": "100086925244324",
            "count": 0
        },
        {
            "id": "61550005340101",
            "count": 0
        },
        {
            "id": "100043678831024",
            "count": 0
        },
        {
            "id": "100005580036873",
            "count": 0
        },
        {
            "id": "61550806106272",
            "count": 0
        },
        {
            "id": "61572276963307",
            "count": 0
        },
        {
            "id": "100024086855183",
            "count": 0
        },
        {
            "id": "100087169519708",
            "count": 0
        },
        {
            "id": "61571833350495",
            "count": 0
        },
        {
            "id": "61573146426838",
            "count": 0
        },
        {
            "id": "61570939302160",
            "count": 0
        },
        {
            "id": "61571694697051",
            "count": 0
        },
        {
            "id": "61561865404494",
            "count": 0
        },
        {
            "id": "61566381961296",
            "count": 0
        },
        {
            "id": "100091521323859",
            "count": 0
        },
        {
            "id": "61558514946172",
            "count": 0
        },
        {
            "id": "61573157617875",
            "count": 0
        },
        {
            "id": "61565356780724",
            "count": 0
        },
        {
            "id": "61563330136386",
            "count": 0
        },
        {
            "id": "100073404949249",
            "count": 0
        },
        {
            "id": "100094209936267",
            "count": 0
        },
        {
            "id": "61557486913996",
            "count": 0
        },
        {
            "id": "61569708244893",
            "count": 0
        },
        {
            "id": "61551685062511",
            "count": 0
        },
        {
            "id": "100088432909482",
            "count": 0
        },
        {
            "id": "61573387240474",
            "count": 0
        },
        {
            "id": "61573937487715",
            "count": 0
        },
        {
            "id": "100068263080449",
            "count": 0
        },
        {
            "id": "61558053341159",
            "count": 0
        },
        {
            "id": "61552671255647",
            "count": 4
        },
        {
            "id": "61572663150151",
            "count": 0
        },
        {
            "id": "61565042711305",
            "count": 0
        },
        {
            "id": "100042472033793",
            "count": 0
        },
        {
            "id": "61550575423354",
            "count": 0
        },
        {
            "id": "100081110362447",
            "count": 0
        },
        {
            "id": "61564702018103",
            "count": 0
        }
    ],
    "week": [
        {
            "id": "61552563352480",
            "count": 0
        },
        {
            "id": "100085666955529",
            "count": 83
        },
        {
            "id": "61550266371531",
            "count": 0
        },
        {
            "id": "61551029666581",
            "count": 0
        },
        {
            "id": "100006370537227",
            "count": 0
        },
        {
            "id": "61554390921448",
            "count": 0
        },
        {
            "id": "61550824954878",
            "count": 0
        },
        {
            "id": "100084542798864",
            "count": 0
        },
        {
            "id": "100081658050408",
            "count": 0
        },
        {
            "id": "61563764183987",
            "count": 0
        },
        {
            "id": "61560961882596",
            "count": 0
        },
        {
            "id": "61553002824538",
            "count": 0
        },
        {
            "id": "61572131142727",
            "count": 0
        },
        {
            "id": "61562659416347",
            "count": 0
        },
        {
            "id": "61552040171471",
            "count": 0
        },
        {
            "id": "100093242905454",
            "count": 0
        },
        {
            "id": "100024001218518",
            "count": 0
        },
        {
            "id": "61568697236590",
            "count": 0
        },
        {
            "id": "61556632169272",
            "count": 0
        },
        {
            "id": "61567259723500",
            "count": 0
        },
        {
            "id": "61573094063993",
            "count": 0
        },
        {
            "id": "61554665381031",
            "count": 0
        },
        {
            "id": "61571970583135",
            "count": 0
        },
        {
            "id": "61565765742463",
            "count": 0
        },
        {
            "id": "61554338383568",
            "count": 0
        },
        {
            "id": "100085362944212",
            "count": 0
        },
        {
            "id": "100086925244324",
            "count": 0
        },
        {
            "id": "61550005340101",
            "count": 0
        },
        {
            "id": "100043678831024",
            "count": 0
        },
        {
            "id": "100005580036873",
            "count": 0
        },
        {
            "id": "61550806106272",
            "count": 0
        },
        {
            "id": "61572276963307",
            "count": 0
        },
        {
            "id": "100024086855183",
            "count": 0
        },
        {
            "id": "100087169519708",
            "count": 0
        },
        {
            "id": "61571833350495",
            "count": 0
        },
        {
            "id": "61573146426838",
            "count": 0
        },
        {
            "id": "61570939302160",
            "count": 0
        },
        {
            "id": "61571694697051",
            "count": 0
        },
        {
            "id": "61561865404494",
            "count": 0
        },
        {
            "id": "61566381961296",
            "count": 0
        },
        {
            "id": "100091521323859",
            "count": 0
        },
        {
            "id": "61558514946172",
            "count": 0
        },
        {
            "id": "61573157617875",
            "count": 0
        },
        {
            "id": "61565356780724",
            "count": 0
        },
        {
            "id": "61563330136386",
            "count": 0
        },
        {
            "id": "100073404949249",
            "count": 0
        },
        {
            "id": "100094209936267",
            "count": 0
        },
        {
            "id": "61557486913996",
            "count": 0
        },
        {
            "id": "61569708244893",
            "count": 0
        },
        {
            "id": "61551685062511",
            "count": 0
        },
        {
            "id": "100088432909482",
            "count": 0
        },
        {
            "id": "61573387240474",
            "count": 0
        },
        {
            "id": "61573937487715",
            "count": 0
        },
        {
            "id": "100068263080449",
            "count": 0
        },
        {
            "id": "61558053341159",
            "count": 0
        },
        {
            "id": "61552671255647",
            "count": 4
        },
        {
            "id": "61572663150151",
            "count": 0
        },
        {
            "id": "61565042711305",
            "count": 0
        },
        {
            "id": "100042472033793",
            "count": 0
        },
        {
            "id": "61550575423354",
            "count": 0
        },
        {
            "id": "100081110362447",
            "count": 0
        },
        {
            "id": "61564702018103",
            "count": 0
        }
    ],
    "day": [
        {
            "id": "61552563352480",
            "count": 0,
            "name": "Soobin"
        },
        {
            "id": "100085666955529",
            "count": 6,
            "name": "   souhaib Jr🦢🪼🪽🫎󱢏"
        },
        {
            "id": "61550266371531",
            "count": 0,
            "name": "ザ︱ SKORP ぐ〖ꜛՁՕՕᏎꜛ〗"
        },
        {
            "id": "61551029666581",
            "count": 0,
            "name": "Vtt Sirine Clqlfgaud-Lx"
        },
        {
            "id": "100006370537227",
            "count": 0,
            "name": "رابح 'ے"
        },
        {
            "id": "61554390921448",
            "count": 0,
            "name": "Mîlįnã Tnà"
        },
        {
            "id": "61550824954878",
            "count": 0,
            "name": "Hoda Maryola"
        },
        {
            "id": "100084542798864",
            "count": 0,
            "name": "Mërîëm Bë"
        },
        {
            "id": "100081658050408",
            "count": 0,
            "name": "Ines Ines"
        },
        {
            "id": "61563764183987",
            "count": 0,
            "name": "ٱٱٱ ياسمين"
        },
        {
            "id": "61560961882596",
            "count": 0,
            "name": "Ilee Il"
        },
        {
            "id": "61553002824538",
            "count": 0,
            "name": "Ãsmæ Bèn Ãït"
        },
        {
            "id": "61572131142727",
            "count": 0,
            "name": "Người dùng facebook"
        },
        {
            "id": "61562659416347",
            "count": 0,
            "name": "Lù Xūrä"
        },
        {
            "id": "61552040171471",
            "count": 0,
            "name": "Ritaj Ex"
        },
        {
            "id": "100093242905454",
            "count": 0,
            "name": "Nãrįman Rb"
        },
        {
            "id": "100024001218518",
            "count": 0,
            "name": "Sam Crus"
        },
        {
            "id": "61568697236590",
            "count": 0,
            "name": "ال 'فراشة 'ﮮ"
        },
        {
            "id": "61556632169272",
            "count": 0,
            "name": "WT.BRHIMO ꜝ䄟ꜝくる"
        },
        {
            "id": "61567259723500",
            "count": 0,
            "name": "ﷻﻣﹻ۬ﹻﹻ۬ﹻﺠﹻ۬ﹻﹻ۬ﹻﺮمةﷻ ﷻاﻟﻔﯿﺴﺒﹻٰ۪۫ﹻﹻٰ۪۫ﹻﹻٰ۪۫ﹻٰﯚكﷻ"
        },
        {
            "id": "61573094063993",
            "count": 0,
            "name": "La Na"
        },
        {
            "id": "61554665381031",
            "count": 0,
            "name": "Meelyy Xxa La"
        },
        {
            "id": "61571970583135",
            "count": 0,
            "name": "ۦۦۦۦۦۦۦۦۦۦ ۦۦۦۦۦۦۦۦۦۦ ۦۦۦۦۦۦۦۦۦۦ ۦۦۦۦۦۦۦۦۦۦ"
        },
        {
            "id": "61565765742463",
            "count": 0,
            "name": "Ash Lee"
        },
        {
            "id": "61554338383568",
            "count": 0,
            "name": "مہجہرمہهہ آلفہيہسہبہؤكہ"
        },
        {
            "id": "100085362944212",
            "count": 0,
            "name": "ﻋٰٖۧۥٰۣ۬ﺑٰٖۧۥٰۣ۬ﺪﯡٰٖۧڜٰٖ ﹺ؍ٖۛ-"
        },
        {
            "id": "100086925244324",
            "count": 0,
            "name": "ぷ くな"
        },
        {
            "id": "61550005340101",
            "count": 0,
            "name": "Rima Ait"
        },
        {
            "id": "100043678831024",
            "count": 0,
            "name": "M-x Abdou"
        },
        {
            "id": "100005580036873",
            "count": 0,
            "name": "ﻟﯾٰٖۧﭭﺂٰٖيٚ ﹺٰ؍"
        },
        {
            "id": "61550806106272",
            "count": 0,
            "name": "Èl Mæ"
        },
        {
            "id": "61572276963307",
            "count": 0,
            "name": "Tah Taha"
        },
        {
            "id": "100024086855183",
            "count": 0,
            "name": "ᎯᎻ. ᏁᎯᏚᎡᏫ"
        },
        {
            "id": "100087169519708",
            "count": 0,
            "name": "لنترڪ ٱثرا طيب 'ﮮ"
        },
        {
            "id": "61571833350495",
            "count": 0,
            "name": "Solo Solo"
        },
        {
            "id": "61573146426838",
            "count": 0,
            "name": "ۦۦۦۦۦۦۦۦۦۦ ۦۦۦۦۦۦۦۦۦۦ ۦۦۦۦۦۦۦۦۦۦ"
        },
        {
            "id": "61570939302160",
            "count": 0,
            "name": "ﷻ﴿ڪﹻ۬ﹻﹻ۬ﹻﹻ۬ﹻﹻ۬ﹻﭑﺂر ثہﹻ۬ﹻﹻ۬ﹻﹻ۬ﹻﹻ۬ﹻہة﴾ﷻ"
        },
        {
            "id": "61571694697051",
            "count": 0,
            "name": "ﹻﹻۣۗﹻۣۗﹻۣۗﹻ﴿ﷻ ﻋﹷۣۗﹷۣۗﹷﹷۣۗﹷۣۗﹷﺂﺷﹷۣۗﹷۣۗﹷق اﻟﹷۣۗﹷۣۗﹷﻤﹷۣۗﹷۣۗﹷﯚت ﷻ﴾ﹻۣۗﹻۣۗﹻۣۗﹻﭕ"
        },
        {
            "id": "61561865404494",
            "count": 0,
            "name": "Abdou Assase"
        },
        {
            "id": "61566381961296",
            "count": 0,
            "name": "ﭕﮨ﴿ۦۦۦ٭دلۂٰۣ۫وعۂٰۣ۫ۂٰۣ۫ة شۂٰۣ۫ۂٰۣ۫امۂٰۣ۫يۂٰۣ۫ة٭ۦۦۦ﴾ﭕ"
        },
        {
            "id": "100091521323859",
            "count": 0,
            "name": "φποιτς ψΣξτε"
        },
        {
            "id": "61558514946172",
            "count": 0,
            "name": "ۥٰۥٰ سڪرة 'ےۦٰ۪۫٭"
        },
        {
            "id": "61573157617875",
            "count": 0,
            "name": "ݛݛمۧشۧۿۃۧ ۦ٭۬ﮧ۬ﹾ"
        },
        {
            "id": "61565356780724",
            "count": 0,
            "name": "Lio Naa"
        },
        {
            "id": "61563330136386",
            "count": 0,
            "name": "Kévin O. Maram"
        },
        {
            "id": "100073404949249",
            "count": 0,
            "name": "Åń Ïš"
        },
        {
            "id": "100094209936267",
            "count": 0,
            "name": "ۦۦٰ۪۫ۦٰ۪۫ۦٰ۪۫ۦ ۦۦٰ۪۫ۦٰ۪۫ۦٰ۪۫ۦ ۦۦٰ۪۫ۦٰ۪۫ۦٰ۪۫ۦ"
        },
        {
            "id": "61557486913996",
            "count": 0,
            "name": "عاش الملك محمد السادس "
        },
        {
            "id": "61569708244893",
            "count": 0,
            "name": "الملك محمد السادس"
        },
        {
            "id": "61551685062511",
            "count": 0,
            "name": "محبي الملك محمد السادس"
        },
        {
            "id": "100088432909482",
            "count": 0,
            "name": "  Aziz Kadderi 🩵🫥👿🫨󱢏"
        },
        {
            "id": "61573387240474",
            "count": 0,
            "name": "بوت مادرا"
        },
        {
            "id": "61573937487715",
            "count": 0,
            "name": "شد منيطة جمهور شهد"
        },
        {
            "id": "100068263080449",
            "count": 0,
            "name": "This'is Yasmina X-Oil Damnh"
        },
        {
            "id": "61558053341159",
            "count": 0,
            "name": "あ䄟﹅ ᏞᏫᏞᏫ ぐ早なゞ"
        },
        {
            "id": "61552671255647",
            "count": 2,
            "name": "ヾꜝ.MOU SSA ꜝཬྀྀзз"
        },
        {
            "id": "61572663150151",
            "count": 0
        },
        {
            "id": "61565042711305",
            "count": 0
        },
        {
            "id": "100042472033793",
            "count": 0
        },
        {
            "id": "61550575423354",
            "count": 0
        },
        {
            "id": "100081110362447",
            "count": 0
        },
        {
            "id": "61564702018103",
            "count": 0
        }
    ],
    "time": 3,
    "last": {
        "time": 4,
        "day": [
            {
                "id": "61552563352480",
                "count": 0
            },
            {
                "id": "100085666955529",
                "count": 0
            },
            {
                "id": "61550266371531",
                "count": 0
            },
            {
                "id": "61551029666581",
                "count": 0
            },
            {
                "id": "100006370537227",
                "count": 0
            },
            {
                "id": "61558827050511",
                "count": 0
            },
            {
                "id": "61554390921448",
                "count": 0
            },
            {
                "id": "61550824954878",
                "count": 0
            },
            {
                "id": "100084542798864",
                "count": 0
            },
            {
                "id": "100081658050408",
                "count": 0
            },
            {
                "id": "61563764183987",
                "count": 0
            },
            {
                "id": "61560961882596",
                "count": 0
            },
            {
                "id": "61553002824538",
                "count": 0
            },
            {
                "id": "61572131142727",
                "count": 0
            },
            {
                "id": "61562659416347",
                "count": 0
            },
            {
                "id": "61552040171471",
                "count": 0
            },
            {
                "id": "100093242905454",
                "count": 0
            },
            {
                "id": "100024001218518",
                "count": 0
            },
            {
                "id": "61568697236590",
                "count": 0
            },
            {
                "id": "61556632169272",
                "count": 0
            },
            {
                "id": "61567259723500",
                "count": 0
            },
            {
                "id": "61573094063993",
                "count": 0
            },
            {
                "id": "61554665381031",
                "count": 0
            },
            {
                "id": "61571970583135",
                "count": 0
            },
            {
                "id": "61565765742463",
                "count": 0
            },
            {
                "id": "61571570693622",
                "count": 0
            },
            {
                "id": "61554338383568",
                "count": 0
            },
            {
                "id": "100085362944212",
                "count": 0
            },
            {
                "id": "61572874260921",
                "count": 0
            },
            {
                "id": "100086925244324",
                "count": 0
            },
            {
                "id": "61563750665459",
                "count": 0
            },
            {
                "id": "61550005340101",
                "count": 0
            },
            {
                "id": "100043678831024",
                "count": 0
            },
            {
                "id": "100005580036873",
                "count": 0
            },
            {
                "id": "100000876079126",
                "count": 0
            },
            {
                "id": "100088439151127",
                "count": 0
            },
            {
                "id": "61550806106272",
                "count": 0
            },
            {
                "id": "61572276963307",
                "count": 0
            },
            {
                "id": "100024086855183",
                "count": 0
            },
            {
                "id": "100087169519708",
                "count": 0
            },
            {
                "id": "61571833350495",
                "count": 0
            },
            {
                "id": "61573146426838",
                "count": 0
            },
            {
                "id": "61570939302160",
                "count": 0
            },
            {
                "id": "61568348200317",
                "count": 0
            },
            {
                "id": "61571694697051",
                "count": 0
            },
            {
                "id": "61572781790305",
                "count": 0
            },
            {
                "id": "61573434481138",
                "count": 0
            },
            {
                "id": "61561865404494",
                "count": 0
            },
            {
                "id": "61566381961296",
                "count": 0
            },
            {
                "id": "100091521323859",
                "count": 0
            },
            {
                "id": "61558514946172",
                "count": 0
            },
            {
                "id": "61573157617875",
                "count": 0
            },
            {
                "id": "61565356780724",
                "count": 0
            },
            {
                "id": "61563330136386",
                "count": 0
            },
            {
                "id": "100003935237419",
                "count": 0
            },
            {
                "id": "100073404949249",
                "count": 0
            },
            {
                "id": "100081764646898",
                "count": 0
            },
            {
                "id": "100094209936267",
                "count": 0
            },
            {
                "id": "61573935741488",
                "count": 0
            },
            {
                "id": "61557486913996",
                "count": 0
            },
            {
                "id": "61569708244893",
                "count": 0
            },
            {
                "id": "61551685062511",
                "count": 0
            },
            {
                "id": "100088432909482",
                "count": 0
            },
            {
                "id": "61573387240474",
                "count": 0
            },
            {
                "id": "61573937487715",
                "count": 0
            },
            {
                "id": "61573010318566",
                "count": 0
            },
            {
                "id": "100068263080449",
                "count": 0
            },
            {
                "id": "61558053341159",
                "count": 0
            },
            {
                "id": "61552671255647",
                "count": 0
            },
            {
                "id": "61558020874632",
                "count": 0
            },
            {
                "id": "61557386863307",
                "count": 0
            },
            {
                "id": "100078059832804",
                "count": 0
            },
            {
                "id": "100078336284991",
                "count": 0
            },
            {
                "id": "61572663150151",
                "count": 0
            },
            {
                "id": "61565042711305",
                "count": 0
            },
            {
                "id": "100042472033793",
                "count": 0
            },
            {
                "id": "61550575423354",
                "count": 0
            },
            {
                "id": "100081110362447",
                "count": 0
            },
            {
                "id": "61564702018103",
                "count": 0
            }
        ],
        "week": [
            {
                "id": "61552563352480",
                "count": 0
            },
            {
                "id": "100085666955529",
                "count": 0
            },
            {
                "id": "61550266371531",
                "count": 0
            },
            {
                "id": "61551029666581",
                "count": 0
            },
            {
                "id": "100006370537227",
                "count": 0
            },
            {
                "id": "61558827050511",
                "count": 0
            },
            {
                "id": "61554390921448",
                "count": 0
            },
            {
                "id": "61550824954878",
                "count": 0
            },
            {
                "id": "100084542798864",
                "count": 0
            },
            {
                "id": "100081658050408",
                "count": 0
            },
            {
                "id": "61563764183987",
                "count": 0
            },
            {
                "id": "61560961882596",
                "count": 0
            },
            {
                "id": "61553002824538",
                "count": 0
            },
            {
                "id": "61572131142727",
                "count": 0
            },
            {
                "id": "61562659416347",
                "count": 0
            },
            {
                "id": "61552040171471",
                "count": 0
            },
            {
                "id": "100093242905454",
                "count": 0
            },
            {
                "id": "100024001218518",
                "count": 0
            },
            {
                "id": "61568697236590",
                "count": 0
            },
            {
                "id": "61556632169272",
                "count": 0
            },
            {
                "id": "61567259723500",
                "count": 0
            },
            {
                "id": "61573094063993",
                "count": 0
            },
            {
                "id": "61554665381031",
                "count": 0
            },
            {
                "id": "61571970583135",
                "count": 0
            },
            {
                "id": "61565765742463",
                "count": 0
            },
            {
                "id": "61571570693622",
                "count": 0
            },
            {
                "id": "61554338383568",
                "count": 0
            },
            {
                "id": "100085362944212",
                "count": 0
            },
            {
                "id": "61572874260921",
                "count": 0
            },
            {
                "id": "100086925244324",
                "count": 0
            },
            {
                "id": "61563750665459",
                "count": 0
            },
            {
                "id": "61550005340101",
                "count": 0
            },
            {
                "id": "100043678831024",
                "count": 0
            },
            {
                "id": "100005580036873",
                "count": 0
            },
            {
                "id": "100000876079126",
                "count": 0
            },
            {
                "id": "100088439151127",
                "count": 0
            },
            {
                "id": "61550806106272",
                "count": 0
            },
            {
                "id": "61572276963307",
                "count": 0
            },
            {
                "id": "100024086855183",
                "count": 0
            },
            {
                "id": "100087169519708",
                "count": 0
            },
            {
                "id": "61571833350495",
                "count": 0
            },
            {
                "id": "61573146426838",
                "count": 0
            },
            {
                "id": "61570939302160",
                "count": 0
            },
            {
                "id": "61568348200317",
                "count": 0
            },
            {
                "id": "61571694697051",
                "count": 0
            },
            {
                "id": "61572781790305",
                "count": 0
            },
            {
                "id": "61573434481138",
                "count": 0
            },
            {
                "id": "61561865404494",
                "count": 0
            },
            {
                "id": "61566381961296",
                "count": 0
            },
            {
                "id": "100091521323859",
                "count": 0
            },
            {
                "id": "61558514946172",
                "count": 0
            },
            {
                "id": "61573157617875",
                "count": 0
            },
            {
                "id": "61565356780724",
                "count": 0
            },
            {
                "id": "61563330136386",
                "count": 0
            },
            {
                "id": "100003935237419",
                "count": 0
            },
            {
                "id": "100073404949249",
                "count": 0
            },
            {
                "id": "100081764646898",
                "count": 0
            },
            {
                "id": "100094209936267",
                "count": 0
            },
            {
                "id": "61573935741488",
                "count": 0
            },
            {
                "id": "61557486913996",
                "count": 0
            },
            {
                "id": "61569708244893",
                "count": 0
            },
            {
                "id": "61551685062511",
                "count": 0
            },
            {
                "id": "100088432909482",
                "count": 0
            },
            {
                "id": "61573387240474",
                "count": 0
            },
            {
                "id": "61573937487715",
                "count": 0
            },
            {
                "id": "61573010318566",
                "count": 0
            },
            {
                "id": "100068263080449",
                "count": 0
            },
            {
                "id": "61558053341159",
                "count": 0
            },
            {
                "id": "61552671255647",
                "count": 0
            },
            {
                "id": "61558020874632",
                "count": 0
            },
            {
                "id": "61557386863307",
                "count": 0
            },
            {
                "id": "100078059832804",
                "count": 0
            },
            {
                "id": "100078336284991",
                "count": 0
            },
            {
                "id": "61572663150151",
                "count": 0
            },
            {
                "id": "61565042711305",
                "count": 0
            },
            {
                "id": "100042472033793",
                "count": 0
            },
            {
                "id": "61550575423354",
                "count": 0
            },
            {
                "id": "100081110362447",
                "count": 0
            },
            {
                "id": "61564702018103",
                "count": 0
            }
        ]
    }
}