{
  "6438348046214987": {
    "namebox": "Newbie running bot | 2",
    "status": false
  },
  "6744060619034802": {
    "namebox": "ᴅɪᴠɪᴅᴇ ᴀɴᴅ ᴄᴏɴǫᴜᴇʀ ⁰⁷⁰⁷²³",
    "status": true
  },
  "4435255279905661": {
    "namebox": "🐾 𝑯𝑻𝑳 • 𝑯𝑨𝑪 𝑻𝑯𝑰𝑬𝑵 𝑲𝑼 🐾",
    "status": true
  },
  "6696710200414251": {
    "namebox": "Support, Test bot chat👾",
    "status": true
  },
  "24290150107267508": {
    "namebox": "bbmxh của hq 🥨",
    "status": true
  },
  "6419153621441235": {
    "namebox": ",",
    "status": true
  },
  "6998223250214714": {
    "namebox": "k",
    "status": false
  },
  "24239177229030236": {
    "namebox": null,
    "status": true
  },
  "23988531660791634": {
    "namebox": "☪.ℬᎯᏆᏆℒℰℛЅ",
    "status": true
  },
  "4463921930328788": {
    "namebox": "| 𝟏 |👑✨••𝐓𝐑𝐔̀𝐌 𝐌𝐀𝐅𝐈𝐀➳𝑻𝑴𝑭✿࿐••👑✨𝟮𝟳.𝟬𝟳.𝟮𝟬𝟮𝟭✨ 3 NĂM THẲNG TIẾN 🤡",
    "status": true
  },
  "6158569510938675": {
    "namebox": "Pink Panthers",
    "status": true
  },
  "7756585244415391": {
    "namebox": "Soul Takers arena of valor",
    "status": true
  },
  "4908518719226096": {
    "namebox": "#🍰𝐘𝐮𝐫𝐢_𝐭𝐞𝐚𝐦🐰🍰[180M]⇌#𝐎𝐫𝐫𝐞𝐧💐[36M]⇌#𝐖𝐱🍡[426M]",
    "status": true
  },
  "7279111238794511": {
    "namebox": "cn chố nhi",
    "status": true
  },
  "6830908386988312": {
    "namebox": ".",
    "status": true
  },
  "5644017988950410": {
    "namebox": "chuyển nhà=)))",
    "status": true
  },
  "6982932325086038": {
    "namebox": "NOTI TRONG PHẦN ẢNH",
    "status": true
  },
  "7978051062222740": {
    "namebox": null,
    "status": false
  },
  "6652265881471462": {
    "namebox": "PevPc NetWork",
    "status": true
  },
  "6272884602803031": {
    "namebox": "『Genshin Impact』",
    "status": true
  },
  "7102222933173600": {
    "namebox": "P̴̛͛̄̏̋̌̋̌͊̍̀̊̿̂̉̚̕͝­̛͑̉̆̍̔͐̌̐͊͒̏͐̏͛̌̌̆͝͝­̂̅̏͐͛̈́̋̏̃̑͋̋̀̈́̓̋̓̍̉̚­̛̂̓͋̓̉͑͒̅̎͛̊̽̅̈́͗̌͊̎͝­͐̍̒̈̄̄̈́̅̔̏͌͐̈͝͠áa",
    "status": false
  },
  "6878534095548019": {
    "namebox": "Chat Bot Community",
    "status": true
  },
  "7192805160847699": {
    "namebox": null,
    "status": true
  },
  "7295118980595323": {
    "namebox": "𝐁𝐋𝐔𝐄 𝐋𝐂",
    "status": true
  },
  "8146034048744383": {
    "namebox": "newbox me @Ng Ngọc Nhi",
    "status": true
  },
  "25184113827899832": {
    "namebox": "Gia Đình Kiểu Mẫu💅",
    "status": true
  },
  "6834871869889629": {
    "namebox": "PRIVATE.COM",
    "status": true
  },
  "7319747281396701": {
    "namebox": "𝐆𝐞𝐧𝐙 𝐃𝐚 𝐓𝐚̀𝐢",
    "status": true
  },
  "7269231063139981": {
    "namebox": "Từ Ghét Thành Yew🫰🏻",
    "status": true
  },
  "7413168302137025": {
    "namebox": "2S GỜ PÊ 🐧🐧🐧",
    "status": true
  },
  "24040188852263020": {
    "namebox": "Hội Thánh Đức Chúa Trời 👑",
    "status": true
  },
  "24878713961777078": {
    "namebox": "🧚🏿Oi Oi Oi 🧚🏿",
    "status": true
  },
  "7295941567161621": {
    "namebox": "Whitexsback",
    "status": true
  },
  "6156491741084969": {
    "namebox": "TN Đ.Cổ",
    "status": true
  },
  "25687056520907661": {
    "namebox": "box 👍",
    "status": true
  },
  "24201469499440179": {
    "namebox": "db:25/8 | Haikyuu 💕",
    "status": true
  },
  "7598638756849202": {
    "namebox": null,
    "status": true
  },
  "7957293220955845": {
    "namebox": "box Kiểm Ny 💞(Bff)",
    "status": true
  },
  "6934410079932080": {
    "namebox": "🐣ྀི DuckLucci🐣ྀི",
    "status": true
  },
  "7184831811639527": {
    "namebox": null,
    "status": true
  },
  "7231570333619708": {
    "namebox": "Đại Gia Tộc 5.0",
    "status": true
  },
  "8166717366672299": {
    "namebox": null,
    "status": true
  },
  "7296881990372049": {
    "namebox": "ghép gì v",
    "status": false
  },
  "7964263690253708": {
    "namebox": "AAAㅤACADEMY  (ID : 3054411601 ) 36/40",
    "status": true
  },
  "7291811037565765": {
    "namebox": "Dragon Team",
    "status": true
  },
  "7020509381372609": {
    "namebox": "💤💤💤",
    "status": true
  },
  "4239680622779154": {
    "namebox": "⚔️𝕲𝖊𝖓𝖙𝖑𝖊 𝕻𝖑𝖆𝖞𝖊𝖗𝖘⚔️",
    "status": true
  },
  "6473393676106835": {
    "namebox": "chạm đáy nỗi đau 💔(2day kh tt=kick)",
    "status": false
  },
  "7649409431790060": {
    "namebox": "Box All Star Tower Defense",
    "status": true
  },
  "25328712490109473": {
    "namebox": null,
    "status": false
  },
  "6252480631521865": {
    "namebox": "Nạn đói setlove AOV",
    "status": false
  },
  "6844164162326193": {
    "namebox": "🌷Anh Co Yeu Em Khong?",
    "status": true
  },
  "6613356208681289": {
    "namebox": "💤",
    "status": true
  },
  "5817083795019649": {
    "namebox": "𝘾𝙡𝙖𝙣 𝙁𝙖𝙢𝙞𝙡𝙮𝘿𝙤𝙣𝙪𝙩𝙨🎀",
    "status": true
  },
  "26385242291062841": {
    "namebox": "kskd",
    "status": true
  },
  "9365138746911744": {
    "namebox": null,
    "status": true
  },
  "9813515181994572": {
    "namebox": ".",
    "status": false
  },
  "9956010041080014": {
    "namebox": "خالتي ملخيييࢪ🙂 ♡",
    "status": true
  },
  "9364831586910767": {
    "namebox": "معاهم صهيب جلفاوي ماما تحب زب ميزوش لوحش🥺",
    "status": true
  },
  "9514210408623906": {
    "namebox": "كلافي نطي برفي صارة",
    "status": false
  },
  "9902007916494086": {
    "namebox": "انا عبدو بليدي نيك. عذبني سيمو بسكري 💋😹☹️",
    "status": true
  },
  "8999670923434903": {
    "namebox": "شيڪـــــــــــوڕ سوتــــــــــاعموڪ اسامة تيبازي ↫『🚸❄』.... ↷❦↶",
    "status": true
  },
  "10041165802579860": {
    "namebox": "↫✰ ❲  ڪبيࢪكم سيمو وهࢪاني 🥺🫎🪇❳ ➠",
    "status": true
  },
  "9257200964399969": {
    "namebox": "↫✰ ❲  ڪبيࢪكم سيمو وهࢪاني 🥺🫎🪇❳ ➠",
    "status": true
  },
  "8568631439904877": {
    "namebox": "متتتت عذبتكم يعططط😹😻💋",
    "status": true
  },
  "25881350721510200": {
    "namebox": "انا ماميدو جيجلي نشم زب ادم لعباسي ولله😿💋",
    "status": true
  },
  "9349051365208754": {
    "namebox": "معاكم موح وهراني ناكني وحشكم ادم لعباسي تهلاو😿💋",
    "status": true
  },
  "9127449330665936": {
    "namebox": "❤❤❤❤",
    "status": true
  },
  "9686974951333194": {
    "namebox": "💕🦋الحمدلله🦋💕",
    "status": true
  },
  "9647702875259961": {
    "namebox": "مـعتآزل لمـووهہ‏‏ــيـﮯب مـيـﮯزوش نآآيــﮯلي🦅🚸",
    "status": false
  },
  "9464414593641914": {
    "namebox": "⌯🪶 ⌯ ⇣: 決定 „🪽",
    "status": true
  },
  "7582771958514747": {
    "namebox": null,
    "status": true
  },
  "9011099198902825": {
    "namebox": "ՁՕՁち",
    "status": true
  },
  "9147519638702864": {
    "namebox": "استغفر الله العظيم واتوب إليه  توبو",
    "status": true
  },
  "9441344345960378": {
    "namebox": "معاكم موح وهراني ناكني وحشكم ادم لعباسي تهلاو😿💋",
    "status": true
  },
  "28779796194969072": {
    "namebox": "معاكم موح وهراني ناكني وحشكم ادم لعباسي تهلاو😿💋",
    "status": true
  },
  "8050640091727561": {
    "namebox": "𓄂ᬼ𓆃𓅇꙰᭄⍣⃝    GROUP 💗𓄂ᬼ𓆃⇑⇓",
    "status": true
  },
  "28621352310812626": {
    "namebox": "‌🇧‌🇦‌🇩 𝐋𝐈𝐕𝐄🫨🇩🇿",
    "status": true
  },
  "23883908671210197": {
    "namebox": "ࢪمـضـاטּ ڪـࢪيـم🌙⭐",
    "status": true
  },
  "9210401629012778": {
    "namebox": null,
    "status": true
  },
  "9260123530764217": {
    "namebox": "لينة شدي مونتك دا بب منزيدش ندخلو نلغم لخر",
    "status": true
  },
  "9289152591200064": {
    "namebox": "انا حمزة مسيلي شيكوري جليل عباسي 🥺💋",
    "status": true
  },
  "9392973080817081": {
    "namebox": "..",
    "status": true
  },
  "9234147560011128": {
    "namebox": null,
    "status": true
  },
  "10043725538993367": {
    "namebox": null,
    "status": true
  },
  "8849059225199500": {
    "namebox": "زت اداة بريفي سيمو ني سامة",
    "status": false
  },
  "23867819316153698": {
    "namebox": "⎔🔥 𝙎𝙏𝘼𝘾𝙆𝙀𝘿 🔥⎔",
    "status": true
  },
  "9712148935474792": {
    "namebox": "⫷⦓ 👿𝙏𝙀𝘼𝙈 𝘿𝙀𝙑 👿 ⦔⫸",
    "status": true
  },
  "9145988225511615": {
    "namebox": "َ",
    "status": true
  },
  "29221962244083923": {
    "namebox": "",
    "status": false
  },
  "9043209625801548": {
    "namebox": null,
    "status": true
  }
}